rm -rf defines.v
touch defines.v
for x in ; do echo '`define' $x >> defines.v; done
echo "create_project -force -part xcvu3p-ffvc1517-2-e fpga" > create_project.tcl
echo "add_files -fileset sources_1 defines.v ../rtl/fpga.v ../rtl/fpga_core.v ../rtl/debounce_switch.v ../rtl/sync_signal.v ../rtl/common/mqnic_core_pcie_us.v ../rtl/common/mqnic_core_pcie.v ../rtl/common/mqnic_core.v ../rtl/common/mqnic_dram_if.v ../rtl/common/mqnic_interface.v ../rtl/common/mqnic_interface_tx.v ../rtl/common/mqnic_interface_rx.v ../rtl/common/mqnic_port.v ../rtl/common/mqnic_port_tx.v ../rtl/common/mqnic_port_rx.v ../rtl/common/mqnic_egress.v ../rtl/common/mqnic_ingress.v ../rtl/common/mqnic_l2_egress.v ../rtl/common/mqnic_l2_ingress.v ../rtl/common/mqnic_rx_queue_map.v ../rtl/common/mqnic_ptp.v ../rtl/common/mqnic_ptp_clock.v ../rtl/common/mqnic_ptp_perout.v ../rtl/common/mqnic_rb_clk_info.v ../rtl/common/mqnic_port_map_phy_xgmii.v ../rtl/common/cpl_write.v ../rtl/common/cpl_op_mux.v ../rtl/common/desc_fetch.v ../rtl/common/desc_op_mux.v ../rtl/common/queue_manager.v ../rtl/common/cpl_queue_manager.v ../rtl/common/tx_fifo.v ../rtl/common/rx_fifo.v ../rtl/common/tx_req_mux.v ../rtl/common/tx_engine.v ../rtl/common/rx_engine.v ../rtl/common/tx_checksum.v ../rtl/common/rx_hash.v ../rtl/common/rx_checksum.v ../rtl/common/rb_drp.v ../rtl/common/eth_xcvr_phy_10g_gty_wrapper.v ../rtl/common/eth_xcvr_phy_10g_gty_quad_wrapper.v ../rtl/common/stats_counter.v ../rtl/common/stats_collect.v ../rtl/common/stats_pcie_if.v ../rtl/common/stats_pcie_tlp.v ../rtl/common/stats_dma_if_pcie.v ../rtl/common/stats_dma_latency.v ../rtl/common/mqnic_tx_scheduler_block_rr.v ../rtl/common/tx_scheduler_rr.v ../rtl/common/tdma_scheduler.v ../rtl/common/tdma_ber.v ../rtl/common/tdma_ber_ch.v ../rtl/common/i2c_single_reg.v ../lib/eth/rtl/eth_mac_10g.v ../lib/eth/rtl/axis_xgmii_rx_64.v ../lib/eth/rtl/axis_xgmii_tx_64.v ../lib/eth/rtl/mac_ctrl_rx.v ../lib/eth/rtl/mac_ctrl_tx.v ../lib/eth/rtl/mac_pause_ctrl_rx.v ../lib/eth/rtl/mac_pause_ctrl_tx.v ../lib/eth/rtl/eth_phy_10g.v ../lib/eth/rtl/eth_phy_10g_rx.v ../lib/eth/rtl/eth_phy_10g_rx_if.v ../lib/eth/rtl/eth_phy_10g_rx_frame_sync.v ../lib/eth/rtl/eth_phy_10g_rx_ber_mon.v ../lib/eth/rtl/eth_phy_10g_rx_watchdog.v ../lib/eth/rtl/eth_phy_10g_tx.v ../lib/eth/rtl/eth_phy_10g_tx_if.v ../lib/eth/rtl/xgmii_baser_dec_64.v ../lib/eth/rtl/xgmii_baser_enc_64.v ../lib/eth/rtl/lfsr.v ../lib/eth/rtl/ptp_td_phc.v ../lib/eth/rtl/ptp_td_leaf.v ../lib/eth/rtl/ptp_perout.v ../lib/axi/rtl/axil_interconnect.v ../lib/axi/rtl/axil_crossbar.v ../lib/axi/rtl/axil_crossbar_addr.v ../lib/axi/rtl/axil_crossbar_rd.v ../lib/axi/rtl/axil_crossbar_wr.v ../lib/axi/rtl/axil_reg_if.v ../lib/axi/rtl/axil_reg_if_rd.v ../lib/axi/rtl/axil_reg_if_wr.v ../lib/axi/rtl/axil_register_rd.v ../lib/axi/rtl/axil_register_wr.v ../lib/axi/rtl/arbiter.v ../lib/axi/rtl/priority_encoder.v ../lib/axis/rtl/axis_adapter.v ../lib/axis/rtl/axis_arb_mux.v ../lib/axis/rtl/axis_async_fifo.v ../lib/axis/rtl/axis_async_fifo_adapter.v ../lib/axis/rtl/axis_demux.v ../lib/axis/rtl/axis_fifo.v ../lib/axis/rtl/axis_fifo_adapter.v ../lib/axis/rtl/axis_pipeline_fifo.v ../lib/axis/rtl/axis_register.v ../lib/axis/rtl/sync_reset.v ../lib/pcie/rtl/pcie_axil_master.v ../lib/pcie/rtl/pcie_tlp_demux.v ../lib/pcie/rtl/pcie_tlp_demux_bar.v ../lib/pcie/rtl/pcie_tlp_mux.v ../lib/pcie/rtl/pcie_tlp_fifo.v ../lib/pcie/rtl/pcie_tlp_fifo_raw.v ../lib/pcie/rtl/pcie_msix.v ../lib/pcie/rtl/irq_rate_limit.v ../lib/pcie/rtl/dma_if_pcie.v ../lib/pcie/rtl/dma_if_pcie_rd.v ../lib/pcie/rtl/dma_if_pcie_wr.v ../lib/pcie/rtl/dma_if_mux.v ../lib/pcie/rtl/dma_if_mux_rd.v ../lib/pcie/rtl/dma_if_mux_wr.v ../lib/pcie/rtl/dma_if_desc_mux.v ../lib/pcie/rtl/dma_ram_demux_rd.v ../lib/pcie/rtl/dma_ram_demux_wr.v ../lib/pcie/rtl/dma_psdpram.v ../lib/pcie/rtl/dma_client_axis_sink.v ../lib/pcie/rtl/dma_client_axis_source.v ../lib/pcie/rtl/pcie_us_if.v ../lib/pcie/rtl/pcie_us_if_rc.v ../lib/pcie/rtl/pcie_us_if_rq.v ../lib/pcie/rtl/pcie_us_if_cc.v ../lib/pcie/rtl/pcie_us_if_cq.v ../lib/pcie/rtl/pcie_us_cfg.v ../lib/pcie/rtl/pulse_merge.v" >> create_project.tcl
echo "set_property top fpga [current_fileset]" >> create_project.tcl
echo "add_files -fileset constrs_1 ../fpga.xdc ../placement.xdc ../boot.xdc ../lib/axis/syn/vivado/axis_async_fifo.tcl ../lib/axis/syn/vivado/sync_reset.tcl ../lib/eth/syn/vivado/ptp_td_leaf.tcl ../../../../common/syn/vivado/mqnic_port.tcl ../../../../common/syn/vivado/mqnic_ptp_clock.tcl ../../../../common/syn/vivado/mqnic_rb_clk_info.tcl ../../../../common/syn/vivado/rb_drp.tcl ../../../../common/syn/vivado/eth_xcvr_phy_10g_gty_wrapper.tcl ../../../../common/syn/vivado/tdma_ber_ch.tcl" >> create_project.tcl
for x in ; do echo "import_ip $x" >> create_project.tcl; done
for x in ../ip/pcie4_uscale_plus_0.tcl ../ip/eth_xcvr_gty.tcl; do echo "source $x" >> create_project.tcl; done
for x in ./config.tcl; do echo "source $x" >> create_project.tcl; done
echo "open_project -quiet fpga.xpr" > update_config.tcl
for x in ./config.tcl; do echo "source $x" >> update_config.tcl; done
vivado -nojournal -nolog -mode batch -source create_project.tcl -source update_config.tcl
INFO: [Common 17-3922] A valid Vivado Design Suite ENTERPRISE license has been detected. Your current license is active and will expire on 20-nov-2026.

****** Vivado v2026.1 (64-bit)
  **** SW Build 6511674 on Tue Jun 16 11:01:26 MDT 2026
  **** IP Build 6504888 on Tue Jun 09 09:05:25 MDT 2026
  **** SharedData Build 6501428 on Mon Jun 08 17:34:18 MDT 2026
  **** Start of session at: Wed Sep 30 21:08:52 2026
    ** Copyright 1986-2022 Xilinx, Inc. All Rights Reserved.
    ** Copyright 2022-2026 Advanced Micro Devices, Inc. All Rights Reserved.

source create_project.tcl
# create_project -force -part xcvu3p-ffvc1517-2-e fpga
# add_files -fileset sources_1 defines.v ../rtl/fpga.v ../rtl/fpga_core.v ../rtl/debounce_switch.v ../rtl/sync_signal.v ../rtl/common/mqnic_core_pcie_us.v ../rtl/common/mqnic_core_pcie.v ../rtl/common/mqnic_core.v ../rtl/common/mqnic_dram_if.v ../rtl/common/mqnic_interface.v ../rtl/common/mqnic_interface_tx.v ../rtl/common/mqnic_interface_rx.v ../rtl/common/mqnic_port.v ../rtl/common/mqnic_port_tx.v ../rtl/common/mqnic_port_rx.v ../rtl/common/mqnic_egress.v ../rtl/common/mqnic_ingress.v ../rtl/common/mqnic_l2_egress.v ../rtl/common/mqnic_l2_ingress.v ../rtl/common/mqnic_rx_queue_map.v ../rtl/common/mqnic_ptp.v ../rtl/common/mqnic_ptp_clock.v ../rtl/common/mqnic_ptp_perout.v ../rtl/common/mqnic_rb_clk_info.v ../rtl/common/mqnic_port_map_phy_xgmii.v ../rtl/common/cpl_write.v ../rtl/common/cpl_op_mux.v ../rtl/common/desc_fetch.v ../rtl/common/desc_op_mux.v ../rtl/common/queue_manager.v ../rtl/common/cpl_queue_manager.v ../rtl/common/tx_fifo.v ../rtl/common/rx_fifo.v ../rtl/common/tx_req_mux.v ../rtl/common/tx_engine.v ../rtl/common/rx_engine.v ../rtl/common/tx_checksum.v ../rtl/common/rx_hash.v ../rtl/common/rx_checksum.v ../rtl/common/rb_drp.v ../rtl/common/eth_xcvr_phy_10g_gty_wrapper.v ../rtl/common/eth_xcvr_phy_10g_gty_quad_wrapper.v ../rtl/common/stats_counter.v ../rtl/common/stats_collect.v ../rtl/common/stats_pcie_if.v ../rtl/common/stats_pcie_tlp.v ../rtl/common/stats_dma_if_pcie.v ../rtl/common/stats_dma_latency.v ../rtl/common/mqnic_tx_scheduler_block_rr.v ../rtl/common/tx_scheduler_rr.v ../rtl/common/tdma_scheduler.v ../rtl/common/tdma_ber.v ../rtl/common/tdma_ber_ch.v ../rtl/common/i2c_single_reg.v ../lib/eth/rtl/eth_mac_10g.v ../lib/eth/rtl/axis_xgmii_rx_64.v ../lib/eth/rtl/axis_xgmii_tx_64.v ../lib/eth/rtl/mac_ctrl_rx.v ../lib/eth/rtl/mac_ctrl_tx.v ../lib/eth/rtl/mac_pause_ctrl_rx.v ../lib/eth/rtl/mac_pause_ctrl_tx.v ../lib/eth/rtl/eth_phy_10g.v ../lib/eth/rtl/eth_phy_10g_rx.v ../lib/eth/rtl/eth_phy_10g_rx_if.v ../lib/eth/rtl/eth_phy_10g_rx_frame_sync.v ../lib/eth/rtl/eth_phy_10g_rx_ber_mon.v ../lib/eth/rtl/eth_phy_10g_rx_watchdog.v ../lib/eth/rtl/eth_phy_10g_tx.v ../lib/eth/rtl/eth_phy_10g_tx_if.v ../lib/eth/rtl/xgmii_baser_dec_64.v ../lib/eth/rtl/xgmii_baser_enc_64.v ../lib/eth/rtl/lfsr.v ../lib/eth/rtl/ptp_td_phc.v ../lib/eth/rtl/ptp_td_leaf.v ../lib/eth/rtl/ptp_perout.v ../lib/axi/rtl/axil_interconnect.v ../lib/axi/rtl/axil_crossbar.v ../lib/axi/rtl/axil_crossbar_addr.v ../lib/axi/rtl/axil_crossbar_rd.v ../lib/axi/rtl/axil_crossbar_wr.v ../lib/axi/rtl/axil_reg_if.v ../lib/axi/rtl/axil_reg_if_rd.v ../lib/axi/rtl/axil_reg_if_wr.v ../lib/axi/rtl/axil_register_rd.v ../lib/axi/rtl/axil_register_wr.v ../lib/axi/rtl/arbiter.v ../lib/axi/rtl/priority_encoder.v ../lib/axis/rtl/axis_adapter.v ../lib/axis/rtl/axis_arb_mux.v ../lib/axis/rtl/axis_async_fifo.v ../lib/axis/rtl/axis_async_fifo_adapter.v ../lib/axis/rtl/axis_demux.v ../lib/axis/rtl/axis_fifo.v ../lib/axis/rtl/axis_fifo_adapter.v ../lib/axis/rtl/axis_pipeline_fifo.v ../lib/axis/rtl/axis_register.v ../lib/axis/rtl/sync_reset.v ../lib/pcie/rtl/pcie_axil_master.v ../lib/pcie/rtl/pcie_tlp_demux.v ../lib/pcie/rtl/pcie_tlp_demux_bar.v ../lib/pcie/rtl/pcie_tlp_mux.v ../lib/pcie/rtl/pcie_tlp_fifo.v ../lib/pcie/rtl/pcie_tlp_fifo_raw.v ../lib/pcie/rtl/pcie_msix.v ../lib/pcie/rtl/irq_rate_limit.v ../lib/pcie/rtl/dma_if_pcie.v ../lib/pcie/rtl/dma_if_pcie_rd.v ../lib/pcie/rtl/dma_if_pcie_wr.v ../lib/pcie/rtl/dma_if_mux.v ../lib/pcie/rtl/dma_if_mux_rd.v ../lib/pcie/rtl/dma_if_mux_wr.v ../lib/pcie/rtl/dma_if_desc_mux.v ../lib/pcie/rtl/dma_ram_demux_rd.v ../lib/pcie/rtl/dma_ram_demux_wr.v ../lib/pcie/rtl/dma_psdpram.v ../lib/pcie/rtl/dma_client_axis_sink.v ../lib/pcie/rtl/dma_client_axis_source.v ../lib/pcie/rtl/pcie_us_if.v ../lib/pcie/rtl/pcie_us_if_rc.v ../lib/pcie/rtl/pcie_us_if_rq.v ../lib/pcie/rtl/pcie_us_if_cc.v ../lib/pcie/rtl/pcie_us_if_cq.v ../lib/pcie/rtl/pcie_us_cfg.v ../lib/pcie/rtl/pulse_merge.v
# set_property top fpga [current_fileset]
# add_files -fileset constrs_1 ../fpga.xdc ../placement.xdc ../boot.xdc ../lib/axis/syn/vivado/axis_async_fifo.tcl ../lib/axis/syn/vivado/sync_reset.tcl ../lib/eth/syn/vivado/ptp_td_leaf.tcl ../../../../common/syn/vivado/mqnic_port.tcl ../../../../common/syn/vivado/mqnic_ptp_clock.tcl ../../../../common/syn/vivado/mqnic_rb_clk_info.tcl ../../../../common/syn/vivado/rb_drp.tcl ../../../../common/syn/vivado/eth_xcvr_phy_10g_gty_wrapper.tcl ../../../../common/syn/vivado/tdma_ber_ch.tcl
# source ../ip/pcie4_uscale_plus_0.tcl
## create_ip -name pcie4_uscale_plus -vendor xilinx.com -library ip -module_name pcie4_uscale_plus_0
INFO: [IP_Flow 19-234] Refreshing IP repositories
INFO: [IP_Flow 19-1704] No user IP repositories specified
INFO: [IP_Flow 19-2313] Loaded Vivado IP repository '/home/keshav/Xilinx/2026.1/data/ip'.
## set_property -dict [list \
##     CONFIG.PL_LINK_CAP_MAX_LINK_SPEED {8.0_GT/s} \
##     CONFIG.PL_LINK_CAP_MAX_LINK_WIDTH {X16} \
##     CONFIG.AXISTEN_IF_EXT_512_CQ_STRADDLE {true} \
##     CONFIG.AXISTEN_IF_EXT_512_RQ_STRADDLE {true} \
##     CONFIG.AXISTEN_IF_EXT_512_RC_4TLP_STRADDLE {true} \
##     CONFIG.axisten_if_enable_client_tag {true} \
##     CONFIG.axisten_if_width {512_bit} \
##     CONFIG.extended_tag_field {true} \
##     CONFIG.pf0_dev_cap_max_payload {1024_bytes} \
##     CONFIG.axisten_freq {250} \
##     CONFIG.PF0_Use_Class_Code_Lookup_Assistant {false} \
##     CONFIG.PF0_CLASS_CODE {020000} \
##     CONFIG.PF0_DEVICE_ID {1001} \
##     CONFIG.PF0_SUBSYSTEM_ID {9003} \
##     CONFIG.PF0_SUBSYSTEM_VENDOR_ID {4144} \
##     CONFIG.pf0_bar0_64bit {true} \
##     CONFIG.pf0_bar0_prefetchable {true} \
##     CONFIG.pf0_bar0_scale {Megabytes} \
##     CONFIG.pf0_bar0_size {16} \
##     CONFIG.pf0_msi_enabled {false} \
##     CONFIG.pf0_msix_enabled {true} \
##     CONFIG.PF0_MSIX_CAP_TABLE_SIZE {01F} \
##     CONFIG.PF0_MSIX_CAP_TABLE_BIR {BAR_1:0} \
##     CONFIG.PF0_MSIX_CAP_TABLE_OFFSET {00010000} \
##     CONFIG.PF0_MSIX_CAP_PBA_BIR {BAR_1:0} \
##     CONFIG.PF0_MSIX_CAP_PBA_OFFSET {00018000} \
##     CONFIG.MSI_X_OPTIONS {MSI-X_External} \
##     CONFIG.vendor_id {1234} \
##     CONFIG.mode_selection {Advanced} \
## ] [get_ips pcie4_uscale_plus_0]
WARNING: [IP_Flow 19-3374] An attempt to modify the value of disabled parameter 'PF0_CLASS_CODE' from '058000' to '020000' has been ignored for IP 'pcie4_uscale_plus_0'
# source ../ip/eth_xcvr_gty.tcl
## set base_name {eth_xcvr_gty}
## set preset {GTY-10GBASE-R}
## set freerun_freq {125}
## set line_rate {25.78125}
## set refclk_freq {161.1328125}
## set sec_line_rate {10.3125}
## set sec_refclk_freq $refclk_freq
## set qpll_fracn [expr {int(fmod($line_rate*1000/2 / $refclk_freq, 1)*pow(2, 24))}]
## set sec_qpll_fracn [expr {int(fmod($sec_line_rate*1000/2 / $sec_refclk_freq, 1)*pow(2, 24))}]
## set user_data_width {64}
## set int_data_width $user_data_width
## set rx_eq_mode {DFE}
## set extra_ports [list]
## set extra_pll_ports [list]
## lappend extra_ports drpclk_in drpaddr_in drpdi_in drpen_in drpwe_in drpdo_out drprdy_out
## lappend extra_pll_ports drpclk_common_in drpaddr_common_in drpdi_common_in drpen_common_in drpwe_common_in drpdo_common_out drprdy_common_out
## lappend extra_pll_ports qpll0reset_in qpll1reset_in
## lappend extra_pll_ports qpll0pd_in qpll1pd_in
## lappend extra_pll_ports gtrefclk00_in qpll0lock_out qpll0outclk_out qpll0outrefclk_out
## lappend extra_pll_ports gtrefclk01_in qpll1lock_out qpll1outclk_out qpll1outrefclk_out
## if {[string first uplus [get_property FAMILY [get_property PART [current_project]]]] != -1} {
##     lappend extra_pll_ports pcierateqpll0_in pcierateqpll1_in
## } else {
##     lappend extra_pll_ports qpllrsvd2_in qpllrsvd3_in
## }
## lappend extra_ports gttxreset_in txuserrdy_in txpmareset_in txpcsreset_in txresetdone_out txpmaresetdone_out
## lappend extra_ports gtrxreset_in rxuserrdy_in rxpmareset_in rxdfelpmreset_in eyescanreset_in rxpcsreset_in rxresetdone_out rxpmaresetdone_out
## lappend extra_ports txpd_in txpdelecidlemode_in rxpd_in
## lappend extra_ports txsysclksel_in txpllclksel_in rxsysclksel_in rxpllclksel_in
## lappend extra_ports txpolarity_in rxpolarity_in
## lappend extra_ports txelecidle_in txinhibit_in txdiffctrl_in txmaincursor_in txprecursor_in txpostcursor_in
## lappend extra_ports rxcdrlock_out rxcdrhold_in
## lappend extra_ports rxlpmen_in
## lappend extra_ports dmonitorout_out
## lappend extra_ports txprbsforceerr_in txprbssel_in rxprbscntreset_in rxprbssel_in rxprbserr_out rxprbslocked_out
## lappend extra_ports eyescandataerror_out
## lappend extra_ports loopback_in
## set config [dict create]
## dict set config TX_LINE_RATE $line_rate
## dict set config TX_REFCLK_FREQUENCY $refclk_freq
## dict set config TX_QPLL_FRACN_NUMERATOR $qpll_fracn
## dict set config TX_USER_DATA_WIDTH $user_data_width
## dict set config TX_INT_DATA_WIDTH $int_data_width
## dict set config RX_LINE_RATE $line_rate
## dict set config RX_REFCLK_FREQUENCY $refclk_freq
## dict set config RX_QPLL_FRACN_NUMERATOR $qpll_fracn
## dict set config RX_USER_DATA_WIDTH $user_data_width
## dict set config RX_INT_DATA_WIDTH $int_data_width
## dict set config RX_EQ_MODE $rx_eq_mode
## if {$sec_line_rate != 0} {
##     dict set config SECONDARY_QPLL_ENABLE true
##     dict set config SECONDARY_QPLL_FRACN_NUMERATOR $sec_qpll_fracn
##     dict set config SECONDARY_QPLL_LINE_RATE $sec_line_rate
##     dict set config SECONDARY_QPLL_REFCLK_FREQUENCY $sec_refclk_freq
## } else {
##     dict set config SECONDARY_QPLL_ENABLE false
## }
## dict set config ENABLE_OPTIONAL_PORTS $extra_ports
## dict set config LOCATE_COMMON {CORE}
## dict set config LOCATE_RESET_CONTROLLER {EXAMPLE_DESIGN}
## dict set config LOCATE_TX_USER_CLOCKING {CORE}
## dict set config LOCATE_RX_USER_CLOCKING {CORE}
## dict set config LOCATE_USER_DATA_WIDTH_SIZING {CORE}
## dict set config FREERUN_FREQUENCY $freerun_freq
## dict set config DISABLE_LOC_XDC {1}
## proc create_gtwizard_ip {name preset config} {
##     create_ip -name gtwizard_ultrascale -vendor xilinx.com -library ip -module_name $name
##     set ip [get_ips $name]
##     set_property CONFIG.preset $preset $ip
##     set config_list {}
##     dict for {name value} $config {
##         lappend config_list "CONFIG.${name}" $value
##     }
##     set_property -dict $config_list $ip
## }
## dict set config ENABLE_OPTIONAL_PORTS [concat $extra_pll_ports $extra_ports]
## dict set config LOCATE_COMMON {CORE}
## create_gtwizard_ip "${base_name}_full" $preset $config
## dict set config ENABLE_OPTIONAL_PORTS $extra_ports
## dict set config LOCATE_COMMON {EXAMPLE_DESIGN}
## create_gtwizard_ip "${base_name}_channel" $preset $config
# source ./config.tcl
## set params [dict create]
## set build_date [clock seconds]
## set git_hash 00000000
## set git_tag ""
## if { [catch {set git_hash [exec git rev-parse --short=8 HEAD]}] } {
##     puts "Error running git or project not under version control"
## }
## if { [catch {set git_tag [exec git describe --tags HEAD]}] } {
##     puts "Error running git, project not under version control, or no tag found"
## }
Error running git, project not under version control, or no tag found
## puts "Build date: ${build_date}"
Build date: 1790816947
## puts "Git hash: ${git_hash}"
Git hash: 1ca0151b
## puts "Git tag: ${git_tag}"
Git tag: 
## if { ! [regsub {^.*(\d+\.\d+\.\d+([\.-]\d+)?).*$} $git_tag {\1} tag_ver ] } {
##     puts "Failed to extract version from git tag"
##     set tag_ver 0.0.1
## }
Failed to extract version from git tag
## puts "Tag version: ${tag_ver}"
Tag version: 0.0.1
## set fpga_id [expr 0x4B39093]
## set fw_id [expr 0x00000000]
## set fw_ver $tag_ver
## set board_vendor_id [expr 0x4144]
## set board_device_id [expr 0x9003]
## set board_ver 1.0
## set release_info [expr 0x00000000]
## set pcie_vendor_id [expr 0x1234]
## set pcie_device_id [expr 0x1001]
## set pcie_class_code [expr 0x020000]
## set pcie_revision_id [expr 0x00]
## set pcie_subsystem_vendor_id $board_vendor_id
## set pcie_subsystem_device_id $board_device_id
## dict set params FPGA_ID [format "32'h%08x" $fpga_id]
## dict set params FW_ID [format "32'h%08x" $fw_id]
## dict set params FW_VER [format "32'h%02x%02x%02x%02x" {*}[split $fw_ver .-] 0 0 0 0]
## dict set params BOARD_ID [format "32'h%04x%04x" $board_vendor_id $board_device_id]
## dict set params BOARD_VER [format "32'h%02x%02x%02x%02x" {*}[split $board_ver .-] 0 0 0 0]
## dict set params BUILD_DATE  "32'd${build_date}"
## dict set params GIT_HASH  "32'h${git_hash}"
## dict set params RELEASE_INFO  [format "32'h%08x" $release_info]
## dict set params TDMA_BER_ENABLE "0"
## set eth_xcvr_freerun_freq {125}
## set eth_xcvr_line_rate {25.78125}
## set eth_xcvr_refclk_freq {161.1328125}
## set eth_xcvr_sec_line_rate {10.3125}
## set eth_xcvr_sec_refclk_freq $eth_xcvr_refclk_freq
## set eth_xcvr_qpll_fracn [expr {int(fmod($eth_xcvr_line_rate*1000/2 / $eth_xcvr_refclk_freq, 1)*pow(2, 24))}]
## set eth_xcvr_sec_qpll_fracn [expr {int(fmod($eth_xcvr_sec_line_rate*1000/2 / $eth_xcvr_sec_refclk_freq, 1)*pow(2, 24))}]
## set eth_xcvr_rx_eq_mode {DFE}
## dict set params IF_COUNT "2"
## dict set params PORTS_PER_IF "1"
## dict set params SCHED_PER_IF [dict get $params PORTS_PER_IF]
## dict set params PORT_MASK "0"
## dict set params CLK_PERIOD_NS_NUM "4"
## dict set params CLK_PERIOD_NS_DENOM "1"
## dict set params PTP_CLOCK_PIPELINE "0"
## dict set params PTP_CLOCK_CDC_PIPELINE "0"
## dict set params PTP_PORT_CDC_PIPELINE "0"
## dict set params PTP_PEROUT_ENABLE "0"
## dict set params PTP_PEROUT_COUNT "1"
## dict set params EVENT_QUEUE_OP_TABLE_SIZE "32"
## dict set params TX_QUEUE_OP_TABLE_SIZE "32"
## dict set params RX_QUEUE_OP_TABLE_SIZE "32"
## dict set params CQ_OP_TABLE_SIZE "32"
## dict set params EQN_WIDTH "6"
## dict set params TX_QUEUE_INDEX_WIDTH "13"
## dict set params RX_QUEUE_INDEX_WIDTH "8"
## dict set params CQN_WIDTH [expr max([dict get $params TX_QUEUE_INDEX_WIDTH], [dict get $params RX_QUEUE_INDEX_WIDTH]) + 1]
## dict set params EQ_PIPELINE "3"
## dict set params TX_QUEUE_PIPELINE [expr 3 + max([dict get $params TX_QUEUE_INDEX_WIDTH] - 12, 0)]
## dict set params RX_QUEUE_PIPELINE [expr 3 + max([dict get $params RX_QUEUE_INDEX_WIDTH] - 12, 0)]
## dict set params CQ_PIPELINE [expr 3 + max([dict get $params CQN_WIDTH] - 12, 0)]
## dict set params TX_DESC_TABLE_SIZE "32"
## dict set params RX_DESC_TABLE_SIZE "32"
## dict set params RX_INDIR_TBL_ADDR_WIDTH [expr min([dict get $params RX_QUEUE_INDEX_WIDTH], 8)]
## dict set params TX_SCHEDULER_OP_TABLE_SIZE [dict get $params TX_DESC_TABLE_SIZE]
## dict set params TX_SCHEDULER_PIPELINE [dict get $params TX_QUEUE_PIPELINE]
## dict set params TDMA_INDEX_WIDTH "6"
## dict set params PTP_TS_ENABLE "1"
## dict set params TX_CPL_FIFO_DEPTH "32"
## dict set params TX_CHECKSUM_ENABLE "1"
## dict set params RX_HASH_ENABLE "1"
## dict set params RX_CHECKSUM_ENABLE "1"
## dict set params PFC_ENABLE "1"
## dict set params LFC_ENABLE [dict get $params PFC_ENABLE]
## dict set params ENABLE_PADDING "1"
## dict set params ENABLE_DIC "1"
## dict set params MIN_FRAME_LENGTH "64"
## dict set params TX_FIFO_DEPTH "32768"
## dict set params RX_FIFO_DEPTH "65536"
## dict set params MAX_TX_SIZE "9214"
## dict set params MAX_RX_SIZE "9214"
## dict set params TX_RAM_SIZE "32768"
## dict set params RX_RAM_SIZE "131072"
## dict set params DDR_CH "2"
## dict set params DDR_ENABLE "0"
## dict set params AXI_DDR_ID_WIDTH "8"
## dict set params AXI_DDR_MAX_BURST_LEN "256"
## dict set params APP_ID "32'h00000000"
## dict set params APP_ENABLE "0"
## dict set params APP_CTRL_ENABLE "1"
## dict set params APP_DMA_ENABLE "1"
## dict set params APP_AXIS_DIRECT_ENABLE "1"
## dict set params APP_AXIS_SYNC_ENABLE "1"
## dict set params APP_AXIS_IF_ENABLE "1"
## dict set params APP_STAT_ENABLE "1"
## dict set params DMA_IMM_ENABLE "0"
## dict set params DMA_IMM_WIDTH "32"
## dict set params DMA_LEN_WIDTH "16"
## dict set params DMA_TAG_WIDTH "16"
## dict set params RAM_ADDR_WIDTH [expr int(ceil(log(max([dict get $params TX_RAM_SIZE], [dict get $params RX_RAM_SIZE]))/log(2)))]
## dict set params RAM_PIPELINE "2"
## dict set params IRQ_INDEX_WIDTH [dict get $params EQN_WIDTH]
## dict set params AXIL_CTRL_DATA_WIDTH "32"
## dict set params AXIL_CTRL_ADDR_WIDTH "24"
## dict set params AXIL_APP_CTRL_DATA_WIDTH [dict get $params AXIL_CTRL_DATA_WIDTH]
## dict set params AXIL_APP_CTRL_ADDR_WIDTH "24"
## dict set params AXIS_ETH_SYNC_DATA_WIDTH_DOUBLE [expr max($eth_xcvr_line_rate, $eth_xcvr_sec_line_rate) > 16]
## dict set params AXIS_ETH_TX_PIPELINE "0"
## dict set params AXIS_ETH_TX_FIFO_PIPELINE "2"
## dict set params AXIS_ETH_TX_TS_PIPELINE "0"
## dict set params AXIS_ETH_RX_PIPELINE "0"
## dict set params AXIS_ETH_RX_FIFO_PIPELINE "2"
## dict set params STAT_ENABLE "1"
## dict set params STAT_DMA_ENABLE "1"
## dict set params STAT_PCIE_ENABLE "1"
## dict set params STAT_INC_WIDTH "24"
## dict set params STAT_ID_WIDTH "12"
## if {[dict get $params DDR_ENABLE]} {
##     set ddr4 [get_ips ddr4_0]
## 
##     # performance-related configuration
##     set_property CONFIG.C0.DDR4_AxiArbitrationScheme {RD_PRI_REG} $ddr4
##     set_property CONFIG.C0.DDR4_AUTO_AP_COL_A3 {true} $ddr4
##     set_property CONFIG.C0.DDR4_Mem_Add_Map {ROW_COLUMN_BANK_INTLV} $ddr4
## 
##     # set AXI ID width
##     set_property CONFIG.C0.DDR4_AxiIDWidth [dict get $params AXI_DDR_ID_WIDTH] $ddr4
## 
##     # extract AXI configuration
##     dict set params AXI_DDR_DATA_WIDTH [get_property CONFIG.C0.DDR4_AxiDataWidth $ddr4]
##     dict set params AXI_DDR_ADDR_WIDTH [get_property CONFIG.C0.DDR4_AxiAddressWidth $ddr4]
##     dict set params AXI_DDR_NARROW_BURST [expr [get_property CONFIG.C0.DDR4_AxiNarrowBurst $ddr4] && 1]
## }
## set pcie [get_ips pcie4_uscale_plus_0]
## dict set params AXIS_PCIE_DATA_WIDTH [regexp -all -inline -- {[0-9]+} [get_property CONFIG.axisten_if_width $pcie]]
## proc configure_bar {pcie pf bar aperture} {
##     set size_list {Bytes Kilobytes Megabytes Gigabytes Terabytes Petabytes Exabytes}
##     for { set i 0 } { $i < [llength $size_list] } { incr i } {
##         set scale [lindex $size_list $i]
## 
##         if {$aperture > 0 && $aperture < ($i+1)*10} {
##             set size [expr 1 << $aperture - ($i*10)]
## 
##             puts "${pcie} PF${pf} BAR${bar}: aperture ${aperture} bits ($size $scale)"
## 
##             set pcie_config [dict create]
## 
##             dict set pcie_config "CONFIG.pf${pf}_bar${bar}_enabled" {true}
##             dict set pcie_config "CONFIG.pf${pf}_bar${bar}_type" {Memory}
##             dict set pcie_config "CONFIG.pf${pf}_bar${bar}_64bit" {true}
##             dict set pcie_config "CONFIG.pf${pf}_bar${bar}_prefetchable" {true}
##             dict set pcie_config "CONFIG.pf${pf}_bar${bar}_scale" $scale
##             dict set pcie_config "CONFIG.pf${pf}_bar${bar}_size" $size
## 
##             set_property -dict $pcie_config $pcie
## 
##             return
##         }
##     }
##     puts "${pcie} PF${pf} BAR${bar}: disabled"
##     set_property "CONFIG.pf${pf}_bar${bar}_enabled" {false} $pcie
## }
## configure_bar $pcie 0 0 [dict get $params AXIL_CTRL_ADDR_WIDTH]
pcie4_uscale_plus_0 PF0 BAR0: aperture 24 bits (16 Megabytes)
## configure_bar $pcie 0 2 [expr [dict get $params APP_ENABLE] ? [dict get $params AXIL_APP_CTRL_ADDR_WIDTH] : 0]
pcie4_uscale_plus_0 PF0 BAR2: disabled
## set pcie_config [dict create]
## dict set pcie_config "CONFIG.vendor_id" [format "%04x" $pcie_vendor_id]
## dict set pcie_config "CONFIG.PF0_DEVICE_ID" [format "%04x" $pcie_device_id]
## dict set pcie_config "CONFIG.PF0_CLASS_CODE" [format "%06x" $pcie_class_code]
## dict set pcie_config "CONFIG.PF0_REVISION_ID" [format "%02x" $pcie_revision_id]
## dict set pcie_config "CONFIG.PF0_SUBSYSTEM_VENDOR_ID" [format "%04x" $pcie_subsystem_vendor_id]
## dict set pcie_config "CONFIG.PF0_SUBSYSTEM_ID" [format "%04x" $pcie_subsystem_device_id]
## dict set pcie_config "CONFIG.pf0_msi_enabled" {false}
## dict set pcie_config "CONFIG.pf0_msix_enabled" {true}
## dict set pcie_config "CONFIG.PF0_MSIX_CAP_TABLE_SIZE" [format "%03x" [expr 2**[dict get $params IRQ_INDEX_WIDTH]-1]]
## dict set pcie_config "CONFIG.PF0_MSIX_CAP_TABLE_BIR" {BAR_1:0}
## dict set pcie_config "CONFIG.PF0_MSIX_CAP_TABLE_OFFSET" {00010000}
## dict set pcie_config "CONFIG.PF0_MSIX_CAP_PBA_BIR" {BAR_1:0}
## dict set pcie_config "CONFIG.PF0_MSIX_CAP_PBA_OFFSET" {00018000}
## dict set pcie_config "CONFIG.MSI_X_OPTIONS" {MSI-X_External}
## set_property -dict $pcie_config $pcie
WARNING: [IP_Flow 19-3374] An attempt to modify the value of disabled parameter 'PF0_CLASS_CODE' from '058000' to '020000' has been ignored for IP 'pcie4_uscale_plus_0'
## set xcvr_config [dict create]
## dict set xcvr_config CONFIG.TX_LINE_RATE $eth_xcvr_line_rate
## dict set xcvr_config CONFIG.TX_QPLL_FRACN_NUMERATOR $eth_xcvr_qpll_fracn
## dict set xcvr_config CONFIG.TX_REFCLK_FREQUENCY $eth_xcvr_refclk_freq
## dict set xcvr_config CONFIG.RX_LINE_RATE $eth_xcvr_line_rate
## dict set xcvr_config CONFIG.RX_QPLL_FRACN_NUMERATOR $eth_xcvr_qpll_fracn
## dict set xcvr_config CONFIG.RX_REFCLK_FREQUENCY $eth_xcvr_refclk_freq
## dict set xcvr_config CONFIG.RX_EQ_MODE $eth_xcvr_rx_eq_mode
## if {$eth_xcvr_sec_line_rate != 0} {
##     dict set xcvr_config CONFIG.SECONDARY_QPLL_ENABLE true
##     dict set xcvr_config CONFIG.SECONDARY_QPLL_FRACN_NUMERATOR $eth_xcvr_sec_qpll_fracn
##     dict set xcvr_config CONFIG.SECONDARY_QPLL_LINE_RATE $eth_xcvr_sec_line_rate
##     dict set xcvr_config CONFIG.SECONDARY_QPLL_REFCLK_FREQUENCY $eth_xcvr_sec_refclk_freq
## } else {
##     dict set xcvr_config CONFIG.SECONDARY_QPLL_ENABLE false
## }
## dict set xcvr_config CONFIG.FREERUN_FREQUENCY $eth_xcvr_freerun_freq
## set_property -dict $xcvr_config [get_ips eth_xcvr_gty_full]
## set_property -dict $xcvr_config [get_ips eth_xcvr_gty_channel]
## set param_list {}
## dict for {name value} $params {
##     lappend param_list $name=$value
## }
## set_property generic $param_list [get_filesets sources_1]
source update_config.tcl
# open_project -quiet fpga.xpr
# source ./config.tcl
## set params [dict create]
## set build_date [clock seconds]
## set git_hash 00000000
## set git_tag ""
## if { [catch {set git_hash [exec git rev-parse --short=8 HEAD]}] } {
##     puts "Error running git or project not under version control"
## }
## if { [catch {set git_tag [exec git describe --tags HEAD]}] } {
##     puts "Error running git, project not under version control, or no tag found"
## }
Error running git, project not under version control, or no tag found
## puts "Build date: ${build_date}"
Build date: 1790816955
## puts "Git hash: ${git_hash}"
Git hash: 1ca0151b
## puts "Git tag: ${git_tag}"
Git tag: 
## if { ! [regsub {^.*(\d+\.\d+\.\d+([\.-]\d+)?).*$} $git_tag {\1} tag_ver ] } {
##     puts "Failed to extract version from git tag"
##     set tag_ver 0.0.1
## }
Failed to extract version from git tag
## puts "Tag version: ${tag_ver}"
Tag version: 0.0.1
## set fpga_id [expr 0x4B39093]
## set fw_id [expr 0x00000000]
## set fw_ver $tag_ver
## set board_vendor_id [expr 0x4144]
## set board_device_id [expr 0x9003]
## set board_ver 1.0
## set release_info [expr 0x00000000]
## set pcie_vendor_id [expr 0x1234]
## set pcie_device_id [expr 0x1001]
## set pcie_class_code [expr 0x020000]
## set pcie_revision_id [expr 0x00]
## set pcie_subsystem_vendor_id $board_vendor_id
## set pcie_subsystem_device_id $board_device_id
## dict set params FPGA_ID [format "32'h%08x" $fpga_id]
## dict set params FW_ID [format "32'h%08x" $fw_id]
## dict set params FW_VER [format "32'h%02x%02x%02x%02x" {*}[split $fw_ver .-] 0 0 0 0]
## dict set params BOARD_ID [format "32'h%04x%04x" $board_vendor_id $board_device_id]
## dict set params BOARD_VER [format "32'h%02x%02x%02x%02x" {*}[split $board_ver .-] 0 0 0 0]
## dict set params BUILD_DATE  "32'd${build_date}"
## dict set params GIT_HASH  "32'h${git_hash}"
## dict set params RELEASE_INFO  [format "32'h%08x" $release_info]
## dict set params TDMA_BER_ENABLE "0"
## set eth_xcvr_freerun_freq {125}
## set eth_xcvr_line_rate {25.78125}
## set eth_xcvr_refclk_freq {161.1328125}
## set eth_xcvr_sec_line_rate {10.3125}
## set eth_xcvr_sec_refclk_freq $eth_xcvr_refclk_freq
## set eth_xcvr_qpll_fracn [expr {int(fmod($eth_xcvr_line_rate*1000/2 / $eth_xcvr_refclk_freq, 1)*pow(2, 24))}]
## set eth_xcvr_sec_qpll_fracn [expr {int(fmod($eth_xcvr_sec_line_rate*1000/2 / $eth_xcvr_sec_refclk_freq, 1)*pow(2, 24))}]
## set eth_xcvr_rx_eq_mode {DFE}
## dict set params IF_COUNT "2"
## dict set params PORTS_PER_IF "1"
## dict set params SCHED_PER_IF [dict get $params PORTS_PER_IF]
## dict set params PORT_MASK "0"
## dict set params CLK_PERIOD_NS_NUM "4"
## dict set params CLK_PERIOD_NS_DENOM "1"
## dict set params PTP_CLOCK_PIPELINE "0"
## dict set params PTP_CLOCK_CDC_PIPELINE "0"
## dict set params PTP_PORT_CDC_PIPELINE "0"
## dict set params PTP_PEROUT_ENABLE "0"
## dict set params PTP_PEROUT_COUNT "1"
## dict set params EVENT_QUEUE_OP_TABLE_SIZE "32"
## dict set params TX_QUEUE_OP_TABLE_SIZE "32"
## dict set params RX_QUEUE_OP_TABLE_SIZE "32"
## dict set params CQ_OP_TABLE_SIZE "32"
## dict set params EQN_WIDTH "6"
## dict set params TX_QUEUE_INDEX_WIDTH "13"
## dict set params RX_QUEUE_INDEX_WIDTH "8"
## dict set params CQN_WIDTH [expr max([dict get $params TX_QUEUE_INDEX_WIDTH], [dict get $params RX_QUEUE_INDEX_WIDTH]) + 1]
## dict set params EQ_PIPELINE "3"
## dict set params TX_QUEUE_PIPELINE [expr 3 + max([dict get $params TX_QUEUE_INDEX_WIDTH] - 12, 0)]
## dict set params RX_QUEUE_PIPELINE [expr 3 + max([dict get $params RX_QUEUE_INDEX_WIDTH] - 12, 0)]
## dict set params CQ_PIPELINE [expr 3 + max([dict get $params CQN_WIDTH] - 12, 0)]
## dict set params TX_DESC_TABLE_SIZE "32"
## dict set params RX_DESC_TABLE_SIZE "32"
## dict set params RX_INDIR_TBL_ADDR_WIDTH [expr min([dict get $params RX_QUEUE_INDEX_WIDTH], 8)]
## dict set params TX_SCHEDULER_OP_TABLE_SIZE [dict get $params TX_DESC_TABLE_SIZE]
## dict set params TX_SCHEDULER_PIPELINE [dict get $params TX_QUEUE_PIPELINE]
## dict set params TDMA_INDEX_WIDTH "6"
## dict set params PTP_TS_ENABLE "1"
## dict set params TX_CPL_FIFO_DEPTH "32"
## dict set params TX_CHECKSUM_ENABLE "1"
## dict set params RX_HASH_ENABLE "1"
## dict set params RX_CHECKSUM_ENABLE "1"
## dict set params PFC_ENABLE "1"
## dict set params LFC_ENABLE [dict get $params PFC_ENABLE]
## dict set params ENABLE_PADDING "1"
## dict set params ENABLE_DIC "1"
## dict set params MIN_FRAME_LENGTH "64"
## dict set params TX_FIFO_DEPTH "32768"
## dict set params RX_FIFO_DEPTH "65536"
## dict set params MAX_TX_SIZE "9214"
## dict set params MAX_RX_SIZE "9214"
## dict set params TX_RAM_SIZE "32768"
## dict set params RX_RAM_SIZE "131072"
## dict set params DDR_CH "2"
## dict set params DDR_ENABLE "0"
## dict set params AXI_DDR_ID_WIDTH "8"
## dict set params AXI_DDR_MAX_BURST_LEN "256"
## dict set params APP_ID "32'h00000000"
## dict set params APP_ENABLE "0"
## dict set params APP_CTRL_ENABLE "1"
## dict set params APP_DMA_ENABLE "1"
## dict set params APP_AXIS_DIRECT_ENABLE "1"
## dict set params APP_AXIS_SYNC_ENABLE "1"
## dict set params APP_AXIS_IF_ENABLE "1"
## dict set params APP_STAT_ENABLE "1"
## dict set params DMA_IMM_ENABLE "0"
## dict set params DMA_IMM_WIDTH "32"
## dict set params DMA_LEN_WIDTH "16"
## dict set params DMA_TAG_WIDTH "16"
## dict set params RAM_ADDR_WIDTH [expr int(ceil(log(max([dict get $params TX_RAM_SIZE], [dict get $params RX_RAM_SIZE]))/log(2)))]
## dict set params RAM_PIPELINE "2"
## dict set params IRQ_INDEX_WIDTH [dict get $params EQN_WIDTH]
## dict set params AXIL_CTRL_DATA_WIDTH "32"
## dict set params AXIL_CTRL_ADDR_WIDTH "24"
## dict set params AXIL_APP_CTRL_DATA_WIDTH [dict get $params AXIL_CTRL_DATA_WIDTH]
## dict set params AXIL_APP_CTRL_ADDR_WIDTH "24"
## dict set params AXIS_ETH_SYNC_DATA_WIDTH_DOUBLE [expr max($eth_xcvr_line_rate, $eth_xcvr_sec_line_rate) > 16]
## dict set params AXIS_ETH_TX_PIPELINE "0"
## dict set params AXIS_ETH_TX_FIFO_PIPELINE "2"
## dict set params AXIS_ETH_TX_TS_PIPELINE "0"
## dict set params AXIS_ETH_RX_PIPELINE "0"
## dict set params AXIS_ETH_RX_FIFO_PIPELINE "2"
## dict set params STAT_ENABLE "1"
## dict set params STAT_DMA_ENABLE "1"
## dict set params STAT_PCIE_ENABLE "1"
## dict set params STAT_INC_WIDTH "24"
## dict set params STAT_ID_WIDTH "12"
## if {[dict get $params DDR_ENABLE]} {
##     set ddr4 [get_ips ddr4_0]
## 
##     # performance-related configuration
##     set_property CONFIG.C0.DDR4_AxiArbitrationScheme {RD_PRI_REG} $ddr4
##     set_property CONFIG.C0.DDR4_AUTO_AP_COL_A3 {true} $ddr4
##     set_property CONFIG.C0.DDR4_Mem_Add_Map {ROW_COLUMN_BANK_INTLV} $ddr4
## 
##     # set AXI ID width
##     set_property CONFIG.C0.DDR4_AxiIDWidth [dict get $params AXI_DDR_ID_WIDTH] $ddr4
## 
##     # extract AXI configuration
##     dict set params AXI_DDR_DATA_WIDTH [get_property CONFIG.C0.DDR4_AxiDataWidth $ddr4]
##     dict set params AXI_DDR_ADDR_WIDTH [get_property CONFIG.C0.DDR4_AxiAddressWidth $ddr4]
##     dict set params AXI_DDR_NARROW_BURST [expr [get_property CONFIG.C0.DDR4_AxiNarrowBurst $ddr4] && 1]
## }
## set pcie [get_ips pcie4_uscale_plus_0]
## dict set params AXIS_PCIE_DATA_WIDTH [regexp -all -inline -- {[0-9]+} [get_property CONFIG.axisten_if_width $pcie]]
## proc configure_bar {pcie pf bar aperture} {
##     set size_list {Bytes Kilobytes Megabytes Gigabytes Terabytes Petabytes Exabytes}
##     for { set i 0 } { $i < [llength $size_list] } { incr i } {
##         set scale [lindex $size_list $i]
## 
##         if {$aperture > 0 && $aperture < ($i+1)*10} {
##             set size [expr 1 << $aperture - ($i*10)]
## 
##             puts "${pcie} PF${pf} BAR${bar}: aperture ${aperture} bits ($size $scale)"
## 
##             set pcie_config [dict create]
## 
##             dict set pcie_config "CONFIG.pf${pf}_bar${bar}_enabled" {true}
##             dict set pcie_config "CONFIG.pf${pf}_bar${bar}_type" {Memory}
##             dict set pcie_config "CONFIG.pf${pf}_bar${bar}_64bit" {true}
##             dict set pcie_config "CONFIG.pf${pf}_bar${bar}_prefetchable" {true}
##             dict set pcie_config "CONFIG.pf${pf}_bar${bar}_scale" $scale
##             dict set pcie_config "CONFIG.pf${pf}_bar${bar}_size" $size
## 
##             set_property -dict $pcie_config $pcie
## 
##             return
##         }
##     }
##     puts "${pcie} PF${pf} BAR${bar}: disabled"
##     set_property "CONFIG.pf${pf}_bar${bar}_enabled" {false} $pcie
## }
## configure_bar $pcie 0 0 [dict get $params AXIL_CTRL_ADDR_WIDTH]
pcie4_uscale_plus_0 PF0 BAR0: aperture 24 bits (16 Megabytes)
## configure_bar $pcie 0 2 [expr [dict get $params APP_ENABLE] ? [dict get $params AXIL_APP_CTRL_ADDR_WIDTH] : 0]
pcie4_uscale_plus_0 PF0 BAR2: disabled
## set pcie_config [dict create]
## dict set pcie_config "CONFIG.vendor_id" [format "%04x" $pcie_vendor_id]
## dict set pcie_config "CONFIG.PF0_DEVICE_ID" [format "%04x" $pcie_device_id]
## dict set pcie_config "CONFIG.PF0_CLASS_CODE" [format "%06x" $pcie_class_code]
## dict set pcie_config "CONFIG.PF0_REVISION_ID" [format "%02x" $pcie_revision_id]
## dict set pcie_config "CONFIG.PF0_SUBSYSTEM_VENDOR_ID" [format "%04x" $pcie_subsystem_vendor_id]
## dict set pcie_config "CONFIG.PF0_SUBSYSTEM_ID" [format "%04x" $pcie_subsystem_device_id]
## dict set pcie_config "CONFIG.pf0_msi_enabled" {false}
## dict set pcie_config "CONFIG.pf0_msix_enabled" {true}
## dict set pcie_config "CONFIG.PF0_MSIX_CAP_TABLE_SIZE" [format "%03x" [expr 2**[dict get $params IRQ_INDEX_WIDTH]-1]]
## dict set pcie_config "CONFIG.PF0_MSIX_CAP_TABLE_BIR" {BAR_1:0}
## dict set pcie_config "CONFIG.PF0_MSIX_CAP_TABLE_OFFSET" {00010000}
## dict set pcie_config "CONFIG.PF0_MSIX_CAP_PBA_BIR" {BAR_1:0}
## dict set pcie_config "CONFIG.PF0_MSIX_CAP_PBA_OFFSET" {00018000}
## dict set pcie_config "CONFIG.MSI_X_OPTIONS" {MSI-X_External}
## set_property -dict $pcie_config $pcie
WARNING: [IP_Flow 19-3374] An attempt to modify the value of disabled parameter 'PF0_CLASS_CODE' from '058000' to '020000' has been ignored for IP 'pcie4_uscale_plus_0'
## set xcvr_config [dict create]
## dict set xcvr_config CONFIG.TX_LINE_RATE $eth_xcvr_line_rate
## dict set xcvr_config CONFIG.TX_QPLL_FRACN_NUMERATOR $eth_xcvr_qpll_fracn
## dict set xcvr_config CONFIG.TX_REFCLK_FREQUENCY $eth_xcvr_refclk_freq
## dict set xcvr_config CONFIG.RX_LINE_RATE $eth_xcvr_line_rate
## dict set xcvr_config CONFIG.RX_QPLL_FRACN_NUMERATOR $eth_xcvr_qpll_fracn
## dict set xcvr_config CONFIG.RX_REFCLK_FREQUENCY $eth_xcvr_refclk_freq
## dict set xcvr_config CONFIG.RX_EQ_MODE $eth_xcvr_rx_eq_mode
## if {$eth_xcvr_sec_line_rate != 0} {
##     dict set xcvr_config CONFIG.SECONDARY_QPLL_ENABLE true
##     dict set xcvr_config CONFIG.SECONDARY_QPLL_FRACN_NUMERATOR $eth_xcvr_sec_qpll_fracn
##     dict set xcvr_config CONFIG.SECONDARY_QPLL_LINE_RATE $eth_xcvr_sec_line_rate
##     dict set xcvr_config CONFIG.SECONDARY_QPLL_REFCLK_FREQUENCY $eth_xcvr_sec_refclk_freq
## } else {
##     dict set xcvr_config CONFIG.SECONDARY_QPLL_ENABLE false
## }
## dict set xcvr_config CONFIG.FREERUN_FREQUENCY $eth_xcvr_freerun_freq
## set_property -dict $xcvr_config [get_ips eth_xcvr_gty_full]
## set_property -dict $xcvr_config [get_ips eth_xcvr_gty_channel]
## set param_list {}
## dict for {name value} $params {
##     lappend param_list $name=$value
## }
## set_property generic $param_list [get_filesets sources_1]
INFO: [Common 17-206] Exiting Vivado at Wed Sep 30 21:09:15 2026...
echo "open_project fpga.xpr" > run_synth.tcl
echo "reset_run synth_1" >> run_synth.tcl
echo "launch_runs -jobs 4 synth_1" >> run_synth.tcl
echo "wait_on_run synth_1" >> run_synth.tcl
vivado -nojournal -nolog -mode batch -source run_synth.tcl
INFO: [Common 17-3922] A valid Vivado Design Suite ENTERPRISE license has been detected. Your current license is active and will expire on 20-nov-2026.

****** Vivado v2026.1 (64-bit)
  **** SW Build 6511674 on Tue Jun 16 11:01:26 MDT 2026
  **** IP Build 6504888 on Tue Jun 09 09:05:25 MDT 2026
  **** SharedData Build 6501428 on Mon Jun 08 17:34:18 MDT 2026
  **** Start of session at: Wed Sep 30 21:09:16 2026
    ** Copyright 1986-2022 Xilinx, Inc. All Rights Reserved.
    ** Copyright 2022-2026 Advanced Micro Devices, Inc. All Rights Reserved.

source run_synth.tcl
# open_project fpga.xpr
Scanning sources...
Finished scanning sources
WARNING: [Project 1-5713] Board part '' set for the project  is not found. BoardPart property will be unset. Please select board from latest repo build 
INFO: [IP_Flow 19-234] Refreshing IP repositories
INFO: [IP_Flow 19-1704] No user IP repositories specified
INFO: [IP_Flow 19-2313] Loaded Vivado IP repository '/home/keshav/Xilinx/2026.1/data/ip'.
# reset_run synth_1
# launch_runs -jobs 4 synth_1
INFO: [IP_Flow 19-1686] Generating 'Synthesis' target for IP 'eth_xcvr_gty_full'...
INFO: [IP_Flow 19-1686] Generating 'Synthesis' target for IP 'eth_xcvr_gty_channel'...
INFO: [IP_Flow 19-1686] Generating 'Synthesis' target for IP 'pcie4_uscale_plus_0'...
INFO: [IP_Flow 19-1686] Generating 'Implementation' target for IP 'pcie4_uscale_plus_0'...
WARNING: [Vivado 12-7122] Auto Incremental Compile:: No reference checkpoint was found in run synth_1. Auto-incremental flow will not be run, the standard flow will be run instead.
[Wed Sep 30 21:09:22 2026] Launched pcie4_uscale_plus_0_synth_1, eth_xcvr_gty_full_synth_1, eth_xcvr_gty_channel_synth_1...
Run output will be captured here:
pcie4_uscale_plus_0_synth_1: /home/keshav/Documents/Workspace/corundum/fpga/mqnic/ADM_PCIE_9V3/fpga_25g/fpga/fpga.runs/pcie4_uscale_plus_0_synth_1/runme.log
eth_xcvr_gty_full_synth_1: /home/keshav/Documents/Workspace/corundum/fpga/mqnic/ADM_PCIE_9V3/fpga_25g/fpga/fpga.runs/eth_xcvr_gty_full_synth_1/runme.log
eth_xcvr_gty_channel_synth_1: /home/keshav/Documents/Workspace/corundum/fpga/mqnic/ADM_PCIE_9V3/fpga_25g/fpga/fpga.runs/eth_xcvr_gty_channel_synth_1/runme.log
[Wed Sep 30 21:09:22 2026] Launched synth_1...
Run output will be captured here: /home/keshav/Documents/Workspace/corundum/fpga/mqnic/ADM_PCIE_9V3/fpga_25g/fpga/fpga.runs/synth_1/runme.log
# wait_on_run synth_1
[Wed Sep 30 21:09:22 2026] Waiting for synth_1 to finish...

*** Running vivado
    with args -log fpga.vds -m64 -product Vivado -mode batch -messageDb vivado.pb -notrace -source fpga.tcl

INFO: [Common 17-3922] A valid Vivado Design Suite ENTERPRISE license has been detected. Your current license is active and will expire on 20-nov-2026.
#-----------------------------------------------------------
# Vivado v2026.1 (64-bit)
# SW Build 6511674 on Tue Jun 16 11:01:26 MDT 2026
# IP Build 6504888 on Tue Jun 09 09:05:25 MDT 2026
# SharedData Build 6501428 on Mon Jun 08 17:34:18 MDT 2026
# Start of session at: Wed Sep 30 21:11:02 2026
# Process ID         : 29533
# Current directory  : /home/keshav/Documents/Workspace/corundum/fpga/mqnic/ADM_PCIE_9V3/fpga_25g/fpga/fpga.runs/synth_1
# Command line       : vivado -log fpga.vds -product Vivado -mode batch -messageDb vivado.pb -notrace -source fpga.tcl
# Log file           : /home/keshav/Documents/Workspace/corundum/fpga/mqnic/ADM_PCIE_9V3/fpga_25g/fpga/fpga.runs/synth_1/fpga.vds
# Journal file       : /home/keshav/Documents/Workspace/corundum/fpga/mqnic/ADM_PCIE_9V3/fpga_25g/fpga/fpga.runs/synth_1/vivado.jou
# Running On         : bhaskar-office
# Platform           : Ubuntu
# Operating System   : Ubuntu 24.04.2 LTS
# Processor Detail   : Intel(R) Core(TM) i9-14900K
# CPU Frequency      : 800.000 MHz
# CPU Physical cores : 24
# CPU Logical cores  : 32
# Host memory        : 67049 MB
# Swap memory        : 38860 MB
# Total Virtual      : 105909 MB
# Available Virtual  : 97799 MB
#-----------------------------------------------------------

****** Vivado v2026.1 (64-bit)
  **** SW Build 6511674 on Tue Jun 16 11:01:26 MDT 2026
  **** IP Build 6504888 on Tue Jun 09 09:05:25 MDT 2026
  **** SharedData Build 6501428 on Mon Jun 08 17:34:18 MDT 2026
  **** Start of session at: Wed Sep 30 21:11:02 2026
    ** Copyright 1986-2022 Xilinx, Inc. All Rights Reserved.
    ** Copyright 2022-2026 Advanced Micro Devices, Inc. All Rights Reserved.

source fpga.tcl -notrace
Command: synth_design -top fpga -part xcvu3p-ffvc1517-2-e
Starting synth_design
Attempting to get a license for feature 'Synthesis' and/or device 'xcvu3p'
INFO: [Common 17-349] Got license for feature 'Synthesis' and/or device 'xcvu3p'
INFO: [Device 21-403] Loading part xcvu3p-ffvc1517-2-e
INFO: [Designutils 20-5008] Incremental synthesis strategy default
INFO: [Synth 8-7079] Multithreading enabled for synth_design using a maximum of 7 processes.
INFO: [Synth 8-7078] Launching helper process for spawning children vivado processes
INFO: [Synth 8-7075] Helper process launched with PID 29633
---------------------------------------------------------------------------------
Starting RTL Elaboration : Time (s): cpu = 00:00:02 ; elapsed = 00:00:02 . Memory (MB): peak = 3062.094 ; gain = 334.766 ; free physical = 46384 ; free virtual = 91252
---------------------------------------------------------------------------------
WARNING: [Synth 8-11065] parameter 'CL_S_COUNT' becomes localparam in 'axil_crossbar_addr' with formal parameter declaration list [/home/keshav/Documents/Workspace/corundum/fpga/mqnic/ADM_PCIE_9V3/fpga_25g/lib/axi/rtl/axil_crossbar_addr.v:98]
WARNING: [Synth 8-11065] parameter 'CL_M_COUNT' becomes localparam in 'axil_crossbar_addr' with formal parameter declaration list [/home/keshav/Documents/Workspace/corundum/fpga/mqnic/ADM_PCIE_9V3/fpga_25g/lib/axi/rtl/axil_crossbar_addr.v:99]
WARNING: [Synth 8-11065] parameter 'M_BASE_ADDR_INT' becomes localparam in 'axil_crossbar_addr' with formal parameter declaration list [/home/keshav/Documents/Workspace/corundum/fpga/mqnic/ADM_PCIE_9V3/fpga_25g/lib/axi/rtl/axil_crossbar_addr.v:126]
WARNING: [Synth 8-11065] parameter 'CL_S_COUNT' becomes localparam in 'axil_crossbar_rd' with formal parameter declaration list [/home/keshav/Documents/Workspace/corundum/fpga/mqnic/ADM_PCIE_9V3/fpga_25g/lib/axi/rtl/axil_crossbar_rd.v:109]
WARNING: [Synth 8-11065] parameter 'CL_M_COUNT' becomes localparam in 'axil_crossbar_rd' with formal parameter declaration list [/home/keshav/Documents/Workspace/corundum/fpga/mqnic/ADM_PCIE_9V3/fpga_25g/lib/axi/rtl/axil_crossbar_rd.v:110]
WARNING: [Synth 8-11065] parameter 'M_COUNT_P1' becomes localparam in 'axil_crossbar_rd' with formal parameter declaration list [/home/keshav/Documents/Workspace/corundum/fpga/mqnic/ADM_PCIE_9V3/fpga_25g/lib/axi/rtl/axil_crossbar_rd.v:111]
WARNING: [Synth 8-11065] parameter 'CL_M_COUNT_P1' becomes localparam in 'axil_crossbar_rd' with formal parameter declaration list [/home/keshav/Documents/Workspace/corundum/fpga/mqnic/ADM_PCIE_9V3/fpga_25g/lib/axi/rtl/axil_crossbar_rd.v:112]
WARNING: [Synth 8-11065] parameter 'CL_S_COUNT' becomes localparam in 'axil_crossbar_wr' with formal parameter declaration list [/home/keshav/Documents/Workspace/corundum/fpga/mqnic/ADM_PCIE_9V3/fpga_25g/lib/axi/rtl/axil_crossbar_wr.v:121]
WARNING: [Synth 8-11065] parameter 'CL_M_COUNT' becomes localparam in 'axil_crossbar_wr' with formal parameter declaration list [/home/keshav/Documents/Workspace/corundum/fpga/mqnic/ADM_PCIE_9V3/fpga_25g/lib/axi/rtl/axil_crossbar_wr.v:122]
WARNING: [Synth 8-11065] parameter 'M_COUNT_P1' becomes localparam in 'axil_crossbar_wr' with formal parameter declaration list [/home/keshav/Documents/Workspace/corundum/fpga/mqnic/ADM_PCIE_9V3/fpga_25g/lib/axi/rtl/axil_crossbar_wr.v:123]
WARNING: [Synth 8-11065] parameter 'CL_M_COUNT_P1' becomes localparam in 'axil_crossbar_wr' with formal parameter declaration list [/home/keshav/Documents/Workspace/corundum/fpga/mqnic/ADM_PCIE_9V3/fpga_25g/lib/axi/rtl/axil_crossbar_wr.v:124]
WARNING: [Synth 8-11065] parameter 'CL_S_COUNT' becomes localparam in 'axil_interconnect' with formal parameter declaration list [/home/keshav/Documents/Workspace/corundum/fpga/mqnic/ADM_PCIE_9V3/fpga_25g/lib/axi/rtl/axil_interconnect.v:116]
WARNING: [Synth 8-11065] parameter 'CL_M_COUNT' becomes localparam in 'axil_interconnect' with formal parameter declaration list [/home/keshav/Documents/Workspace/corundum/fpga/mqnic/ADM_PCIE_9V3/fpga_25g/lib/axi/rtl/axil_interconnect.v:117]
WARNING: [Synth 8-11065] parameter 'M_BASE_ADDR_INT' becomes localparam in 'axil_interconnect' with formal parameter declaration list [/home/keshav/Documents/Workspace/corundum/fpga/mqnic/ADM_PCIE_9V3/fpga_25g/lib/axi/rtl/axil_interconnect.v:144]
WARNING: [Synth 8-11065] parameter 'TIMEOUT_WIDTH' becomes localparam in 'axil_reg_if_rd' with formal parameter declaration list [/home/keshav/Documents/Workspace/corundum/fpga/mqnic/ADM_PCIE_9V3/fpga_25g/lib/axi/rtl/axil_reg_if_rd.v:71]
WARNING: [Synth 8-11065] parameter 'TIMEOUT_WIDTH' becomes localparam in 'axil_reg_if_wr' with formal parameter declaration list [/home/keshav/Documents/Workspace/corundum/fpga/mqnic/ADM_PCIE_9V3/fpga_25g/lib/axi/rtl/axil_reg_if_wr.v:75]
WARNING: [Synth 8-11065] parameter 'CL_S_COUNT' becomes localparam in 'axis_arb_mux' with formal parameter declaration list [/home/keshav/Documents/Workspace/corundum/fpga/mqnic/ADM_PCIE_9V3/fpga_25g/lib/axis/rtl/axis_arb_mux.v:96]
WARNING: [Synth 8-11065] parameter 'S_ID_WIDTH_INT' becomes localparam in 'axis_arb_mux' with formal parameter declaration list [/home/keshav/Documents/Workspace/corundum/fpga/mqnic/ADM_PCIE_9V3/fpga_25g/lib/axis/rtl/axis_arb_mux.v:98]
WARNING: [Synth 8-11065] parameter 'ADDR_WIDTH' becomes localparam in 'axis_async_fifo' with formal parameter declaration list [/home/keshav/Documents/Workspace/corundum/fpga/mqnic/ADM_PCIE_9V3/fpga_25g/lib/axis/rtl/axis_async_fifo.v:145]
WARNING: [Synth 8-11065] parameter 'OUTPUT_FIFO_ADDR_WIDTH' becomes localparam in 'axis_async_fifo' with formal parameter declaration list [/home/keshav/Documents/Workspace/corundum/fpga/mqnic/ADM_PCIE_9V3/fpga_25g/lib/axis/rtl/axis_async_fifo.v:147]
WARNING: [Synth 8-11065] parameter 'CL_M_COUNT' becomes localparam in 'axis_demux' with formal parameter declaration list [/home/keshav/Documents/Workspace/corundum/fpga/mqnic/ADM_PCIE_9V3/fpga_25g/lib/axis/rtl/axis_demux.v:97]
WARNING: [Synth 8-11065] parameter 'M_DEST_WIDTH_INT' becomes localparam in 'axis_demux' with formal parameter declaration list [/home/keshav/Documents/Workspace/corundum/fpga/mqnic/ADM_PCIE_9V3/fpga_25g/lib/axis/rtl/axis_demux.v:99]
WARNING: [Synth 8-11065] parameter 'ADDR_WIDTH' becomes localparam in 'axis_fifo' with formal parameter declaration list [/home/keshav/Documents/Workspace/corundum/fpga/mqnic/ADM_PCIE_9V3/fpga_25g/lib/axis/rtl/axis_fifo.v:137]
WARNING: [Synth 8-11065] parameter 'OUTPUT_FIFO_ADDR_WIDTH' becomes localparam in 'axis_fifo' with formal parameter declaration list [/home/keshav/Documents/Workspace/corundum/fpga/mqnic/ADM_PCIE_9V3/fpga_25g/lib/axis/rtl/axis_fifo.v:139]
WARNING: [Synth 8-11065] parameter 'FIFO_ADDR_WIDTH' becomes localparam in 'axis_pipeline_fifo' with formal parameter declaration list [/home/keshav/Documents/Workspace/corundum/fpga/mqnic/ADM_PCIE_9V3/fpga_25g/lib/axis/rtl/axis_pipeline_fifo.v:88]
WARNING: [Synth 8-11065] parameter 'EMPTY_WIDTH' becomes localparam in 'axis_xgmii_tx_64' with formal parameter declaration list [/home/keshav/Documents/Workspace/corundum/fpga/mqnic/ADM_PCIE_9V3/fpga_25g/lib/eth/rtl/axis_xgmii_tx_64.v:92]
WARNING: [Synth 8-11065] parameter 'MIN_LEN_WIDTH' becomes localparam in 'axis_xgmii_tx_64' with formal parameter declaration list [/home/keshav/Documents/Workspace/corundum/fpga/mqnic/ADM_PCIE_9V3/fpga_25g/lib/eth/rtl/axis_xgmii_tx_64.v:93]
WARNING: [Synth 8-11065] parameter 'CL_PORTS' becomes localparam in 'cpl_op_mux' with formal parameter declaration list [/home/keshav/Documents/Workspace/corundum/fpga/mqnic/ADM_PCIE_9V3/fpga_25g/rtl/common/cpl_op_mux.v:76]
WARNING: [Synth 8-11065] parameter 'QUEUE_COUNT' becomes localparam in 'cpl_queue_manager' with formal parameter declaration list [/home/keshav/Documents/Workspace/corundum/fpga/mqnic/ADM_PCIE_9V3/fpga_25g/rtl/common/cpl_queue_manager.v:115]
WARNING: [Synth 8-11065] parameter 'CL_OP_TABLE_SIZE' becomes localparam in 'cpl_queue_manager' with formal parameter declaration list [/home/keshav/Documents/Workspace/corundum/fpga/mqnic/ADM_PCIE_9V3/fpga_25g/rtl/common/cpl_queue_manager.v:117]
WARNING: [Synth 8-11065] parameter 'CL_CPL_SIZE' becomes localparam in 'cpl_queue_manager' with formal parameter declaration list [/home/keshav/Documents/Workspace/corundum/fpga/mqnic/ADM_PCIE_9V3/fpga_25g/rtl/common/cpl_queue_manager.v:119]
WARNING: [Synth 8-11065] parameter 'QUEUE_RAM_BE_WIDTH' becomes localparam in 'cpl_queue_manager' with formal parameter declaration list [/home/keshav/Documents/Workspace/corundum/fpga/mqnic/ADM_PCIE_9V3/fpga_25g/rtl/common/cpl_queue_manager.v:121]
WARNING: [Synth 8-11065] parameter 'QUEUE_RAM_WIDTH' becomes localparam in 'cpl_queue_manager' with formal parameter declaration list [/home/keshav/Documents/Workspace/corundum/fpga/mqnic/ADM_PCIE_9V3/fpga_25g/rtl/common/cpl_queue_manager.v:122]
WARNING: [Synth 8-11065] parameter 'CL_DESC_TABLE_SIZE' becomes localparam in 'cpl_write' with formal parameter declaration list [/home/keshav/Documents/Workspace/corundum/fpga/mqnic/ADM_PCIE_9V3/fpga_25g/rtl/common/cpl_write.v:134]
WARNING: [Synth 8-11065] parameter 'DESC_PTR_MASK' becomes localparam in 'cpl_write' with formal parameter declaration list [/home/keshav/Documents/Workspace/corundum/fpga/mqnic/ADM_PCIE_9V3/fpga_25g/rtl/common/cpl_write.v:135]
WARNING: [Synth 8-11065] parameter 'CL_PORTS' becomes localparam in 'cpl_write' with formal parameter declaration list [/home/keshav/Documents/Workspace/corundum/fpga/mqnic/ADM_PCIE_9V3/fpga_25g/rtl/common/cpl_write.v:137]
WARNING: [Synth 8-11065] parameter 'CL_DESC_TABLE_SIZE' becomes localparam in 'desc_fetch' with formal parameter declaration list [/home/keshav/Documents/Workspace/corundum/fpga/mqnic/ADM_PCIE_9V3/fpga_25g/rtl/common/desc_fetch.v:160]
WARNING: [Synth 8-11065] parameter 'DESC_PTR_MASK' becomes localparam in 'desc_fetch' with formal parameter declaration list [/home/keshav/Documents/Workspace/corundum/fpga/mqnic/ADM_PCIE_9V3/fpga_25g/rtl/common/desc_fetch.v:161]
WARNING: [Synth 8-11065] parameter 'CL_PORTS' becomes localparam in 'desc_fetch' with formal parameter declaration list [/home/keshav/Documents/Workspace/corundum/fpga/mqnic/ADM_PCIE_9V3/fpga_25g/rtl/common/desc_fetch.v:163]
WARNING: [Synth 8-11065] parameter 'CL_DESC_SIZE' becomes localparam in 'desc_fetch' with formal parameter declaration list [/home/keshav/Documents/Workspace/corundum/fpga/mqnic/ADM_PCIE_9V3/fpga_25g/rtl/common/desc_fetch.v:165]
WARNING: [Synth 8-11065] parameter 'CL_PORTS' becomes localparam in 'desc_op_mux' with formal parameter declaration list [/home/keshav/Documents/Workspace/corundum/fpga/mqnic/ADM_PCIE_9V3/fpga_25g/rtl/common/desc_op_mux.v:108]
WARNING: [Synth 8-11065] parameter 'RAM_WORD_WIDTH' becomes localparam in 'dma_client_axis_sink' with formal parameter declaration list [/home/keshav/Documents/Workspace/corundum/fpga/mqnic/ADM_PCIE_9V3/fpga_25g/lib/pcie/rtl/dma_client_axis_sink.v:124]
WARNING: [Synth 8-11065] parameter 'RAM_WORD_SIZE' becomes localparam in 'dma_client_axis_sink' with formal parameter declaration list [/home/keshav/Documents/Workspace/corundum/fpga/mqnic/ADM_PCIE_9V3/fpga_25g/lib/pcie/rtl/dma_client_axis_sink.v:125]
WARNING: [Synth 8-11065] parameter 'AXIS_KEEP_WIDTH_INT' becomes localparam in 'dma_client_axis_sink' with formal parameter declaration list [/home/keshav/Documents/Workspace/corundum/fpga/mqnic/ADM_PCIE_9V3/fpga_25g/lib/pcie/rtl/dma_client_axis_sink.v:127]
WARNING: [Synth 8-11065] parameter 'AXIS_WORD_WIDTH' becomes localparam in 'dma_client_axis_sink' with formal parameter declaration list [/home/keshav/Documents/Workspace/corundum/fpga/mqnic/ADM_PCIE_9V3/fpga_25g/lib/pcie/rtl/dma_client_axis_sink.v:128]
WARNING: [Synth 8-11065] parameter 'AXIS_WORD_SIZE' becomes localparam in 'dma_client_axis_sink' with formal parameter declaration list [/home/keshav/Documents/Workspace/corundum/fpga/mqnic/ADM_PCIE_9V3/fpga_25g/lib/pcie/rtl/dma_client_axis_sink.v:129]
WARNING: [Synth 8-11065] parameter 'PART_COUNT' becomes localparam in 'dma_client_axis_sink' with formal parameter declaration list [/home/keshav/Documents/Workspace/corundum/fpga/mqnic/ADM_PCIE_9V3/fpga_25g/lib/pcie/rtl/dma_client_axis_sink.v:131]
WARNING: [Synth 8-11065] parameter 'PART_COUNT_WIDTH' becomes localparam in 'dma_client_axis_sink' with formal parameter declaration list [/home/keshav/Documents/Workspace/corundum/fpga/mqnic/ADM_PCIE_9V3/fpga_25g/lib/pcie/rtl/dma_client_axis_sink.v:132]
WARNING: [Synth 8-11065] parameter 'PART_OFFSET_WIDTH' becomes localparam in 'dma_client_axis_sink' with formal parameter declaration list [/home/keshav/Documents/Workspace/corundum/fpga/mqnic/ADM_PCIE_9V3/fpga_25g/lib/pcie/rtl/dma_client_axis_sink.v:133]
WARNING: [Synth 8-11065] parameter 'PARTS_PER_SEG' becomes localparam in 'dma_client_axis_sink' with formal parameter declaration list [/home/keshav/Documents/Workspace/corundum/fpga/mqnic/ADM_PCIE_9V3/fpga_25g/lib/pcie/rtl/dma_client_axis_sink.v:134]
WARNING: [Synth 8-11065] parameter 'SEGS_PER_PART' becomes localparam in 'dma_client_axis_sink' with formal parameter declaration list [/home/keshav/Documents/Workspace/corundum/fpga/mqnic/ADM_PCIE_9V3/fpga_25g/lib/pcie/rtl/dma_client_axis_sink.v:135]
WARNING: [Synth 8-11065] parameter 'OFFSET_WIDTH' becomes localparam in 'dma_client_axis_sink' with formal parameter declaration list [/home/keshav/Documents/Workspace/corundum/fpga/mqnic/ADM_PCIE_9V3/fpga_25g/lib/pcie/rtl/dma_client_axis_sink.v:137]
WARNING: [Synth 8-11065] parameter 'OFFSET_MASK' becomes localparam in 'dma_client_axis_sink' with formal parameter declaration list [/home/keshav/Documents/Workspace/corundum/fpga/mqnic/ADM_PCIE_9V3/fpga_25g/lib/pcie/rtl/dma_client_axis_sink.v:138]
WARNING: [Synth 8-11065] parameter 'ADDR_MASK' becomes localparam in 'dma_client_axis_sink' with formal parameter declaration list [/home/keshav/Documents/Workspace/corundum/fpga/mqnic/ADM_PCIE_9V3/fpga_25g/lib/pcie/rtl/dma_client_axis_sink.v:139]
WARNING: [Synth 8-11065] parameter 'CYCLE_COUNT_WIDTH' becomes localparam in 'dma_client_axis_sink' with formal parameter declaration list [/home/keshav/Documents/Workspace/corundum/fpga/mqnic/ADM_PCIE_9V3/fpga_25g/lib/pcie/rtl/dma_client_axis_sink.v:140]
WARNING: [Synth 8-11065] parameter 'STATUS_FIFO_ADDR_WIDTH' becomes localparam in 'dma_client_axis_sink' with formal parameter declaration list [/home/keshav/Documents/Workspace/corundum/fpga/mqnic/ADM_PCIE_9V3/fpga_25g/lib/pcie/rtl/dma_client_axis_sink.v:142]
WARNING: [Synth 8-11065] parameter 'OUTPUT_FIFO_ADDR_WIDTH' becomes localparam in 'dma_client_axis_sink' with formal parameter declaration list [/home/keshav/Documents/Workspace/corundum/fpga/mqnic/ADM_PCIE_9V3/fpga_25g/lib/pcie/rtl/dma_client_axis_sink.v:143]
WARNING: [Synth 8-11065] parameter 'RAM_WORD_WIDTH' becomes localparam in 'dma_client_axis_source' with formal parameter declaration list [/home/keshav/Documents/Workspace/corundum/fpga/mqnic/ADM_PCIE_9V3/fpga_25g/lib/pcie/rtl/dma_client_axis_source.v:122]
WARNING: [Synth 8-11065] parameter 'RAM_WORD_SIZE' becomes localparam in 'dma_client_axis_source' with formal parameter declaration list [/home/keshav/Documents/Workspace/corundum/fpga/mqnic/ADM_PCIE_9V3/fpga_25g/lib/pcie/rtl/dma_client_axis_source.v:123]
WARNING: [Synth 8-11065] parameter 'AXIS_KEEP_WIDTH_INT' becomes localparam in 'dma_client_axis_source' with formal parameter declaration list [/home/keshav/Documents/Workspace/corundum/fpga/mqnic/ADM_PCIE_9V3/fpga_25g/lib/pcie/rtl/dma_client_axis_source.v:125]
WARNING: [Synth 8-11065] parameter 'AXIS_WORD_WIDTH' becomes localparam in 'dma_client_axis_source' with formal parameter declaration list [/home/keshav/Documents/Workspace/corundum/fpga/mqnic/ADM_PCIE_9V3/fpga_25g/lib/pcie/rtl/dma_client_axis_source.v:126]
WARNING: [Synth 8-11065] parameter 'AXIS_WORD_SIZE' becomes localparam in 'dma_client_axis_source' with formal parameter declaration list [/home/keshav/Documents/Workspace/corundum/fpga/mqnic/ADM_PCIE_9V3/fpga_25g/lib/pcie/rtl/dma_client_axis_source.v:127]
WARNING: [Synth 8-11065] parameter 'PART_COUNT' becomes localparam in 'dma_client_axis_source' with formal parameter declaration list [/home/keshav/Documents/Workspace/corundum/fpga/mqnic/ADM_PCIE_9V3/fpga_25g/lib/pcie/rtl/dma_client_axis_source.v:129]
WARNING: [Synth 8-11065] parameter 'PART_COUNT_WIDTH' becomes localparam in 'dma_client_axis_source' with formal parameter declaration list [/home/keshav/Documents/Workspace/corundum/fpga/mqnic/ADM_PCIE_9V3/fpga_25g/lib/pcie/rtl/dma_client_axis_source.v:130]
WARNING: [Synth 8-11065] parameter 'PART_OFFSET_WIDTH' becomes localparam in 'dma_client_axis_source' with formal parameter declaration list [/home/keshav/Documents/Workspace/corundum/fpga/mqnic/ADM_PCIE_9V3/fpga_25g/lib/pcie/rtl/dma_client_axis_source.v:131]
WARNING: [Synth 8-11065] parameter 'PARTS_PER_SEG' becomes localparam in 'dma_client_axis_source' with formal parameter declaration list [/home/keshav/Documents/Workspace/corundum/fpga/mqnic/ADM_PCIE_9V3/fpga_25g/lib/pcie/rtl/dma_client_axis_source.v:132]
WARNING: [Synth 8-11065] parameter 'SEGS_PER_PART' becomes localparam in 'dma_client_axis_source' with formal parameter declaration list [/home/keshav/Documents/Workspace/corundum/fpga/mqnic/ADM_PCIE_9V3/fpga_25g/lib/pcie/rtl/dma_client_axis_source.v:133]
WARNING: [Synth 8-11065] parameter 'OFFSET_WIDTH' becomes localparam in 'dma_client_axis_source' with formal parameter declaration list [/home/keshav/Documents/Workspace/corundum/fpga/mqnic/ADM_PCIE_9V3/fpga_25g/lib/pcie/rtl/dma_client_axis_source.v:135]
WARNING: [Synth 8-11065] parameter 'OFFSET_MASK' becomes localparam in 'dma_client_axis_source' with formal parameter declaration list [/home/keshav/Documents/Workspace/corundum/fpga/mqnic/ADM_PCIE_9V3/fpga_25g/lib/pcie/rtl/dma_client_axis_source.v:136]
WARNING: [Synth 8-11065] parameter 'ADDR_MASK' becomes localparam in 'dma_client_axis_source' with formal parameter declaration list [/home/keshav/Documents/Workspace/corundum/fpga/mqnic/ADM_PCIE_9V3/fpga_25g/lib/pcie/rtl/dma_client_axis_source.v:137]
WARNING: [Synth 8-11065] parameter 'CYCLE_COUNT_WIDTH' becomes localparam in 'dma_client_axis_source' with formal parameter declaration list [/home/keshav/Documents/Workspace/corundum/fpga/mqnic/ADM_PCIE_9V3/fpga_25g/lib/pcie/rtl/dma_client_axis_source.v:138]
WARNING: [Synth 8-11065] parameter 'OUTPUT_FIFO_ADDR_WIDTH' becomes localparam in 'dma_client_axis_source' with formal parameter declaration list [/home/keshav/Documents/Workspace/corundum/fpga/mqnic/ADM_PCIE_9V3/fpga_25g/lib/pcie/rtl/dma_client_axis_source.v:140]
WARNING: [Synth 8-11065] parameter 'CL_PORTS' becomes localparam in 'dma_if_desc_mux' with formal parameter declaration list [/home/keshav/Documents/Workspace/corundum/fpga/mqnic/ADM_PCIE_9V3/fpga_25g/lib/pcie/rtl/dma_if_desc_mux.v:110]
WARNING: [Synth 8-11065] parameter 'S_RAM_SEL_WIDTH_INT' becomes localparam in 'dma_if_desc_mux' with formal parameter declaration list [/home/keshav/Documents/Workspace/corundum/fpga/mqnic/ADM_PCIE_9V3/fpga_25g/lib/pcie/rtl/dma_if_desc_mux.v:112]
WARNING: [Synth 8-11065] parameter 'FIFO_ADDR_WIDTH' becomes localparam in 'dma_if_desc_mux' with formal parameter declaration list [/home/keshav/Documents/Workspace/corundum/fpga/mqnic/ADM_PCIE_9V3/fpga_25g/lib/pcie/rtl/dma_if_desc_mux.v:114]
WARNING: [Synth 8-11065] parameter 'RAM_DATA_WIDTH' becomes localparam in 'dma_if_pcie_rd' with formal parameter declaration list [/home/keshav/Documents/Workspace/corundum/fpga/mqnic/ADM_PCIE_9V3/fpga_25g/lib/pcie/rtl/dma_if_pcie_rd.v:179]
WARNING: [Synth 8-11065] parameter 'RAM_WORD_WIDTH' becomes localparam in 'dma_if_pcie_rd' with formal parameter declaration list [/home/keshav/Documents/Workspace/corundum/fpga/mqnic/ADM_PCIE_9V3/fpga_25g/lib/pcie/rtl/dma_if_pcie_rd.v:180]
WARNING: [Synth 8-11065] parameter 'RAM_WORD_SIZE' becomes localparam in 'dma_if_pcie_rd' with formal parameter declaration list [/home/keshav/Documents/Workspace/corundum/fpga/mqnic/ADM_PCIE_9V3/fpga_25g/lib/pcie/rtl/dma_if_pcie_rd.v:181]
WARNING: [Synth 8-11065] parameter 'TLP_DATA_WIDTH_BYTES' becomes localparam in 'dma_if_pcie_rd' with formal parameter declaration list [/home/keshav/Documents/Workspace/corundum/fpga/mqnic/ADM_PCIE_9V3/fpga_25g/lib/pcie/rtl/dma_if_pcie_rd.v:183]
WARNING: [Synth 8-11065] parameter 'TLP_DATA_WIDTH_DWORDS' becomes localparam in 'dma_if_pcie_rd' with formal parameter declaration list [/home/keshav/Documents/Workspace/corundum/fpga/mqnic/ADM_PCIE_9V3/fpga_25g/lib/pcie/rtl/dma_if_pcie_rd.v:184]
WARNING: [Synth 8-11065] parameter 'OFFSET_WIDTH' becomes localparam in 'dma_if_pcie_rd' with formal parameter declaration list [/home/keshav/Documents/Workspace/corundum/fpga/mqnic/ADM_PCIE_9V3/fpga_25g/lib/pcie/rtl/dma_if_pcie_rd.v:186]
WARNING: [Synth 8-11065] parameter 'RAM_OFFSET_WIDTH' becomes localparam in 'dma_if_pcie_rd' with formal parameter declaration list [/home/keshav/Documents/Workspace/corundum/fpga/mqnic/ADM_PCIE_9V3/fpga_25g/lib/pcie/rtl/dma_if_pcie_rd.v:187]
WARNING: [Synth 8-11065] parameter 'PCIE_TAG_WIDTH' becomes localparam in 'dma_if_pcie_rd' with formal parameter declaration list [/home/keshav/Documents/Workspace/corundum/fpga/mqnic/ADM_PCIE_9V3/fpga_25g/lib/pcie/rtl/dma_if_pcie_rd.v:189]
WARNING: [Synth 8-11065] parameter 'PCIE_TAG_COUNT_1' becomes localparam in 'dma_if_pcie_rd' with formal parameter declaration list [/home/keshav/Documents/Workspace/corundum/fpga/mqnic/ADM_PCIE_9V3/fpga_25g/lib/pcie/rtl/dma_if_pcie_rd.v:190]
WARNING: [Synth 8-11065] parameter 'PCIE_TAG_WIDTH_1' becomes localparam in 'dma_if_pcie_rd' with formal parameter declaration list [/home/keshav/Documents/Workspace/corundum/fpga/mqnic/ADM_PCIE_9V3/fpga_25g/lib/pcie/rtl/dma_if_pcie_rd.v:191]
WARNING: [Synth 8-11065] parameter 'PCIE_TAG_COUNT_2' becomes localparam in 'dma_if_pcie_rd' with formal parameter declaration list [/home/keshav/Documents/Workspace/corundum/fpga/mqnic/ADM_PCIE_9V3/fpga_25g/lib/pcie/rtl/dma_if_pcie_rd.v:192]
WARNING: [Synth 8-11065] parameter 'PCIE_TAG_WIDTH_2' becomes localparam in 'dma_if_pcie_rd' with formal parameter declaration list [/home/keshav/Documents/Workspace/corundum/fpga/mqnic/ADM_PCIE_9V3/fpga_25g/lib/pcie/rtl/dma_if_pcie_rd.v:193]
WARNING: [Synth 8-11065] parameter 'OP_TAG_WIDTH' becomes localparam in 'dma_if_pcie_rd' with formal parameter declaration list [/home/keshav/Documents/Workspace/corundum/fpga/mqnic/ADM_PCIE_9V3/fpga_25g/lib/pcie/rtl/dma_if_pcie_rd.v:195]
WARNING: [Synth 8-11065] parameter 'OP_TABLE_READ_COUNT_WIDTH' becomes localparam in 'dma_if_pcie_rd' with formal parameter declaration list [/home/keshav/Documents/Workspace/corundum/fpga/mqnic/ADM_PCIE_9V3/fpga_25g/lib/pcie/rtl/dma_if_pcie_rd.v:196]
WARNING: [Synth 8-11065] parameter 'TX_COUNT_WIDTH' becomes localparam in 'dma_if_pcie_rd' with formal parameter declaration list [/home/keshav/Documents/Workspace/corundum/fpga/mqnic/ADM_PCIE_9V3/fpga_25g/lib/pcie/rtl/dma_if_pcie_rd.v:198]
WARNING: [Synth 8-11065] parameter 'CL_CPLH_FC_LIMIT' becomes localparam in 'dma_if_pcie_rd' with formal parameter declaration list [/home/keshav/Documents/Workspace/corundum/fpga/mqnic/ADM_PCIE_9V3/fpga_25g/lib/pcie/rtl/dma_if_pcie_rd.v:200]
WARNING: [Synth 8-11065] parameter 'CL_CPLD_FC_LIMIT' becomes localparam in 'dma_if_pcie_rd' with formal parameter declaration list [/home/keshav/Documents/Workspace/corundum/fpga/mqnic/ADM_PCIE_9V3/fpga_25g/lib/pcie/rtl/dma_if_pcie_rd.v:201]
WARNING: [Synth 8-11065] parameter 'STATUS_FIFO_ADDR_WIDTH' becomes localparam in 'dma_if_pcie_rd' with formal parameter declaration list [/home/keshav/Documents/Workspace/corundum/fpga/mqnic/ADM_PCIE_9V3/fpga_25g/lib/pcie/rtl/dma_if_pcie_rd.v:203]
WARNING: [Synth 8-11065] parameter 'OUTPUT_FIFO_ADDR_WIDTH' becomes localparam in 'dma_if_pcie_rd' with formal parameter declaration list [/home/keshav/Documents/Workspace/corundum/fpga/mqnic/ADM_PCIE_9V3/fpga_25g/lib/pcie/rtl/dma_if_pcie_rd.v:204]
WARNING: [Synth 8-11065] parameter 'INIT_COUNT_WIDTH' becomes localparam in 'dma_if_pcie_rd' with formal parameter declaration list [/home/keshav/Documents/Workspace/corundum/fpga/mqnic/ADM_PCIE_9V3/fpga_25g/lib/pcie/rtl/dma_if_pcie_rd.v:206]
WARNING: [Synth 8-11065] parameter 'RAM_DATA_WIDTH' becomes localparam in 'dma_if_pcie_wr' with formal parameter declaration list [/home/keshav/Documents/Workspace/corundum/fpga/mqnic/ADM_PCIE_9V3/fpga_25g/lib/pcie/rtl/dma_if_pcie_wr.v:164]
WARNING: [Synth 8-11065] parameter 'RAM_WORD_WIDTH' becomes localparam in 'dma_if_pcie_wr' with formal parameter declaration list [/home/keshav/Documents/Workspace/corundum/fpga/mqnic/ADM_PCIE_9V3/fpga_25g/lib/pcie/rtl/dma_if_pcie_wr.v:165]
WARNING: [Synth 8-11065] parameter 'RAM_WORD_SIZE' becomes localparam in 'dma_if_pcie_wr' with formal parameter declaration list [/home/keshav/Documents/Workspace/corundum/fpga/mqnic/ADM_PCIE_9V3/fpga_25g/lib/pcie/rtl/dma_if_pcie_wr.v:166]
WARNING: [Synth 8-11065] parameter 'TLP_DATA_WIDTH_BYTES' becomes localparam in 'dma_if_pcie_wr' with formal parameter declaration list [/home/keshav/Documents/Workspace/corundum/fpga/mqnic/ADM_PCIE_9V3/fpga_25g/lib/pcie/rtl/dma_if_pcie_wr.v:168]
WARNING: [Synth 8-11065] parameter 'TLP_DATA_WIDTH_DWORDS' becomes localparam in 'dma_if_pcie_wr' with formal parameter declaration list [/home/keshav/Documents/Workspace/corundum/fpga/mqnic/ADM_PCIE_9V3/fpga_25g/lib/pcie/rtl/dma_if_pcie_wr.v:169]
INFO: [Common 17-14] Message 'Synth 8-11065' appears 100 times and further instances of the messages will be disabled. Use the Tcl command set_msg_config to change the current settings.
WARNING: [Synth 8-6901] identifier 'DMA_CLIENT_LEN_WIDTH' is used before its declaration [/home/keshav/Documents/Workspace/corundum/fpga/mqnic/ADM_PCIE_9V3/fpga_25g/rtl/common/mqnic_interface_rx.v:215]
WARNING: [Synth 8-6901] identifier 'DMA_CLIENT_LEN_WIDTH' is used before its declaration [/home/keshav/Documents/Workspace/corundum/fpga/mqnic/ADM_PCIE_9V3/fpga_25g/rtl/common/mqnic_interface_tx.v:87]
WARNING: [Synth 8-6901] identifier 'DMA_CLIENT_LEN_WIDTH' is used before its declaration [/home/keshav/Documents/Workspace/corundum/fpga/mqnic/ADM_PCIE_9V3/fpga_25g/rtl/common/mqnic_interface_tx.v:188]
WARNING: [Synth 8-9400] empty statement in sequential block [/home/keshav/Documents/Workspace/corundum/fpga/mqnic/ADM_PCIE_9V3/fpga_25g/rtl/common/stats_collect.v:159]
WARNING: [Synth 8-9400] empty statement in sequential block [/home/keshav/Documents/Workspace/corundum/fpga/mqnic/ADM_PCIE_9V3/fpga_25g/rtl/common/tx_scheduler_rr.v:667]
INFO: [Synth 8-6157] synthesizing module 'fpga' [/home/keshav/Documents/Workspace/corundum/fpga/mqnic/ADM_PCIE_9V3/fpga_25g/rtl/fpga.v:15]
	Parameter FPGA_ID bound to: 78876819 - type: integer 
	Parameter FW_ID bound to: 0 - type: integer 
	Parameter FW_VER bound to: 256 - type: integer 
	Parameter BOARD_ID bound to: 1095012355 - type: integer 
	Parameter BOARD_VER bound to: 16777216 - type: integer 
	Parameter BUILD_DATE bound to: 1790816955 - type: integer 
	Parameter GIT_HASH bound to: 480253211 - type: integer 
	Parameter RELEASE_INFO bound to: 0 - type: integer 
	Parameter TDMA_BER_ENABLE bound to: 0 - type: integer 
	Parameter IF_COUNT bound to: 2 - type: integer 
	Parameter PORTS_PER_IF bound to: 1 - type: integer 
	Parameter SCHED_PER_IF bound to: 1 - type: integer 
	Parameter PORT_MASK bound to: 0 - type: integer 
	Parameter CLK_PERIOD_NS_NUM bound to: 4 - type: integer 
	Parameter CLK_PERIOD_NS_DENOM bound to: 1 - type: integer 
	Parameter PTP_CLOCK_PIPELINE bound to: 0 - type: integer 
	Parameter PTP_CLOCK_CDC_PIPELINE bound to: 0 - type: integer 
	Parameter PTP_PORT_CDC_PIPELINE bound to: 0 - type: integer 
	Parameter PTP_PEROUT_ENABLE bound to: 0 - type: integer 
	Parameter PTP_PEROUT_COUNT bound to: 1 - type: integer 
	Parameter EVENT_QUEUE_OP_TABLE_SIZE bound to: 32 - type: integer 
	Parameter TX_QUEUE_OP_TABLE_SIZE bound to: 32 - type: integer 
	Parameter RX_QUEUE_OP_TABLE_SIZE bound to: 32 - type: integer 
	Parameter CQ_OP_TABLE_SIZE bound to: 32 - type: integer 
	Parameter EQN_WIDTH bound to: 6 - type: integer 
	Parameter TX_QUEUE_INDEX_WIDTH bound to: 13 - type: integer 
	Parameter RX_QUEUE_INDEX_WIDTH bound to: 8 - type: integer 
	Parameter CQN_WIDTH bound to: 14 - type: integer 
	Parameter EQ_PIPELINE bound to: 3 - type: integer 
	Parameter TX_QUEUE_PIPELINE bound to: 4 - type: integer 
	Parameter RX_QUEUE_PIPELINE bound to: 3 - type: integer 
	Parameter CQ_PIPELINE bound to: 5 - type: integer 
	Parameter TX_DESC_TABLE_SIZE bound to: 32 - type: integer 
	Parameter RX_DESC_TABLE_SIZE bound to: 32 - type: integer 
	Parameter RX_INDIR_TBL_ADDR_WIDTH bound to: 8 - type: integer 
	Parameter TX_SCHEDULER_OP_TABLE_SIZE bound to: 32 - type: integer 
	Parameter TX_SCHEDULER_PIPELINE bound to: 4 - type: integer 
	Parameter TDMA_INDEX_WIDTH bound to: 6 - type: integer 
	Parameter PTP_TS_ENABLE bound to: 1 - type: integer 
	Parameter TX_CPL_FIFO_DEPTH bound to: 32 - type: integer 
	Parameter TX_CHECKSUM_ENABLE bound to: 1 - type: integer 
	Parameter RX_HASH_ENABLE bound to: 1 - type: integer 
	Parameter RX_CHECKSUM_ENABLE bound to: 1 - type: integer 
	Parameter PFC_ENABLE bound to: 1 - type: integer 
	Parameter LFC_ENABLE bound to: 1 - type: integer 
	Parameter ENABLE_PADDING bound to: 1 - type: integer 
	Parameter ENABLE_DIC bound to: 1 - type: integer 
	Parameter MIN_FRAME_LENGTH bound to: 64 - type: integer 
	Parameter TX_FIFO_DEPTH bound to: 32768 - type: integer 
	Parameter RX_FIFO_DEPTH bound to: 65536 - type: integer 
	Parameter MAX_TX_SIZE bound to: 9214 - type: integer 
	Parameter MAX_RX_SIZE bound to: 9214 - type: integer 
	Parameter TX_RAM_SIZE bound to: 32768 - type: integer 
	Parameter RX_RAM_SIZE bound to: 131072 - type: integer 
	Parameter DDR_CH bound to: 2 - type: integer 
	Parameter DDR_ENABLE bound to: 0 - type: integer 
	Parameter AXI_DDR_ID_WIDTH bound to: 8 - type: integer 
	Parameter AXI_DDR_MAX_BURST_LEN bound to: 256 - type: integer 
	Parameter APP_ID bound to: 0 - type: integer 
	Parameter APP_ENABLE bound to: 0 - type: integer 
	Parameter APP_CTRL_ENABLE bound to: 1 - type: integer 
	Parameter APP_DMA_ENABLE bound to: 1 - type: integer 
	Parameter APP_AXIS_DIRECT_ENABLE bound to: 1 - type: integer 
	Parameter APP_AXIS_SYNC_ENABLE bound to: 1 - type: integer 
	Parameter APP_AXIS_IF_ENABLE bound to: 1 - type: integer 
	Parameter APP_STAT_ENABLE bound to: 1 - type: integer 
	Parameter DMA_IMM_ENABLE bound to: 0 - type: integer 
	Parameter DMA_IMM_WIDTH bound to: 32 - type: integer 
	Parameter DMA_LEN_WIDTH bound to: 16 - type: integer 
	Parameter DMA_TAG_WIDTH bound to: 16 - type: integer 
	Parameter RAM_ADDR_WIDTH bound to: 17 - type: integer 
	Parameter RAM_PIPELINE bound to: 2 - type: integer 
	Parameter AXIS_PCIE_DATA_WIDTH bound to: 512 - type: integer 
	Parameter IRQ_INDEX_WIDTH bound to: 6 - type: integer 
	Parameter AXIL_CTRL_DATA_WIDTH bound to: 32 - type: integer 
	Parameter AXIL_CTRL_ADDR_WIDTH bound to: 24 - type: integer 
	Parameter AXIL_APP_CTRL_DATA_WIDTH bound to: 32 - type: integer 
	Parameter AXIL_APP_CTRL_ADDR_WIDTH bound to: 24 - type: integer 
	Parameter AXIS_ETH_SYNC_DATA_WIDTH_DOUBLE bound to: 1 - type: integer 
	Parameter AXIS_ETH_TX_PIPELINE bound to: 0 - type: integer 
	Parameter AXIS_ETH_TX_FIFO_PIPELINE bound to: 2 - type: integer 
	Parameter AXIS_ETH_TX_TS_PIPELINE bound to: 0 - type: integer 
	Parameter AXIS_ETH_RX_PIPELINE bound to: 0 - type: integer 
	Parameter AXIS_ETH_RX_FIFO_PIPELINE bound to: 2 - type: integer 
	Parameter STAT_ENABLE bound to: 1 - type: integer 
	Parameter STAT_DMA_ENABLE bound to: 1 - type: integer 
	Parameter STAT_PCIE_ENABLE bound to: 1 - type: integer 
	Parameter STAT_INC_WIDTH bound to: 24 - type: integer 
	Parameter STAT_ID_WIDTH bound to: 12 - type: integer 
INFO: [Synth 8-6157] synthesizing module 'OBUFTDS' [/home/keshav/Xilinx/2026.1/Vivado/scripts/rt/data/unisim_comp.v:113835]
INFO: [Synth 8-6155] done synthesizing module 'OBUFTDS' (0#1) [/home/keshav/Xilinx/2026.1/Vivado/scripts/rt/data/unisim_comp.v:113835]
INFO: [Synth 8-6157] synthesizing module 'IBUFGDS' [/home/keshav/Xilinx/2026.1/Vivado/scripts/rt/data/unisim_comp.v:83424]
	Parameter DIFF_TERM bound to: FALSE - type: string 
	Parameter IBUF_LOW_PWR bound to: FALSE - type: string 
INFO: [Synth 8-6155] done synthesizing module 'IBUFGDS' (0#1) [/home/keshav/Xilinx/2026.1/Vivado/scripts/rt/data/unisim_comp.v:83424]
INFO: [Synth 8-6157] synthesizing module 'MMCME4_BASE' [/home/keshav/Xilinx/2026.1/Vivado/scripts/rt/data/unisim_comp.v:96244]
	Parameter BANDWIDTH bound to: OPTIMIZED - type: string 
	Parameter CLKFBOUT_MULT_F bound to: 1.000000e+01 - type: double 
	Parameter CLKFBOUT_PHASE bound to: 0.000000e+00 - type: double 
	Parameter CLKIN1_PERIOD bound to: 3.333000e+00 - type: double 
	Parameter CLKOUT0_DIVIDE_F bound to: 8.000000e+00 - type: double 
	Parameter CLKOUT0_DUTY_CYCLE bound to: 5.000000e-01 - type: double 
	Parameter CLKOUT0_PHASE bound to: 0.000000e+00 - type: double 
	Parameter CLKOUT1_DIVIDE bound to: 1 - type: integer 
	Parameter CLKOUT1_DUTY_CYCLE bound to: 5.000000e-01 - type: double 
	Parameter CLKOUT1_PHASE bound to: 0.000000e+00 - type: double 
	Parameter CLKOUT2_DIVIDE bound to: 1 - type: integer 
	Parameter CLKOUT2_DUTY_CYCLE bound to: 5.000000e-01 - type: double 
	Parameter CLKOUT2_PHASE bound to: 0.000000e+00 - type: double 
	Parameter CLKOUT3_DIVIDE bound to: 1 - type: integer 
	Parameter CLKOUT3_DUTY_CYCLE bound to: 5.000000e-01 - type: double 
	Parameter CLKOUT3_PHASE bound to: 0.000000e+00 - type: double 
	Parameter CLKOUT4_CASCADE bound to: FALSE - type: string 
	Parameter CLKOUT4_DIVIDE bound to: 1 - type: integer 
	Parameter CLKOUT4_DUTY_CYCLE bound to: 5.000000e-01 - type: double 
	Parameter CLKOUT4_PHASE bound to: 0.000000e+00 - type: double 
	Parameter CLKOUT5_DIVIDE bound to: 1 - type: integer 
	Parameter CLKOUT5_DUTY_CYCLE bound to: 5.000000e-01 - type: double 
	Parameter CLKOUT5_PHASE bound to: 0.000000e+00 - type: double 
	Parameter CLKOUT6_DIVIDE bound to: 1 - type: integer 
	Parameter CLKOUT6_DUTY_CYCLE bound to: 5.000000e-01 - type: double 
	Parameter CLKOUT6_PHASE bound to: 0.000000e+00 - type: double 
	Parameter DIVCLK_DIVIDE bound to: 3 - type: integer 
	Parameter REF_JITTER1 bound to: 1.000000e-02 - type: double 
	Parameter STARTUP_WAIT bound to: FALSE - type: string 
INFO: [Synth 8-6155] done synthesizing module 'MMCME4_BASE' (0#1) [/home/keshav/Xilinx/2026.1/Vivado/scripts/rt/data/unisim_comp.v:96244]
INFO: [Synth 8-6157] synthesizing module 'BUFG' [/home/keshav/Xilinx/2026.1/Vivado/scripts/rt/data/unisim_comp.v:2678]
INFO: [Synth 8-6155] done synthesizing module 'BUFG' (0#1) [/home/keshav/Xilinx/2026.1/Vivado/scripts/rt/data/unisim_comp.v:2678]
INFO: [Synth 8-6157] synthesizing module 'sync_reset' [/home/keshav/Documents/Workspace/corundum/fpga/mqnic/ADM_PCIE_9V3/fpga_25g/lib/axis/rtl/sync_reset.v:35]
	Parameter N bound to: 4 - type: integer 
INFO: [Synth 8-6155] done synthesizing module 'sync_reset' (0#1) [/home/keshav/Documents/Workspace/corundum/fpga/mqnic/ADM_PCIE_9V3/fpga_25g/lib/axis/rtl/sync_reset.v:35]
INFO: [Synth 8-6157] synthesizing module 'debounce_switch' [/home/keshav/Documents/Workspace/corundum/fpga/mqnic/ADM_PCIE_9V3/fpga_25g/rtl/debounce_switch.v:34]
	Parameter WIDTH bound to: 2 - type: integer 
	Parameter N bound to: 4 - type: integer 
	Parameter RATE bound to: 250000 - type: integer 
INFO: [Synth 8-6155] done synthesizing module 'debounce_switch' (0#1) [/home/keshav/Documents/Workspace/corundum/fpga/mqnic/ADM_PCIE_9V3/fpga_25g/rtl/debounce_switch.v:34]
INFO: [Synth 8-6157] synthesizing module 'sync_signal' [/home/keshav/Documents/Workspace/corundum/fpga/mqnic/ADM_PCIE_9V3/fpga_25g/rtl/sync_signal.v:35]
	Parameter WIDTH bound to: 7 - type: integer 
	Parameter N bound to: 2 - type: integer 
INFO: [Synth 8-6155] done synthesizing module 'sync_signal' (0#1) [/home/keshav/Documents/Workspace/corundum/fpga/mqnic/ADM_PCIE_9V3/fpga_25g/rtl/sync_signal.v:35]
INFO: [Synth 8-6157] synthesizing module 'sync_signal__parameterized0' [/home/keshav/Documents/Workspace/corundum/fpga/mqnic/ADM_PCIE_9V3/fpga_25g/rtl/sync_signal.v:35]
	Parameter WIDTH bound to: 8 - type: integer 
	Parameter N bound to: 2 - type: integer 
INFO: [Synth 8-6155] done synthesizing module 'sync_signal__parameterized0' (0#1) [/home/keshav/Documents/Workspace/corundum/fpga/mqnic/ADM_PCIE_9V3/fpga_25g/rtl/sync_signal.v:35]
INFO: [Synth 8-6157] synthesizing module 'STARTUPE3' [/home/keshav/Xilinx/2026.1/Vivado/scripts/rt/data/unisim_comp.v:170953]
INFO: [Synth 8-6155] done synthesizing module 'STARTUPE3' (0#1) [/home/keshav/Xilinx/2026.1/Vivado/scripts/rt/data/unisim_comp.v:170953]
INFO: [Synth 8-155] case statement is not full and has no default [/home/keshav/Documents/Workspace/corundum/fpga/mqnic/ADM_PCIE_9V3/fpga_25g/rtl/fpga.v:575]
INFO: [Synth 8-6157] synthesizing module 'ICAPE3' [/home/keshav/Xilinx/2026.1/Vivado/scripts/rt/data/unisim_comp.v:84798]
INFO: [Synth 8-6155] done synthesizing module 'ICAPE3' (0#1) [/home/keshav/Xilinx/2026.1/Vivado/scripts/rt/data/unisim_comp.v:84798]
INFO: [Synth 8-6157] synthesizing module 'IBUFDS_GTE4' [/home/keshav/Xilinx/2026.1/Vivado/scripts/rt/data/unisim_comp.v:83057]
	Parameter REFCLK_HROW_CK_SEL bound to: 2'b00 
INFO: [Synth 8-6155] done synthesizing module 'IBUFDS_GTE4' (0#1) [/home/keshav/Xilinx/2026.1/Vivado/scripts/rt/data/unisim_comp.v:83057]
INFO: [Synth 8-6157] synthesizing module 'pcie4_uscale_plus_0' [/home/keshav/Documents/Workspace/corundum/fpga/mqnic/ADM_PCIE_9V3/fpga_25g/fpga/fpga.runs/synth_1/.Xil/Vivado-29533-bhaskar-office/realtime/pcie4_uscale_plus_0_stub.v:6]
INFO: [Synth 8-6155] done synthesizing module 'pcie4_uscale_plus_0' (0#1) [/home/keshav/Documents/Workspace/corundum/fpga/mqnic/ADM_PCIE_9V3/fpga_25g/fpga/fpga.runs/synth_1/.Xil/Vivado-29533-bhaskar-office/realtime/pcie4_uscale_plus_0_stub.v:6]
WARNING: [Synth 8-689] width (1) of port connection 's_axis_rq_tready' does not match port width (4) of module 'pcie4_uscale_plus_0' [/home/keshav/Documents/Workspace/corundum/fpga/mqnic/ADM_PCIE_9V3/fpga_25g/rtl/fpga.v:785]
WARNING: [Synth 8-689] width (1) of port connection 's_axis_cc_tready' does not match port width (4) of module 'pcie4_uscale_plus_0' [/home/keshav/Documents/Workspace/corundum/fpga/mqnic/ADM_PCIE_9V3/fpga_25g/rtl/fpga.v:806]
WARNING: [Synth 8-689] width (3) of port connection 'cfg_max_payload' does not match port width (2) of module 'pcie4_uscale_plus_0' [/home/keshav/Documents/Workspace/corundum/fpga/mqnic/ADM_PCIE_9V3/fpga_25g/rtl/fpga.v:830]
WARNING: [Synth 8-7071] port 'cfg_bus_number' of module 'pcie4_uscale_plus_0' is unconnected for instance 'pcie4_uscale_plus_inst' [/home/keshav/Documents/Workspace/corundum/fpga/mqnic/ADM_PCIE_9V3/fpga_25g/rtl/fpga.v:773]
WARNING: [Synth 8-7023] instance 'pcie4_uscale_plus_inst' of module 'pcie4_uscale_plus_0' has 133 connections declared, but only 132 given [/home/keshav/Documents/Workspace/corundum/fpga/mqnic/ADM_PCIE_9V3/fpga_25g/rtl/fpga.v:773]
INFO: [Synth 8-6157] synthesizing module 'IBUFDS_GTE4__parameterized0' [/home/keshav/Xilinx/2026.1/Vivado/scripts/rt/data/unisim_comp.v:83057]
INFO: [Synth 8-6155] done synthesizing module 'IBUFDS_GTE4__parameterized0' (0#1) [/home/keshav/Xilinx/2026.1/Vivado/scripts/rt/data/unisim_comp.v:83057]
INFO: [Synth 8-6157] synthesizing module 'BUFG_GT' [/home/keshav/Xilinx/2026.1/Vivado/scripts/rt/data/unisim_comp.v:2855]
INFO: [Synth 8-6155] done synthesizing module 'BUFG_GT' (0#1) [/home/keshav/Xilinx/2026.1/Vivado/scripts/rt/data/unisim_comp.v:2855]
INFO: [Synth 8-6157] synthesizing module 'eth_xcvr_phy_10g_gty_quad_wrapper' [/home/keshav/Documents/Workspace/corundum/fpga/mqnic/ADM_PCIE_9V3/fpga_25g/rtl/common/eth_xcvr_phy_10g_gty_quad_wrapper.v:15]
	Parameter PRBS31_ENABLE bound to: 1 - type: integer 
	Parameter TX_SERDES_PIPELINE bound to: 1 - type: integer 
	Parameter RX_SERDES_PIPELINE bound to: 1 - type: integer 
	Parameter COUNT_125US bound to: 4.882812e+04 - type: double 
INFO: [Synth 8-6157] synthesizing module 'eth_xcvr_phy_10g_gty_wrapper' [/home/keshav/Documents/Workspace/corundum/fpga/mqnic/ADM_PCIE_9V3/fpga_25g/rtl/common/eth_xcvr_phy_10g_gty_wrapper.v:15]
	Parameter HAS_COMMON bound to: 1 - type: integer 
	Parameter GT_GTH bound to: 0 - type: integer 
	Parameter GT_USP bound to: 1 - type: integer 
	Parameter QPLL0_PD bound to: 1'b0 
	Parameter QPLL1_PD bound to: 1'b1 
	Parameter QPLL0_EXT_CTRL bound to: 0 - type: integer 
	Parameter QPLL1_EXT_CTRL bound to: 0 - type: integer 
	Parameter GT_TX_PD bound to: 1'b0 
	Parameter GT_TX_QPLL_SEL bound to: 1'b0 
	Parameter GT_TX_POLARITY bound to: 1'b0 
	Parameter GT_TX_ELECIDLE bound to: 1'b0 
	Parameter GT_TX_INHIBIT bound to: 1'b0 
	Parameter GT_TX_DIFFCTRL bound to: 5'b10000 
	Parameter GT_TX_MAINCURSOR bound to: 7'b1000000 
	Parameter GT_TX_POSTCURSOR bound to: 5'b00000 
	Parameter GT_TX_PRECURSOR bound to: 5'b00000 
	Parameter GT_RX_PD bound to: 1'b0 
	Parameter GT_RX_QPLL_SEL bound to: 1'b0 
	Parameter GT_RX_LPM_EN bound to: 1'b0 
	Parameter GT_RX_POLARITY bound to: 1'b0 
	Parameter DATA_WIDTH bound to: 64 - type: integer 
	Parameter CTRL_WIDTH bound to: 8 - type: integer 
	Parameter HDR_WIDTH bound to: 2 - type: integer 
	Parameter PRBS31_ENABLE bound to: 1 - type: integer 
	Parameter TX_SERDES_PIPELINE bound to: 1 - type: integer 
	Parameter RX_SERDES_PIPELINE bound to: 1 - type: integer 
	Parameter BITSLIP_HIGH_CYCLES bound to: 1 - type: integer 
	Parameter BITSLIP_LOW_CYCLES bound to: 8 - type: integer 
	Parameter COUNT_125US bound to: 4.882812e+04 - type: double 
INFO: [Synth 8-6157] synthesizing module 'eth_xcvr_gty_full' [/home/keshav/Documents/Workspace/corundum/fpga/mqnic/ADM_PCIE_9V3/fpga_25g/fpga/fpga.runs/synth_1/.Xil/Vivado-29533-bhaskar-office/realtime/eth_xcvr_gty_full_stub.v:6]
INFO: [Synth 8-6155] done synthesizing module 'eth_xcvr_gty_full' (0#1) [/home/keshav/Documents/Workspace/corundum/fpga/mqnic/ADM_PCIE_9V3/fpga_25g/fpga/fpga.runs/synth_1/.Xil/Vivado-29533-bhaskar-office/realtime/eth_xcvr_gty_full_stub.v:6]
WARNING: [Synth 8-689] width (24) of port connection 'drpaddr_common_in' does not match port width (16) of module 'eth_xcvr_gty_full' [/home/keshav/Documents/Workspace/corundum/fpga/mqnic/ADM_PCIE_9V3/fpga_25g/rtl/common/eth_xcvr_phy_10g_gty_wrapper.v:1001]
WARNING: [Synth 8-689] width (24) of port connection 'drpaddr_in' does not match port width (10) of module 'eth_xcvr_gty_full' [/home/keshav/Documents/Workspace/corundum/fpga/mqnic/ADM_PCIE_9V3/fpga_25g/rtl/common/eth_xcvr_phy_10g_gty_wrapper.v:1009]
INFO: [Synth 8-155] case statement is not full and has no default [/home/keshav/Documents/Workspace/corundum/fpga/mqnic/ADM_PCIE_9V3/fpga_25g/rtl/common/eth_xcvr_phy_10g_gty_wrapper.v:538]
INFO: [Synth 8-155] case statement is not full and has no default [/home/keshav/Documents/Workspace/corundum/fpga/mqnic/ADM_PCIE_9V3/fpga_25g/rtl/common/eth_xcvr_phy_10g_gty_wrapper.v:748]
INFO: [Synth 8-155] case statement is not full and has no default [/home/keshav/Documents/Workspace/corundum/fpga/mqnic/ADM_PCIE_9V3/fpga_25g/rtl/common/eth_xcvr_phy_10g_gty_wrapper.v:765]
INFO: [Synth 8-155] case statement is not full and has no default [/home/keshav/Documents/Workspace/corundum/fpga/mqnic/ADM_PCIE_9V3/fpga_25g/rtl/common/eth_xcvr_phy_10g_gty_wrapper.v:793]
INFO: [Synth 8-155] case statement is not full and has no default [/home/keshav/Documents/Workspace/corundum/fpga/mqnic/ADM_PCIE_9V3/fpga_25g/rtl/common/eth_xcvr_phy_10g_gty_wrapper.v:847]
INFO: [Synth 8-6157] synthesizing module 'eth_phy_10g' [/home/keshav/Documents/Workspace/corundum/fpga/mqnic/ADM_PCIE_9V3/fpga_25g/lib/eth/rtl/eth_phy_10g.v:34]
	Parameter DATA_WIDTH bound to: 64 - type: integer 
	Parameter CTRL_WIDTH bound to: 8 - type: integer 
	Parameter HDR_WIDTH bound to: 2 - type: integer 
	Parameter BIT_REVERSE bound to: 1 - type: integer 
	Parameter SCRAMBLER_DISABLE bound to: 0 - type: integer 
	Parameter PRBS31_ENABLE bound to: 1 - type: integer 
	Parameter TX_SERDES_PIPELINE bound to: 1 - type: integer 
	Parameter RX_SERDES_PIPELINE bound to: 1 - type: integer 
	Parameter BITSLIP_HIGH_CYCLES bound to: 1 - type: integer 
	Parameter BITSLIP_LOW_CYCLES bound to: 8 - type: integer 
	Parameter COUNT_125US bound to: 4.882812e+04 - type: double 
INFO: [Synth 8-6157] synthesizing module 'eth_phy_10g_rx' [/home/keshav/Documents/Workspace/corundum/fpga/mqnic/ADM_PCIE_9V3/fpga_25g/lib/eth/rtl/eth_phy_10g_rx.v:34]
	Parameter DATA_WIDTH bound to: 64 - type: integer 
	Parameter CTRL_WIDTH bound to: 8 - type: integer 
	Parameter HDR_WIDTH bound to: 2 - type: integer 
	Parameter BIT_REVERSE bound to: 1 - type: integer 
	Parameter SCRAMBLER_DISABLE bound to: 0 - type: integer 
	Parameter PRBS31_ENABLE bound to: 1 - type: integer 
	Parameter SERDES_PIPELINE bound to: 1 - type: integer 
	Parameter BITSLIP_HIGH_CYCLES bound to: 1 - type: integer 
	Parameter BITSLIP_LOW_CYCLES bound to: 8 - type: integer 
	Parameter COUNT_125US bound to: 4.882812e+04 - type: double 
INFO: [Synth 8-6157] synthesizing module 'eth_phy_10g_rx_if' [/home/keshav/Documents/Workspace/corundum/fpga/mqnic/ADM_PCIE_9V3/fpga_25g/lib/eth/rtl/eth_phy_10g_rx_if.v:34]
	Parameter DATA_WIDTH bound to: 64 - type: integer 
	Parameter HDR_WIDTH bound to: 2 - type: integer 
	Parameter BIT_REVERSE bound to: 1 - type: integer 
	Parameter SCRAMBLER_DISABLE bound to: 0 - type: integer 
	Parameter PRBS31_ENABLE bound to: 1 - type: integer 
	Parameter SERDES_PIPELINE bound to: 1 - type: integer 
	Parameter BITSLIP_HIGH_CYCLES bound to: 1 - type: integer 
	Parameter BITSLIP_LOW_CYCLES bound to: 8 - type: integer 
	Parameter COUNT_125US bound to: 4.882812e+04 - type: double 
INFO: [Synth 8-6157] synthesizing module 'lfsr' [/home/keshav/Documents/Workspace/corundum/fpga/mqnic/ADM_PCIE_9V3/fpga_25g/lib/eth/rtl/lfsr.v:34]
	Parameter LFSR_WIDTH bound to: 58 - type: integer 
	Parameter LFSR_POLY bound to: 58'b0000000000000000001000000000000000000000000000000000000001 
	Parameter LFSR_CONFIG bound to: FIBONACCI - type: string 
	Parameter LFSR_FEED_FORWARD bound to: 1 - type: integer 
	Parameter REVERSE bound to: 1 - type: integer 
	Parameter DATA_WIDTH bound to: 64 - type: integer 
	Parameter STYLE bound to: AUTO - type: string 
INFO: [Synth 8-6155] done synthesizing module 'lfsr' (0#1) [/home/keshav/Documents/Workspace/corundum/fpga/mqnic/ADM_PCIE_9V3/fpga_25g/lib/eth/rtl/lfsr.v:34]
INFO: [Synth 8-6157] synthesizing module 'lfsr__parameterized0' [/home/keshav/Documents/Workspace/corundum/fpga/mqnic/ADM_PCIE_9V3/fpga_25g/lib/eth/rtl/lfsr.v:34]
	Parameter LFSR_WIDTH bound to: 31 - type: integer 
	Parameter LFSR_POLY bound to: 31'b0010000000000000000000000000001 
	Parameter LFSR_CONFIG bound to: FIBONACCI - type: string 
	Parameter LFSR_FEED_FORWARD bound to: 1 - type: integer 
	Parameter REVERSE bound to: 1 - type: integer 
	Parameter DATA_WIDTH bound to: 66 - type: integer 
	Parameter STYLE bound to: AUTO - type: string 
INFO: [Synth 8-6155] done synthesizing module 'lfsr__parameterized0' (0#1) [/home/keshav/Documents/Workspace/corundum/fpga/mqnic/ADM_PCIE_9V3/fpga_25g/lib/eth/rtl/lfsr.v:34]
INFO: [Synth 8-6157] synthesizing module 'eth_phy_10g_rx_frame_sync' [/home/keshav/Documents/Workspace/corundum/fpga/mqnic/ADM_PCIE_9V3/fpga_25g/lib/eth/rtl/eth_phy_10g_rx_frame_sync.v:34]
	Parameter HDR_WIDTH bound to: 2 - type: integer 
	Parameter BITSLIP_HIGH_CYCLES bound to: 1 - type: integer 
	Parameter BITSLIP_LOW_CYCLES bound to: 8 - type: integer 
INFO: [Synth 8-6155] done synthesizing module 'eth_phy_10g_rx_frame_sync' (0#1) [/home/keshav/Documents/Workspace/corundum/fpga/mqnic/ADM_PCIE_9V3/fpga_25g/lib/eth/rtl/eth_phy_10g_rx_frame_sync.v:34]
INFO: [Synth 8-6157] synthesizing module 'eth_phy_10g_rx_ber_mon' [/home/keshav/Documents/Workspace/corundum/fpga/mqnic/ADM_PCIE_9V3/fpga_25g/lib/eth/rtl/eth_phy_10g_rx_ber_mon.v:34]
	Parameter HDR_WIDTH bound to: 2 - type: integer 
	Parameter COUNT_125US bound to: 4.882812e+04 - type: double 
INFO: [Synth 8-6155] done synthesizing module 'eth_phy_10g_rx_ber_mon' (0#1) [/home/keshav/Documents/Workspace/corundum/fpga/mqnic/ADM_PCIE_9V3/fpga_25g/lib/eth/rtl/eth_phy_10g_rx_ber_mon.v:34]
INFO: [Synth 8-6157] synthesizing module 'eth_phy_10g_rx_watchdog' [/home/keshav/Documents/Workspace/corundum/fpga/mqnic/ADM_PCIE_9V3/fpga_25g/lib/eth/rtl/eth_phy_10g_rx_watchdog.v:34]
	Parameter HDR_WIDTH bound to: 2 - type: integer 
	Parameter COUNT_125US bound to: 4.882812e+04 - type: double 
INFO: [Synth 8-6155] done synthesizing module 'eth_phy_10g_rx_watchdog' (0#1) [/home/keshav/Documents/Workspace/corundum/fpga/mqnic/ADM_PCIE_9V3/fpga_25g/lib/eth/rtl/eth_phy_10g_rx_watchdog.v:34]
INFO: [Synth 8-6155] done synthesizing module 'eth_phy_10g_rx_if' (0#1) [/home/keshav/Documents/Workspace/corundum/fpga/mqnic/ADM_PCIE_9V3/fpga_25g/lib/eth/rtl/eth_phy_10g_rx_if.v:34]
INFO: [Synth 8-6157] synthesizing module 'xgmii_baser_dec_64' [/home/keshav/Documents/Workspace/corundum/fpga/mqnic/ADM_PCIE_9V3/fpga_25g/lib/eth/rtl/xgmii_baser_dec_64.v:34]
	Parameter DATA_WIDTH bound to: 64 - type: integer 
	Parameter CTRL_WIDTH bound to: 8 - type: integer 
	Parameter HDR_WIDTH bound to: 2 - type: integer 
INFO: [Synth 8-6155] done synthesizing module 'xgmii_baser_dec_64' (0#1) [/home/keshav/Documents/Workspace/corundum/fpga/mqnic/ADM_PCIE_9V3/fpga_25g/lib/eth/rtl/xgmii_baser_dec_64.v:34]
INFO: [Synth 8-6155] done synthesizing module 'eth_phy_10g_rx' (0#1) [/home/keshav/Documents/Workspace/corundum/fpga/mqnic/ADM_PCIE_9V3/fpga_25g/lib/eth/rtl/eth_phy_10g_rx.v:34]
INFO: [Synth 8-6157] synthesizing module 'eth_phy_10g_tx' [/home/keshav/Documents/Workspace/corundum/fpga/mqnic/ADM_PCIE_9V3/fpga_25g/lib/eth/rtl/eth_phy_10g_tx.v:34]
	Parameter DATA_WIDTH bound to: 64 - type: integer 
	Parameter CTRL_WIDTH bound to: 8 - type: integer 
	Parameter HDR_WIDTH bound to: 2 - type: integer 
	Parameter BIT_REVERSE bound to: 1 - type: integer 
	Parameter SCRAMBLER_DISABLE bound to: 0 - type: integer 
	Parameter PRBS31_ENABLE bound to: 1 - type: integer 
	Parameter SERDES_PIPELINE bound to: 1 - type: integer 
INFO: [Synth 8-6157] synthesizing module 'xgmii_baser_enc_64' [/home/keshav/Documents/Workspace/corundum/fpga/mqnic/ADM_PCIE_9V3/fpga_25g/lib/eth/rtl/xgmii_baser_enc_64.v:34]
	Parameter DATA_WIDTH bound to: 64 - type: integer 
	Parameter CTRL_WIDTH bound to: 8 - type: integer 
	Parameter HDR_WIDTH bound to: 2 - type: integer 
INFO: [Synth 8-6155] done synthesizing module 'xgmii_baser_enc_64' (0#1) [/home/keshav/Documents/Workspace/corundum/fpga/mqnic/ADM_PCIE_9V3/fpga_25g/lib/eth/rtl/xgmii_baser_enc_64.v:34]
INFO: [Synth 8-6157] synthesizing module 'eth_phy_10g_tx_if' [/home/keshav/Documents/Workspace/corundum/fpga/mqnic/ADM_PCIE_9V3/fpga_25g/lib/eth/rtl/eth_phy_10g_tx_if.v:34]
	Parameter DATA_WIDTH bound to: 64 - type: integer 
	Parameter HDR_WIDTH bound to: 2 - type: integer 
	Parameter BIT_REVERSE bound to: 1 - type: integer 
	Parameter SCRAMBLER_DISABLE bound to: 0 - type: integer 
	Parameter PRBS31_ENABLE bound to: 1 - type: integer 
	Parameter SERDES_PIPELINE bound to: 1 - type: integer 
INFO: [Synth 8-6157] synthesizing module 'lfsr__parameterized1' [/home/keshav/Documents/Workspace/corundum/fpga/mqnic/ADM_PCIE_9V3/fpga_25g/lib/eth/rtl/lfsr.v:34]
	Parameter LFSR_WIDTH bound to: 58 - type: integer 
	Parameter LFSR_POLY bound to: 58'b0000000000000000001000000000000000000000000000000000000001 
	Parameter LFSR_CONFIG bound to: FIBONACCI - type: string 
	Parameter LFSR_FEED_FORWARD bound to: 0 - type: integer 
	Parameter REVERSE bound to: 1 - type: integer 
	Parameter DATA_WIDTH bound to: 64 - type: integer 
	Parameter STYLE bound to: AUTO - type: string 
INFO: [Synth 8-6155] done synthesizing module 'lfsr__parameterized1' (0#1) [/home/keshav/Documents/Workspace/corundum/fpga/mqnic/ADM_PCIE_9V3/fpga_25g/lib/eth/rtl/lfsr.v:34]
INFO: [Synth 8-6157] synthesizing module 'lfsr__parameterized2' [/home/keshav/Documents/Workspace/corundum/fpga/mqnic/ADM_PCIE_9V3/fpga_25g/lib/eth/rtl/lfsr.v:34]
	Parameter LFSR_WIDTH bound to: 31 - type: integer 
	Parameter LFSR_POLY bound to: 31'b0010000000000000000000000000001 
	Parameter LFSR_CONFIG bound to: FIBONACCI - type: string 
	Parameter LFSR_FEED_FORWARD bound to: 0 - type: integer 
	Parameter REVERSE bound to: 1 - type: integer 
	Parameter DATA_WIDTH bound to: 66 - type: integer 
	Parameter STYLE bound to: AUTO - type: string 
INFO: [Synth 8-6155] done synthesizing module 'lfsr__parameterized2' (0#1) [/home/keshav/Documents/Workspace/corundum/fpga/mqnic/ADM_PCIE_9V3/fpga_25g/lib/eth/rtl/lfsr.v:34]
INFO: [Synth 8-6155] done synthesizing module 'eth_phy_10g_tx_if' (0#1) [/home/keshav/Documents/Workspace/corundum/fpga/mqnic/ADM_PCIE_9V3/fpga_25g/lib/eth/rtl/eth_phy_10g_tx_if.v:34]
INFO: [Synth 8-6155] done synthesizing module 'eth_phy_10g_tx' (0#1) [/home/keshav/Documents/Workspace/corundum/fpga/mqnic/ADM_PCIE_9V3/fpga_25g/lib/eth/rtl/eth_phy_10g_tx.v:34]
INFO: [Synth 8-6155] done synthesizing module 'eth_phy_10g' (0#1) [/home/keshav/Documents/Workspace/corundum/fpga/mqnic/ADM_PCIE_9V3/fpga_25g/lib/eth/rtl/eth_phy_10g.v:34]
WARNING: [Synth 8-689] width (6) of port connection 'serdes_tx_hdr' does not match port width (2) of module 'eth_phy_10g' [/home/keshav/Documents/Workspace/corundum/fpga/mqnic/ADM_PCIE_9V3/fpga_25g/rtl/common/eth_xcvr_phy_10g_gty_wrapper.v:1866]
WARNING: [Synth 8-689] width (6) of port connection 'serdes_rx_hdr' does not match port width (2) of module 'eth_phy_10g' [/home/keshav/Documents/Workspace/corundum/fpga/mqnic/ADM_PCIE_9V3/fpga_25g/rtl/common/eth_xcvr_phy_10g_gty_wrapper.v:1868]
INFO: [Synth 8-6155] done synthesizing module 'eth_xcvr_phy_10g_gty_wrapper' (0#1) [/home/keshav/Documents/Workspace/corundum/fpga/mqnic/ADM_PCIE_9V3/fpga_25g/rtl/common/eth_xcvr_phy_10g_gty_wrapper.v:15]
INFO: [Synth 8-6157] synthesizing module 'eth_xcvr_phy_10g_gty_wrapper__parameterized0' [/home/keshav/Documents/Workspace/corundum/fpga/mqnic/ADM_PCIE_9V3/fpga_25g/rtl/common/eth_xcvr_phy_10g_gty_wrapper.v:15]
	Parameter HAS_COMMON bound to: 0 - type: integer 
	Parameter GT_GTH bound to: 0 - type: integer 
	Parameter GT_USP bound to: 1 - type: integer 
	Parameter GT_TX_PD bound to: 1'b0 
	Parameter GT_TX_QPLL_SEL bound to: 1'b0 
	Parameter GT_TX_POLARITY bound to: 1'b0 
	Parameter GT_TX_ELECIDLE bound to: 1'b0 
	Parameter GT_TX_INHIBIT bound to: 1'b0 
	Parameter GT_TX_DIFFCTRL bound to: 5'b10000 
	Parameter GT_TX_MAINCURSOR bound to: 7'b1000000 
	Parameter GT_TX_POSTCURSOR bound to: 5'b00000 
	Parameter GT_TX_PRECURSOR bound to: 5'b00000 
	Parameter GT_RX_PD bound to: 1'b0 
	Parameter GT_RX_QPLL_SEL bound to: 1'b0 
	Parameter GT_RX_LPM_EN bound to: 1'b0 
	Parameter GT_RX_POLARITY bound to: 1'b0 
	Parameter DATA_WIDTH bound to: 64 - type: integer 
	Parameter CTRL_WIDTH bound to: 8 - type: integer 
	Parameter HDR_WIDTH bound to: 2 - type: integer 
	Parameter PRBS31_ENABLE bound to: 1 - type: integer 
	Parameter TX_SERDES_PIPELINE bound to: 1 - type: integer 
	Parameter RX_SERDES_PIPELINE bound to: 1 - type: integer 
	Parameter BITSLIP_HIGH_CYCLES bound to: 1 - type: integer 
	Parameter BITSLIP_LOW_CYCLES bound to: 8 - type: integer 
	Parameter COUNT_125US bound to: 4.882812e+04 - type: double 
INFO: [Synth 8-6157] synthesizing module 'eth_xcvr_gty_channel' [/home/keshav/Documents/Workspace/corundum/fpga/mqnic/ADM_PCIE_9V3/fpga_25g/fpga/fpga.runs/synth_1/.Xil/Vivado-29533-bhaskar-office/realtime/eth_xcvr_gty_channel_stub.v:6]
INFO: [Synth 8-6155] done synthesizing module 'eth_xcvr_gty_channel' (0#1) [/home/keshav/Documents/Workspace/corundum/fpga/mqnic/ADM_PCIE_9V3/fpga_25g/fpga/fpga.runs/synth_1/.Xil/Vivado-29533-bhaskar-office/realtime/eth_xcvr_gty_channel_stub.v:6]
WARNING: [Synth 8-689] width (24) of port connection 'drpaddr_in' does not match port width (10) of module 'eth_xcvr_gty_channel' [/home/keshav/Documents/Workspace/corundum/fpga/mqnic/ADM_PCIE_9V3/fpga_25g/rtl/common/eth_xcvr_phy_10g_gty_wrapper.v:1545]
INFO: [Synth 8-155] case statement is not full and has no default [/home/keshav/Documents/Workspace/corundum/fpga/mqnic/ADM_PCIE_9V3/fpga_25g/rtl/common/eth_xcvr_phy_10g_gty_wrapper.v:538]
INFO: [Synth 8-155] case statement is not full and has no default [/home/keshav/Documents/Workspace/corundum/fpga/mqnic/ADM_PCIE_9V3/fpga_25g/rtl/common/eth_xcvr_phy_10g_gty_wrapper.v:793]
INFO: [Synth 8-155] case statement is not full and has no default [/home/keshav/Documents/Workspace/corundum/fpga/mqnic/ADM_PCIE_9V3/fpga_25g/rtl/common/eth_xcvr_phy_10g_gty_wrapper.v:847]
WARNING: [Synth 8-689] width (6) of port connection 'serdes_tx_hdr' does not match port width (2) of module 'eth_phy_10g' [/home/keshav/Documents/Workspace/corundum/fpga/mqnic/ADM_PCIE_9V3/fpga_25g/rtl/common/eth_xcvr_phy_10g_gty_wrapper.v:1866]
WARNING: [Synth 8-689] width (6) of port connection 'serdes_rx_hdr' does not match port width (2) of module 'eth_phy_10g' [/home/keshav/Documents/Workspace/corundum/fpga/mqnic/ADM_PCIE_9V3/fpga_25g/rtl/common/eth_xcvr_phy_10g_gty_wrapper.v:1868]
INFO: [Synth 8-6155] done synthesizing module 'eth_xcvr_phy_10g_gty_wrapper__parameterized0' (0#1) [/home/keshav/Documents/Workspace/corundum/fpga/mqnic/ADM_PCIE_9V3/fpga_25g/rtl/common/eth_xcvr_phy_10g_gty_wrapper.v:15]
INFO: [Synth 8-6155] done synthesizing module 'eth_xcvr_phy_10g_gty_quad_wrapper' (0#1) [/home/keshav/Documents/Workspace/corundum/fpga/mqnic/ADM_PCIE_9V3/fpga_25g/rtl/common/eth_xcvr_phy_10g_gty_quad_wrapper.v:15]
INFO: [Synth 8-6157] synthesizing module 'fpga_core' [/home/keshav/Documents/Workspace/corundum/fpga/mqnic/ADM_PCIE_9V3/fpga_25g/rtl/fpga_core.v:15]
	Parameter FPGA_ID bound to: 78876819 - type: integer 
	Parameter FW_ID bound to: 0 - type: integer 
	Parameter FW_VER bound to: 256 - type: integer 
	Parameter BOARD_ID bound to: 1095012355 - type: integer 
	Parameter BOARD_VER bound to: 16777216 - type: integer 
	Parameter BUILD_DATE bound to: 1790816955 - type: integer 
	Parameter GIT_HASH bound to: 480253211 - type: integer 
	Parameter RELEASE_INFO bound to: 0 - type: integer 
	Parameter TDMA_BER_ENABLE bound to: 0 - type: integer 
	Parameter IF_COUNT bound to: 2 - type: integer 
	Parameter PORTS_PER_IF bound to: 1 - type: integer 
	Parameter SCHED_PER_IF bound to: 1 - type: integer 
	Parameter PORT_MASK bound to: 0 - type: integer 
	Parameter CLK_PERIOD_NS_NUM bound to: 4 - type: integer 
	Parameter CLK_PERIOD_NS_DENOM bound to: 1 - type: integer 
	Parameter PTP_CLK_PERIOD_NS_NUM bound to: 1024 - type: integer 
	Parameter PTP_CLK_PERIOD_NS_DENOM bound to: 165 - type: integer 
	Parameter PTP_TS_WIDTH bound to: 96 - type: integer 
	Parameter PTP_CLOCK_PIPELINE bound to: 0 - type: integer 
	Parameter PTP_CLOCK_CDC_PIPELINE bound to: 0 - type: integer 
	Parameter PTP_PORT_CDC_PIPELINE bound to: 0 - type: integer 
	Parameter PTP_PEROUT_ENABLE bound to: 0 - type: integer 
	Parameter PTP_PEROUT_COUNT bound to: 1 - type: integer 
	Parameter EVENT_QUEUE_OP_TABLE_SIZE bound to: 32 - type: integer 
	Parameter TX_QUEUE_OP_TABLE_SIZE bound to: 32 - type: integer 
	Parameter RX_QUEUE_OP_TABLE_SIZE bound to: 32 - type: integer 
	Parameter CQ_OP_TABLE_SIZE bound to: 32 - type: integer 
	Parameter EQN_WIDTH bound to: 6 - type: integer 
	Parameter TX_QUEUE_INDEX_WIDTH bound to: 13 - type: integer 
	Parameter RX_QUEUE_INDEX_WIDTH bound to: 8 - type: integer 
	Parameter CQN_WIDTH bound to: 14 - type: integer 
	Parameter EQ_PIPELINE bound to: 3 - type: integer 
	Parameter TX_QUEUE_PIPELINE bound to: 4 - type: integer 
	Parameter RX_QUEUE_PIPELINE bound to: 3 - type: integer 
	Parameter CQ_PIPELINE bound to: 5 - type: integer 
	Parameter TX_DESC_TABLE_SIZE bound to: 32 - type: integer 
	Parameter RX_DESC_TABLE_SIZE bound to: 32 - type: integer 
	Parameter RX_INDIR_TBL_ADDR_WIDTH bound to: 8 - type: integer 
	Parameter TX_SCHEDULER_OP_TABLE_SIZE bound to: 32 - type: integer 
	Parameter TX_SCHEDULER_PIPELINE bound to: 4 - type: integer 
	Parameter TDMA_INDEX_WIDTH bound to: 6 - type: integer 
	Parameter PTP_TS_ENABLE bound to: 1 - type: integer 
	Parameter TX_CPL_FIFO_DEPTH bound to: 32 - type: integer 
	Parameter TX_TAG_WIDTH bound to: 16 - type: integer 
	Parameter TX_CHECKSUM_ENABLE bound to: 1 - type: integer 
	Parameter RX_HASH_ENABLE bound to: 1 - type: integer 
	Parameter RX_CHECKSUM_ENABLE bound to: 1 - type: integer 
	Parameter PFC_ENABLE bound to: 1 - type: integer 
	Parameter LFC_ENABLE bound to: 1 - type: integer 
	Parameter ENABLE_PADDING bound to: 1 - type: integer 
	Parameter ENABLE_DIC bound to: 1 - type: integer 
	Parameter MIN_FRAME_LENGTH bound to: 64 - type: integer 
	Parameter TX_FIFO_DEPTH bound to: 32768 - type: integer 
	Parameter RX_FIFO_DEPTH bound to: 65536 - type: integer 
	Parameter MAX_TX_SIZE bound to: 9214 - type: integer 
	Parameter MAX_RX_SIZE bound to: 9214 - type: integer 
	Parameter TX_RAM_SIZE bound to: 32768 - type: integer 
	Parameter RX_RAM_SIZE bound to: 131072 - type: integer 
	Parameter DDR_CH bound to: 2 - type: integer 
	Parameter DDR_ENABLE bound to: 0 - type: integer 
	Parameter AXI_DDR_DATA_WIDTH bound to: 512 - type: integer 
	Parameter AXI_DDR_ADDR_WIDTH bound to: 33 - type: integer 
	Parameter AXI_DDR_STRB_WIDTH bound to: 64 - type: integer 
	Parameter AXI_DDR_ID_WIDTH bound to: 8 - type: integer 
	Parameter AXI_DDR_MAX_BURST_LEN bound to: 256 - type: integer 
	Parameter AXI_DDR_NARROW_BURST bound to: 0 - type: integer 
	Parameter APP_ID bound to: 0 - type: integer 
	Parameter APP_ENABLE bound to: 0 - type: integer 
	Parameter APP_CTRL_ENABLE bound to: 1 - type: integer 
	Parameter APP_DMA_ENABLE bound to: 1 - type: integer 
	Parameter APP_AXIS_DIRECT_ENABLE bound to: 1 - type: integer 
	Parameter APP_AXIS_SYNC_ENABLE bound to: 1 - type: integer 
	Parameter APP_AXIS_IF_ENABLE bound to: 1 - type: integer 
	Parameter APP_STAT_ENABLE bound to: 1 - type: integer 
	Parameter DMA_IMM_ENABLE bound to: 0 - type: integer 
	Parameter DMA_IMM_WIDTH bound to: 32 - type: integer 
	Parameter DMA_LEN_WIDTH bound to: 16 - type: integer 
	Parameter DMA_TAG_WIDTH bound to: 16 - type: integer 
	Parameter RAM_ADDR_WIDTH bound to: 17 - type: integer 
	Parameter RAM_PIPELINE bound to: 2 - type: integer 
	Parameter AXIS_PCIE_DATA_WIDTH bound to: 512 - type: integer 
	Parameter AXIS_PCIE_KEEP_WIDTH bound to: 16 - type: integer 
	Parameter AXIS_PCIE_RC_USER_WIDTH bound to: 161 - type: integer 
	Parameter AXIS_PCIE_RQ_USER_WIDTH bound to: 137 - type: integer 
	Parameter AXIS_PCIE_CQ_USER_WIDTH bound to: 183 - type: integer 
	Parameter AXIS_PCIE_CC_USER_WIDTH bound to: 81 - type: integer 
	Parameter RC_STRADDLE bound to: 1'b1 
	Parameter RQ_STRADDLE bound to: 1'b1 
	Parameter CQ_STRADDLE bound to: 1'b1 
	Parameter CC_STRADDLE bound to: 1'b1 
	Parameter RQ_SEQ_NUM_WIDTH bound to: 6 - type: integer 
	Parameter PF_COUNT bound to: 1 - type: integer 
	Parameter VF_COUNT bound to: 0 - type: integer 
	Parameter PCIE_TAG_COUNT bound to: 256 - type: integer 
	Parameter IRQ_INDEX_WIDTH bound to: 6 - type: integer 
	Parameter AXIL_CTRL_DATA_WIDTH bound to: 32 - type: integer 
	Parameter AXIL_CTRL_ADDR_WIDTH bound to: 24 - type: integer 
	Parameter AXIL_APP_CTRL_DATA_WIDTH bound to: 32 - type: integer 
	Parameter AXIL_APP_CTRL_ADDR_WIDTH bound to: 24 - type: integer 
	Parameter XGMII_DATA_WIDTH bound to: 64 - type: integer 
	Parameter XGMII_CTRL_WIDTH bound to: 8 - type: integer 
	Parameter AXIS_ETH_DATA_WIDTH bound to: 64 - type: integer 
	Parameter AXIS_ETH_KEEP_WIDTH bound to: 8 - type: integer 
	Parameter AXIS_ETH_SYNC_DATA_WIDTH bound to: 128 - type: integer 
	Parameter AXIS_ETH_TX_USER_WIDTH bound to: 17 - type: integer 
	Parameter AXIS_ETH_RX_USER_WIDTH bound to: 97 - type: integer 
	Parameter AXIS_ETH_TX_PIPELINE bound to: 0 - type: integer 
	Parameter AXIS_ETH_TX_FIFO_PIPELINE bound to: 2 - type: integer 
	Parameter AXIS_ETH_TX_TS_PIPELINE bound to: 0 - type: integer 
	Parameter AXIS_ETH_RX_PIPELINE bound to: 0 - type: integer 
	Parameter AXIS_ETH_RX_FIFO_PIPELINE bound to: 2 - type: integer 
	Parameter STAT_ENABLE bound to: 1 - type: integer 
	Parameter STAT_DMA_ENABLE bound to: 1 - type: integer 
	Parameter STAT_PCIE_ENABLE bound to: 1 - type: integer 
	Parameter STAT_INC_WIDTH bound to: 24 - type: integer 
	Parameter STAT_ID_WIDTH bound to: 12 - type: integer 
INFO: [Synth 8-6157] synthesizing module 'eth_mac_10g' [/home/keshav/Documents/Workspace/corundum/fpga/mqnic/ADM_PCIE_9V3/fpga_25g/lib/eth/rtl/eth_mac_10g.v:34]
	Parameter DATA_WIDTH bound to: 64 - type: integer 
	Parameter KEEP_WIDTH bound to: 8 - type: integer 
	Parameter ENABLE_PADDING bound to: 1 - type: integer 
	Parameter ENABLE_DIC bound to: 1 - type: integer 
	Parameter MIN_FRAME_LENGTH bound to: 64 - type: integer 
	Parameter PTP_PERIOD_NS bound to: 6'b000010 
	Parameter PTP_PERIOD_FNS bound to: 16'b1000111101011100 
	Parameter TX_PTP_TS_ENABLE bound to: 1 - type: integer 
	Parameter TX_PTP_TS_WIDTH bound to: 96 - type: integer 
	Parameter TX_PTP_TS_CTRL_IN_TUSER bound to: 0 - type: integer 
	Parameter TX_PTP_TAG_ENABLE bound to: 1 - type: integer 
	Parameter TX_PTP_TAG_WIDTH bound to: 16 - type: integer 
	Parameter RX_PTP_TS_ENABLE bound to: 1 - type: integer 
	Parameter RX_PTP_TS_WIDTH bound to: 96 - type: integer 
	Parameter TX_USER_WIDTH bound to: 17 - type: integer 
	Parameter RX_USER_WIDTH bound to: 97 - type: integer 
	Parameter PFC_ENABLE bound to: 1 - type: integer 
	Parameter PAUSE_ENABLE bound to: 1 - type: integer 
INFO: [Synth 8-6157] synthesizing module 'axis_xgmii_rx_64' [/home/keshav/Documents/Workspace/corundum/fpga/mqnic/ADM_PCIE_9V3/fpga_25g/lib/eth/rtl/axis_xgmii_rx_64.v:34]
	Parameter DATA_WIDTH bound to: 64 - type: integer 
	Parameter KEEP_WIDTH bound to: 8 - type: integer 
	Parameter CTRL_WIDTH bound to: 8 - type: integer 
	Parameter PTP_PERIOD_NS bound to: 6'b000010 
	Parameter PTP_PERIOD_FNS bound to: 16'b1000111101011100 
	Parameter PTP_TS_ENABLE bound to: 1 - type: integer 
	Parameter PTP_TS_WIDTH bound to: 96 - type: integer 
	Parameter USER_WIDTH bound to: 97 - type: integer 
INFO: [Synth 8-6157] synthesizing module 'lfsr__parameterized3' [/home/keshav/Documents/Workspace/corundum/fpga/mqnic/ADM_PCIE_9V3/fpga_25g/lib/eth/rtl/lfsr.v:34]
	Parameter LFSR_WIDTH bound to: 32 - type: integer 
	Parameter LFSR_POLY bound to: 79764919 - type: integer 
	Parameter LFSR_CONFIG bound to: GALOIS - type: string 
	Parameter LFSR_FEED_FORWARD bound to: 0 - type: integer 
	Parameter REVERSE bound to: 1 - type: integer 
	Parameter DATA_WIDTH bound to: 64 - type: integer 
	Parameter STYLE bound to: AUTO - type: string 
INFO: [Synth 8-6155] done synthesizing module 'lfsr__parameterized3' (0#1) [/home/keshav/Documents/Workspace/corundum/fpga/mqnic/ADM_PCIE_9V3/fpga_25g/lib/eth/rtl/lfsr.v:34]
INFO: [Synth 8-226] default block is never used [/home/keshav/Documents/Workspace/corundum/fpga/mqnic/ADM_PCIE_9V3/fpga_25g/lib/eth/rtl/axis_xgmii_rx_64.v:212]
INFO: [Synth 8-155] case statement is not full and has no default [/home/keshav/Documents/Workspace/corundum/fpga/mqnic/ADM_PCIE_9V3/fpga_25g/lib/eth/rtl/axis_xgmii_rx_64.v:273]
INFO: [Synth 8-6155] done synthesizing module 'axis_xgmii_rx_64' (0#1) [/home/keshav/Documents/Workspace/corundum/fpga/mqnic/ADM_PCIE_9V3/fpga_25g/lib/eth/rtl/axis_xgmii_rx_64.v:34]
INFO: [Synth 8-6157] synthesizing module 'axis_xgmii_tx_64' [/home/keshav/Documents/Workspace/corundum/fpga/mqnic/ADM_PCIE_9V3/fpga_25g/lib/eth/rtl/axis_xgmii_tx_64.v:34]
	Parameter DATA_WIDTH bound to: 64 - type: integer 
	Parameter KEEP_WIDTH bound to: 8 - type: integer 
	Parameter CTRL_WIDTH bound to: 8 - type: integer 
	Parameter ENABLE_PADDING bound to: 1 - type: integer 
	Parameter ENABLE_DIC bound to: 1 - type: integer 
	Parameter MIN_FRAME_LENGTH bound to: 64 - type: integer 
	Parameter PTP_PERIOD_NS bound to: 6'b000010 
	Parameter PTP_PERIOD_FNS bound to: 16'b1000111101011100 
	Parameter PTP_TS_ENABLE bound to: 1 - type: integer 
	Parameter PTP_TS_WIDTH bound to: 96 - type: integer 
	Parameter PTP_TS_CTRL_IN_TUSER bound to: 1 - type: integer 
	Parameter PTP_TAG_ENABLE bound to: 1 - type: integer 
	Parameter PTP_TAG_WIDTH bound to: 16 - type: integer 
	Parameter USER_WIDTH bound to: 18 - type: integer 
INFO: [Synth 8-6157] synthesizing module 'lfsr__parameterized4' [/home/keshav/Documents/Workspace/corundum/fpga/mqnic/ADM_PCIE_9V3/fpga_25g/lib/eth/rtl/lfsr.v:34]
	Parameter LFSR_WIDTH bound to: 32 - type: integer 
	Parameter LFSR_POLY bound to: 79764919 - type: integer 
	Parameter LFSR_CONFIG bound to: GALOIS - type: string 
	Parameter LFSR_FEED_FORWARD bound to: 0 - type: integer 
	Parameter REVERSE bound to: 1 - type: integer 
	Parameter DATA_WIDTH bound to: 8 - type: integer 
	Parameter STYLE bound to: AUTO - type: string 
INFO: [Synth 8-6155] done synthesizing module 'lfsr__parameterized4' (0#1) [/home/keshav/Documents/Workspace/corundum/fpga/mqnic/ADM_PCIE_9V3/fpga_25g/lib/eth/rtl/lfsr.v:34]
INFO: [Synth 8-6157] synthesizing module 'lfsr__parameterized5' [/home/keshav/Documents/Workspace/corundum/fpga/mqnic/ADM_PCIE_9V3/fpga_25g/lib/eth/rtl/lfsr.v:34]
	Parameter LFSR_WIDTH bound to: 32 - type: integer 
	Parameter LFSR_POLY bound to: 79764919 - type: integer 
	Parameter LFSR_CONFIG bound to: GALOIS - type: string 
	Parameter LFSR_FEED_FORWARD bound to: 0 - type: integer 
	Parameter REVERSE bound to: 1 - type: integer 
	Parameter DATA_WIDTH bound to: 16 - type: integer 
	Parameter STYLE bound to: AUTO - type: string 
INFO: [Synth 8-6155] done synthesizing module 'lfsr__parameterized5' (0#1) [/home/keshav/Documents/Workspace/corundum/fpga/mqnic/ADM_PCIE_9V3/fpga_25g/lib/eth/rtl/lfsr.v:34]
INFO: [Synth 8-6157] synthesizing module 'lfsr__parameterized6' [/home/keshav/Documents/Workspace/corundum/fpga/mqnic/ADM_PCIE_9V3/fpga_25g/lib/eth/rtl/lfsr.v:34]
	Parameter LFSR_WIDTH bound to: 32 - type: integer 
	Parameter LFSR_POLY bound to: 79764919 - type: integer 
	Parameter LFSR_CONFIG bound to: GALOIS - type: string 
	Parameter LFSR_FEED_FORWARD bound to: 0 - type: integer 
	Parameter REVERSE bound to: 1 - type: integer 
	Parameter DATA_WIDTH bound to: 24 - type: integer 
	Parameter STYLE bound to: AUTO - type: string 
INFO: [Synth 8-6155] done synthesizing module 'lfsr__parameterized6' (0#1) [/home/keshav/Documents/Workspace/corundum/fpga/mqnic/ADM_PCIE_9V3/fpga_25g/lib/eth/rtl/lfsr.v:34]
INFO: [Synth 8-6157] synthesizing module 'lfsr__parameterized7' [/home/keshav/Documents/Workspace/corundum/fpga/mqnic/ADM_PCIE_9V3/fpga_25g/lib/eth/rtl/lfsr.v:34]
	Parameter LFSR_WIDTH bound to: 32 - type: integer 
	Parameter LFSR_POLY bound to: 79764919 - type: integer 
	Parameter LFSR_CONFIG bound to: GALOIS - type: string 
	Parameter LFSR_FEED_FORWARD bound to: 0 - type: integer 
	Parameter REVERSE bound to: 1 - type: integer 
	Parameter DATA_WIDTH bound to: 32 - type: integer 
	Parameter STYLE bound to: AUTO - type: string 
INFO: [Synth 8-6155] done synthesizing module 'lfsr__parameterized7' (0#1) [/home/keshav/Documents/Workspace/corundum/fpga/mqnic/ADM_PCIE_9V3/fpga_25g/lib/eth/rtl/lfsr.v:34]
INFO: [Synth 8-6157] synthesizing module 'lfsr__parameterized8' [/home/keshav/Documents/Workspace/corundum/fpga/mqnic/ADM_PCIE_9V3/fpga_25g/lib/eth/rtl/lfsr.v:34]
	Parameter LFSR_WIDTH bound to: 32 - type: integer 
	Parameter LFSR_POLY bound to: 79764919 - type: integer 
	Parameter LFSR_CONFIG bound to: GALOIS - type: string 
	Parameter LFSR_FEED_FORWARD bound to: 0 - type: integer 
	Parameter REVERSE bound to: 1 - type: integer 
	Parameter DATA_WIDTH bound to: 40 - type: integer 
	Parameter STYLE bound to: AUTO - type: string 
INFO: [Synth 8-6155] done synthesizing module 'lfsr__parameterized8' (0#1) [/home/keshav/Documents/Workspace/corundum/fpga/mqnic/ADM_PCIE_9V3/fpga_25g/lib/eth/rtl/lfsr.v:34]
INFO: [Synth 8-6157] synthesizing module 'lfsr__parameterized9' [/home/keshav/Documents/Workspace/corundum/fpga/mqnic/ADM_PCIE_9V3/fpga_25g/lib/eth/rtl/lfsr.v:34]
	Parameter LFSR_WIDTH bound to: 32 - type: integer 
	Parameter LFSR_POLY bound to: 79764919 - type: integer 
	Parameter LFSR_CONFIG bound to: GALOIS - type: string 
	Parameter LFSR_FEED_FORWARD bound to: 0 - type: integer 
	Parameter REVERSE bound to: 1 - type: integer 
	Parameter DATA_WIDTH bound to: 48 - type: integer 
	Parameter STYLE bound to: AUTO - type: string 
INFO: [Synth 8-6155] done synthesizing module 'lfsr__parameterized9' (0#1) [/home/keshav/Documents/Workspace/corundum/fpga/mqnic/ADM_PCIE_9V3/fpga_25g/lib/eth/rtl/lfsr.v:34]
INFO: [Synth 8-6157] synthesizing module 'lfsr__parameterized10' [/home/keshav/Documents/Workspace/corundum/fpga/mqnic/ADM_PCIE_9V3/fpga_25g/lib/eth/rtl/lfsr.v:34]
	Parameter LFSR_WIDTH bound to: 32 - type: integer 
	Parameter LFSR_POLY bound to: 79764919 - type: integer 
	Parameter LFSR_CONFIG bound to: GALOIS - type: string 
	Parameter LFSR_FEED_FORWARD bound to: 0 - type: integer 
	Parameter REVERSE bound to: 1 - type: integer 
	Parameter DATA_WIDTH bound to: 56 - type: integer 
	Parameter STYLE bound to: AUTO - type: string 
INFO: [Synth 8-6155] done synthesizing module 'lfsr__parameterized10' (0#1) [/home/keshav/Documents/Workspace/corundum/fpga/mqnic/ADM_PCIE_9V3/fpga_25g/lib/eth/rtl/lfsr.v:34]
INFO: [Synth 8-155] case statement is not full and has no default [/home/keshav/Documents/Workspace/corundum/fpga/mqnic/ADM_PCIE_9V3/fpga_25g/lib/eth/rtl/axis_xgmii_tx_64.v:334]
INFO: [Synth 8-6155] done synthesizing module 'axis_xgmii_tx_64' (0#1) [/home/keshav/Documents/Workspace/corundum/fpga/mqnic/ADM_PCIE_9V3/fpga_25g/lib/eth/rtl/axis_xgmii_tx_64.v:34]
INFO: [Synth 8-6157] synthesizing module 'mac_ctrl_tx' [/home/keshav/Documents/Workspace/corundum/fpga/mqnic/ADM_PCIE_9V3/fpga_25g/lib/eth/rtl/mac_ctrl_tx.v:34]
	Parameter DATA_WIDTH bound to: 64 - type: integer 
	Parameter KEEP_ENABLE bound to: 1 - type: integer 
	Parameter KEEP_WIDTH bound to: 8 - type: integer 
	Parameter ID_ENABLE bound to: 0 - type: integer 
	Parameter DEST_ENABLE bound to: 0 - type: integer 
	Parameter USER_ENABLE bound to: 1 - type: integer 
	Parameter USER_WIDTH bound to: 18 - type: integer 
	Parameter MCF_PARAMS_SIZE bound to: 18 - type: integer 
INFO: [Synth 8-6155] done synthesizing module 'mac_ctrl_tx' (0#1) [/home/keshav/Documents/Workspace/corundum/fpga/mqnic/ADM_PCIE_9V3/fpga_25g/lib/eth/rtl/mac_ctrl_tx.v:34]
INFO: [Synth 8-6157] synthesizing module 'mac_ctrl_rx' [/home/keshav/Documents/Workspace/corundum/fpga/mqnic/ADM_PCIE_9V3/fpga_25g/lib/eth/rtl/mac_ctrl_rx.v:34]
	Parameter DATA_WIDTH bound to: 64 - type: integer 
	Parameter KEEP_ENABLE bound to: 1 - type: integer 
	Parameter KEEP_WIDTH bound to: 8 - type: integer 
	Parameter ID_ENABLE bound to: 0 - type: integer 
	Parameter DEST_ENABLE bound to: 0 - type: integer 
	Parameter USER_ENABLE bound to: 1 - type: integer 
	Parameter USER_WIDTH bound to: 97 - type: integer 
	Parameter USE_READY bound to: 0 - type: integer 
	Parameter MCF_PARAMS_SIZE bound to: 18 - type: integer 
INFO: [Synth 8-6155] done synthesizing module 'mac_ctrl_rx' (0#1) [/home/keshav/Documents/Workspace/corundum/fpga/mqnic/ADM_PCIE_9V3/fpga_25g/lib/eth/rtl/mac_ctrl_rx.v:34]
INFO: [Synth 8-6157] synthesizing module 'mac_pause_ctrl_tx' [/home/keshav/Documents/Workspace/corundum/fpga/mqnic/ADM_PCIE_9V3/fpga_25g/lib/eth/rtl/mac_pause_ctrl_tx.v:34]
	Parameter MCF_PARAMS_SIZE bound to: 18 - type: integer 
	Parameter PFC_ENABLE bound to: 1 - type: integer 
INFO: [Synth 8-6155] done synthesizing module 'mac_pause_ctrl_tx' (0#1) [/home/keshav/Documents/Workspace/corundum/fpga/mqnic/ADM_PCIE_9V3/fpga_25g/lib/eth/rtl/mac_pause_ctrl_tx.v:34]
INFO: [Synth 8-6157] synthesizing module 'mac_pause_ctrl_rx' [/home/keshav/Documents/Workspace/corundum/fpga/mqnic/ADM_PCIE_9V3/fpga_25g/lib/eth/rtl/mac_pause_ctrl_rx.v:34]
	Parameter MCF_PARAMS_SIZE bound to: 18 - type: integer 
	Parameter PFC_ENABLE bound to: 1 - type: integer 
INFO: [Synth 8-6155] done synthesizing module 'mac_pause_ctrl_rx' (0#1) [/home/keshav/Documents/Workspace/corundum/fpga/mqnic/ADM_PCIE_9V3/fpga_25g/lib/eth/rtl/mac_pause_ctrl_rx.v:34]
INFO: [Synth 8-6155] done synthesizing module 'eth_mac_10g' (0#1) [/home/keshav/Documents/Workspace/corundum/fpga/mqnic/ADM_PCIE_9V3/fpga_25g/lib/eth/rtl/eth_mac_10g.v:34]
INFO: [Synth 8-6157] synthesizing module 'i2c_single_reg' [/home/keshav/Documents/Workspace/corundum/fpga/mqnic/ADM_PCIE_9V3/fpga_25g/rtl/common/i2c_single_reg.v:34]
	Parameter FILTER_LEN bound to: 4 - type: integer 
	Parameter DEV_ADDR bound to: 7'b1110100 
INFO: [Synth 8-155] case statement is not full and has no default [/home/keshav/Documents/Workspace/corundum/fpga/mqnic/ADM_PCIE_9V3/fpga_25g/rtl/common/i2c_single_reg.v:117]
WARNING: [Synth 8-6090] variable 'state_reg' is written by both blocking and non-blocking assignments, entire logic could be removed [/home/keshav/Documents/Workspace/corundum/fpga/mqnic/ADM_PCIE_9V3/fpga_25g/rtl/common/i2c_single_reg.v:260]
WARNING: [Synth 8-6090] variable 'sda_o_reg' is written by both blocking and non-blocking assignments, entire logic could be removed [/home/keshav/Documents/Workspace/corundum/fpga/mqnic/ADM_PCIE_9V3/fpga_25g/rtl/common/i2c_single_reg.v:261]
INFO: [Synth 8-6155] done synthesizing module 'i2c_single_reg' (0#1) [/home/keshav/Documents/Workspace/corundum/fpga/mqnic/ADM_PCIE_9V3/fpga_25g/rtl/common/i2c_single_reg.v:34]
INFO: [Synth 8-6157] synthesizing module 'rb_drp' [/home/keshav/Documents/Workspace/corundum/fpga/mqnic/ADM_PCIE_9V3/fpga_25g/rtl/common/rb_drp.v:15]
	Parameter DRP_ADDR_WIDTH bound to: 24 - type: integer 
	Parameter DRP_DATA_WIDTH bound to: 16 - type: integer 
	Parameter DRP_INFO bound to: 151191556 - type: integer 
	Parameter REG_ADDR_WIDTH bound to: 18 - type: integer 
	Parameter REG_DATA_WIDTH bound to: 32 - type: integer 
	Parameter REG_STRB_WIDTH bound to: 4 - type: integer 
	Parameter RB_BASE_ADDR bound to: 16'b0001000001010000 
	Parameter RB_NEXT_PTR bound to: 16'b0001000001110000 
INFO: [Synth 8-155] case statement is not full and has no default [/home/keshav/Documents/Workspace/corundum/fpga/mqnic/ADM_PCIE_9V3/fpga_25g/rtl/common/rb_drp.v:140]
INFO: [Synth 8-155] case statement is not full and has no default [/home/keshav/Documents/Workspace/corundum/fpga/mqnic/ADM_PCIE_9V3/fpga_25g/rtl/common/rb_drp.v:191]
INFO: [Synth 8-6155] done synthesizing module 'rb_drp' (0#1) [/home/keshav/Documents/Workspace/corundum/fpga/mqnic/ADM_PCIE_9V3/fpga_25g/rtl/common/rb_drp.v:15]
INFO: [Synth 8-6157] synthesizing module 'rb_drp__parameterized0' [/home/keshav/Documents/Workspace/corundum/fpga/mqnic/ADM_PCIE_9V3/fpga_25g/rtl/common/rb_drp.v:15]
	Parameter DRP_ADDR_WIDTH bound to: 24 - type: integer 
	Parameter DRP_DATA_WIDTH bound to: 16 - type: integer 
	Parameter DRP_INFO bound to: 151191556 - type: integer 
	Parameter REG_ADDR_WIDTH bound to: 18 - type: integer 
	Parameter REG_DATA_WIDTH bound to: 32 - type: integer 
	Parameter REG_STRB_WIDTH bound to: 4 - type: integer 
	Parameter RB_BASE_ADDR bound to: 16'b0001000001110000 
	Parameter RB_NEXT_PTR bound to: 0 - type: integer 
INFO: [Synth 8-155] case statement is not full and has no default [/home/keshav/Documents/Workspace/corundum/fpga/mqnic/ADM_PCIE_9V3/fpga_25g/rtl/common/rb_drp.v:140]
INFO: [Synth 8-155] case statement is not full and has no default [/home/keshav/Documents/Workspace/corundum/fpga/mqnic/ADM_PCIE_9V3/fpga_25g/rtl/common/rb_drp.v:191]
INFO: [Synth 8-6155] done synthesizing module 'rb_drp__parameterized0' (0#1) [/home/keshav/Documents/Workspace/corundum/fpga/mqnic/ADM_PCIE_9V3/fpga_25g/rtl/common/rb_drp.v:15]
INFO: [Synth 8-6157] synthesizing module 'mqnic_port_map_phy_xgmii' [/home/keshav/Documents/Workspace/corundum/fpga/mqnic/ADM_PCIE_9V3/fpga_25g/rtl/common/mqnic_port_map_phy_xgmii.v:15]
	Parameter PHY_COUNT bound to: 8 - type: integer 
	Parameter PORT_MASK bound to: 0 - type: integer 
	Parameter PORT_GROUP_SIZE bound to: 4 - type: integer 
	Parameter IF_COUNT bound to: 2 - type: integer 
	Parameter PORTS_PER_IF bound to: 1 - type: integer 
	Parameter PORT_COUNT bound to: 2 - type: integer 
	Parameter XGMII_DATA_WIDTH bound to: 64 - type: integer 
	Parameter XGMII_CTRL_WIDTH bound to: 8 - type: integer 
INFO: [Synth 8-251] Phy 0 connected to port 0 [/home/keshav/Documents/Workspace/corundum/fpga/mqnic/ADM_PCIE_9V3/fpga_25g/rtl/common/mqnic_port_map_phy_xgmii.v:131]
INFO: [Synth 8-251] Phy 1 skipped [/home/keshav/Documents/Workspace/corundum/fpga/mqnic/ADM_PCIE_9V3/fpga_25g/rtl/common/mqnic_port_map_phy_xgmii.v:150]
INFO: [Synth 8-251] Phy 2 skipped [/home/keshav/Documents/Workspace/corundum/fpga/mqnic/ADM_PCIE_9V3/fpga_25g/rtl/common/mqnic_port_map_phy_xgmii.v:150]
INFO: [Synth 8-251] Phy 3 skipped [/home/keshav/Documents/Workspace/corundum/fpga/mqnic/ADM_PCIE_9V3/fpga_25g/rtl/common/mqnic_port_map_phy_xgmii.v:150]
INFO: [Synth 8-251] Phy 4 connected to port 1 [/home/keshav/Documents/Workspace/corundum/fpga/mqnic/ADM_PCIE_9V3/fpga_25g/rtl/common/mqnic_port_map_phy_xgmii.v:131]
INFO: [Synth 8-251] Phy 5 skipped [/home/keshav/Documents/Workspace/corundum/fpga/mqnic/ADM_PCIE_9V3/fpga_25g/rtl/common/mqnic_port_map_phy_xgmii.v:150]
INFO: [Synth 8-251] Phy 6 skipped [/home/keshav/Documents/Workspace/corundum/fpga/mqnic/ADM_PCIE_9V3/fpga_25g/rtl/common/mqnic_port_map_phy_xgmii.v:150]
INFO: [Synth 8-251] Phy 7 skipped [/home/keshav/Documents/Workspace/corundum/fpga/mqnic/ADM_PCIE_9V3/fpga_25g/rtl/common/mqnic_port_map_phy_xgmii.v:150]
INFO: [Synth 8-6155] done synthesizing module 'mqnic_port_map_phy_xgmii' (0#1) [/home/keshav/Documents/Workspace/corundum/fpga/mqnic/ADM_PCIE_9V3/fpga_25g/rtl/common/mqnic_port_map_phy_xgmii.v:15]
INFO: [Synth 8-6157] synthesizing module 'mqnic_core_pcie_us' [/home/keshav/Documents/Workspace/corundum/fpga/mqnic/ADM_PCIE_9V3/fpga_25g/rtl/common/mqnic_core_pcie_us.v:15]
	Parameter FPGA_ID bound to: 78876819 - type: integer 
	Parameter FW_ID bound to: 0 - type: integer 
	Parameter FW_VER bound to: 256 - type: integer 
	Parameter BOARD_ID bound to: 1095012355 - type: integer 
	Parameter BOARD_VER bound to: 16777216 - type: integer 
	Parameter BUILD_DATE bound to: 1790816955 - type: integer 
	Parameter GIT_HASH bound to: 480253211 - type: integer 
	Parameter RELEASE_INFO bound to: 0 - type: integer 
	Parameter IF_COUNT bound to: 2 - type: integer 
	Parameter PORTS_PER_IF bound to: 1 - type: integer 
	Parameter SCHED_PER_IF bound to: 1 - type: integer 
	Parameter PORT_COUNT bound to: 2 - type: integer 
	Parameter CLK_PERIOD_NS_NUM bound to: 4 - type: integer 
	Parameter CLK_PERIOD_NS_DENOM bound to: 1 - type: integer 
	Parameter PTP_CLK_PERIOD_NS_NUM bound to: 1024 - type: integer 
	Parameter PTP_CLK_PERIOD_NS_DENOM bound to: 165 - type: integer 
	Parameter PTP_TS_WIDTH bound to: 96 - type: integer 
	Parameter PTP_CLOCK_PIPELINE bound to: 0 - type: integer 
	Parameter PTP_CLOCK_CDC_PIPELINE bound to: 0 - type: integer 
	Parameter PTP_SEPARATE_TX_CLOCK bound to: 0 - type: integer 
	Parameter PTP_SEPARATE_RX_CLOCK bound to: 0 - type: integer 
	Parameter PTP_PORT_CDC_PIPELINE bound to: 0 - type: integer 
	Parameter PTP_PEROUT_ENABLE bound to: 0 - type: integer 
	Parameter PTP_PEROUT_COUNT bound to: 1 - type: integer 
	Parameter EVENT_QUEUE_OP_TABLE_SIZE bound to: 32 - type: integer 
	Parameter TX_QUEUE_OP_TABLE_SIZE bound to: 32 - type: integer 
	Parameter RX_QUEUE_OP_TABLE_SIZE bound to: 32 - type: integer 
	Parameter CQ_OP_TABLE_SIZE bound to: 32 - type: integer 
	Parameter EQN_WIDTH bound to: 6 - type: integer 
	Parameter TX_QUEUE_INDEX_WIDTH bound to: 13 - type: integer 
	Parameter RX_QUEUE_INDEX_WIDTH bound to: 8 - type: integer 
	Parameter CQN_WIDTH bound to: 14 - type: integer 
	Parameter EQ_PIPELINE bound to: 3 - type: integer 
	Parameter TX_QUEUE_PIPELINE bound to: 4 - type: integer 
	Parameter RX_QUEUE_PIPELINE bound to: 3 - type: integer 
	Parameter CQ_PIPELINE bound to: 5 - type: integer 
	Parameter TX_DESC_TABLE_SIZE bound to: 32 - type: integer 
	Parameter RX_DESC_TABLE_SIZE bound to: 32 - type: integer 
	Parameter RX_INDIR_TBL_ADDR_WIDTH bound to: 8 - type: integer 
	Parameter TX_SCHEDULER_OP_TABLE_SIZE bound to: 32 - type: integer 
	Parameter TX_SCHEDULER_PIPELINE bound to: 4 - type: integer 
	Parameter TDMA_INDEX_WIDTH bound to: 6 - type: integer 
	Parameter PTP_TS_ENABLE bound to: 1 - type: integer 
	Parameter TX_CPL_ENABLE bound to: 1 - type: integer 
	Parameter TX_CPL_FIFO_DEPTH bound to: 32 - type: integer 
	Parameter TX_TAG_WIDTH bound to: 16 - type: integer 
	Parameter TX_CHECKSUM_ENABLE bound to: 1 - type: integer 
	Parameter RX_HASH_ENABLE bound to: 1 - type: integer 
	Parameter RX_CHECKSUM_ENABLE bound to: 1 - type: integer 
	Parameter PFC_ENABLE bound to: 1 - type: integer 
	Parameter LFC_ENABLE bound to: 1 - type: integer 
	Parameter MAC_CTRL_ENABLE bound to: 0 - type: integer 
	Parameter TX_FIFO_DEPTH bound to: 32768 - type: integer 
	Parameter RX_FIFO_DEPTH bound to: 65536 - type: integer 
	Parameter MAX_TX_SIZE bound to: 9214 - type: integer 
	Parameter MAX_RX_SIZE bound to: 9214 - type: integer 
	Parameter TX_RAM_SIZE bound to: 32768 - type: integer 
	Parameter RX_RAM_SIZE bound to: 131072 - type: integer 
	Parameter APP_ID bound to: 0 - type: integer 
	Parameter APP_ENABLE bound to: 0 - type: integer 
	Parameter APP_CTRL_ENABLE bound to: 1 - type: integer 
	Parameter APP_DMA_ENABLE bound to: 1 - type: integer 
	Parameter APP_AXIS_DIRECT_ENABLE bound to: 1 - type: integer 
	Parameter APP_AXIS_SYNC_ENABLE bound to: 1 - type: integer 
	Parameter APP_AXIS_IF_ENABLE bound to: 1 - type: integer 
	Parameter APP_STAT_ENABLE bound to: 1 - type: integer 
	Parameter APP_GPIO_IN_WIDTH bound to: 32 - type: integer 
	Parameter APP_GPIO_OUT_WIDTH bound to: 32 - type: integer 
	Parameter DDR_CH bound to: 2 - type: integer 
	Parameter DDR_ENABLE bound to: 0 - type: integer 
	Parameter DDR_GROUP_SIZE bound to: 1 - type: integer 
	Parameter AXI_DDR_DATA_WIDTH bound to: 512 - type: integer 
	Parameter AXI_DDR_ADDR_WIDTH bound to: 33 - type: integer 
	Parameter AXI_DDR_STRB_WIDTH bound to: 64 - type: integer 
	Parameter AXI_DDR_ID_WIDTH bound to: 8 - type: integer 
	Parameter AXI_DDR_AWUSER_ENABLE bound to: 0 - type: integer 
	Parameter AXI_DDR_WUSER_ENABLE bound to: 0 - type: integer 
	Parameter AXI_DDR_BUSER_ENABLE bound to: 0 - type: integer 
	Parameter AXI_DDR_ARUSER_ENABLE bound to: 0 - type: integer 
	Parameter AXI_DDR_RUSER_ENABLE bound to: 0 - type: integer 
	Parameter AXI_DDR_MAX_BURST_LEN bound to: 256 - type: integer 
	Parameter AXI_DDR_NARROW_BURST bound to: 0 - type: integer 
	Parameter AXI_DDR_FIXED_BURST bound to: 0 - type: integer 
	Parameter AXI_DDR_WRAP_BURST bound to: 1 - type: integer 
	Parameter HBM_ENABLE bound to: 0 - type: integer 
	Parameter DMA_IMM_ENABLE bound to: 0 - type: integer 
	Parameter DMA_IMM_WIDTH bound to: 32 - type: integer 
	Parameter DMA_LEN_WIDTH bound to: 16 - type: integer 
	Parameter DMA_TAG_WIDTH bound to: 16 - type: integer 
	Parameter RAM_ADDR_WIDTH bound to: 17 - type: integer 
	Parameter RAM_PIPELINE bound to: 2 - type: integer 
	Parameter AXIS_PCIE_DATA_WIDTH bound to: 512 - type: integer 
	Parameter AXIS_PCIE_KEEP_WIDTH bound to: 16 - type: integer 
	Parameter AXIS_PCIE_RC_USER_WIDTH bound to: 161 - type: integer 
	Parameter AXIS_PCIE_RQ_USER_WIDTH bound to: 137 - type: integer 
	Parameter AXIS_PCIE_CQ_USER_WIDTH bound to: 183 - type: integer 
	Parameter AXIS_PCIE_CC_USER_WIDTH bound to: 81 - type: integer 
	Parameter RC_STRADDLE bound to: 1'b1 
	Parameter RQ_STRADDLE bound to: 1'b1 
	Parameter CQ_STRADDLE bound to: 1'b1 
	Parameter CC_STRADDLE bound to: 1'b1 
	Parameter RQ_SEQ_NUM_WIDTH bound to: 6 - type: integer 
	Parameter PF_COUNT bound to: 1 - type: integer 
	Parameter VF_COUNT bound to: 0 - type: integer 
	Parameter F_COUNT bound to: 1 - type: integer 
	Parameter PCIE_TAG_COUNT bound to: 256 - type: integer 
	Parameter IRQ_INDEX_WIDTH bound to: 6 - type: integer 
	Parameter AXIL_CTRL_DATA_WIDTH bound to: 32 - type: integer 
	Parameter AXIL_CTRL_ADDR_WIDTH bound to: 24 - type: integer 
	Parameter AXIL_CTRL_STRB_WIDTH bound to: 4 - type: integer 
	Parameter AXIL_IF_CTRL_ADDR_WIDTH bound to: 23 - type: integer 
	Parameter AXIL_CSR_ADDR_WIDTH bound to: 18 - type: integer 
	Parameter AXIL_CSR_PASSTHROUGH_ENABLE bound to: 0 - type: integer 
	Parameter RB_NEXT_PTR bound to: 16'b0001000000000000 
	Parameter AXIL_APP_CTRL_DATA_WIDTH bound to: 32 - type: integer 
	Parameter AXIL_APP_CTRL_ADDR_WIDTH bound to: 24 - type: integer 
	Parameter AXIS_ETH_DATA_WIDTH bound to: 64 - type: integer 
	Parameter AXIS_ETH_KEEP_WIDTH bound to: 8 - type: integer 
	Parameter AXIS_ETH_SYNC_DATA_WIDTH bound to: 128 - type: integer 
	Parameter AXIS_ETH_TX_USER_WIDTH bound to: 17 - type: integer 
	Parameter AXIS_ETH_RX_USER_WIDTH bound to: 97 - type: integer 
	Parameter AXIS_ETH_RX_USE_READY bound to: 0 - type: integer 
	Parameter AXIS_ETH_TX_PIPELINE bound to: 0 - type: integer 
	Parameter AXIS_ETH_TX_FIFO_PIPELINE bound to: 2 - type: integer 
	Parameter AXIS_ETH_TX_TS_PIPELINE bound to: 0 - type: integer 
	Parameter AXIS_ETH_RX_PIPELINE bound to: 0 - type: integer 
	Parameter AXIS_ETH_RX_FIFO_PIPELINE bound to: 2 - type: integer 
	Parameter STAT_ENABLE bound to: 1 - type: integer 
	Parameter STAT_DMA_ENABLE bound to: 1 - type: integer 
	Parameter STAT_PCIE_ENABLE bound to: 1 - type: integer 
	Parameter STAT_INC_WIDTH bound to: 24 - type: integer 
	Parameter STAT_ID_WIDTH bound to: 12 - type: integer 
INFO: [Synth 8-6157] synthesizing module 'pcie_us_if' [/home/keshav/Documents/Workspace/corundum/fpga/mqnic/ADM_PCIE_9V3/fpga_25g/lib/pcie/rtl/pcie_us_if.v:34]
	Parameter AXIS_PCIE_DATA_WIDTH bound to: 512 - type: integer 
	Parameter AXIS_PCIE_KEEP_WIDTH bound to: 16 - type: integer 
	Parameter AXIS_PCIE_RC_USER_WIDTH bound to: 161 - type: integer 
	Parameter AXIS_PCIE_RQ_USER_WIDTH bound to: 137 - type: integer 
	Parameter AXIS_PCIE_CQ_USER_WIDTH bound to: 183 - type: integer 
	Parameter AXIS_PCIE_CC_USER_WIDTH bound to: 81 - type: integer 
	Parameter RC_STRADDLE bound to: 1'b1 
	Parameter RQ_STRADDLE bound to: 1'b1 
	Parameter CQ_STRADDLE bound to: 1'b1 
	Parameter CC_STRADDLE bound to: 1'b1 
	Parameter RQ_SEQ_NUM_WIDTH bound to: 6 - type: integer 
	Parameter TLP_DATA_WIDTH bound to: 512 - type: integer 
	Parameter TLP_STRB_WIDTH bound to: 16 - type: integer 
	Parameter TLP_HDR_WIDTH bound to: 128 - type: integer 
	Parameter TLP_SEG_COUNT bound to: 1 - type: integer 
	Parameter TX_SEQ_NUM_COUNT bound to: 2 - type: integer 
	Parameter TX_SEQ_NUM_WIDTH bound to: 5 - type: integer 
	Parameter PF_COUNT bound to: 1 - type: integer 
	Parameter VF_COUNT bound to: 0 - type: integer 
	Parameter READ_EXT_TAG_ENABLE bound to: 1 - type: integer 
	Parameter READ_MAX_READ_REQ_SIZE bound to: 1 - type: integer 
	Parameter READ_MAX_PAYLOAD_SIZE bound to: 1 - type: integer 
	Parameter MSIX_ENABLE bound to: 1 - type: integer 
	Parameter MSI_ENABLE bound to: 0 - type: integer 
INFO: [Synth 8-6157] synthesizing module 'pcie_us_cfg' [/home/keshav/Documents/Workspace/corundum/fpga/mqnic/ADM_PCIE_9V3/fpga_25g/lib/pcie/rtl/pcie_us_cfg.v:34]
	Parameter PF_COUNT bound to: 1 - type: integer 
	Parameter VF_COUNT bound to: 0 - type: integer 
	Parameter VF_OFFSET bound to: 4 - type: integer 
	Parameter PCIE_CAP_OFFSET bound to: 12'b000001110000 
INFO: [Synth 8-6155] done synthesizing module 'pcie_us_cfg' (0#1) [/home/keshav/Documents/Workspace/corundum/fpga/mqnic/ADM_PCIE_9V3/fpga_25g/lib/pcie/rtl/pcie_us_cfg.v:34]
INFO: [Synth 8-6157] synthesizing module 'pcie_us_if_rc' [/home/keshav/Documents/Workspace/corundum/fpga/mqnic/ADM_PCIE_9V3/fpga_25g/lib/pcie/rtl/pcie_us_if_rc.v:34]
	Parameter AXIS_PCIE_DATA_WIDTH bound to: 512 - type: integer 
	Parameter AXIS_PCIE_KEEP_WIDTH bound to: 16 - type: integer 
	Parameter AXIS_PCIE_RC_USER_WIDTH bound to: 161 - type: integer 
	Parameter RC_STRADDLE bound to: 1'b1 
	Parameter TLP_DATA_WIDTH bound to: 512 - type: integer 
	Parameter TLP_STRB_WIDTH bound to: 16 - type: integer 
	Parameter TLP_HDR_WIDTH bound to: 128 - type: integer 
	Parameter TLP_SEG_COUNT bound to: 1 - type: integer 
INFO: [Synth 8-6157] synthesizing module 'pcie_tlp_fifo' [/home/keshav/Documents/Workspace/corundum/fpga/mqnic/ADM_PCIE_9V3/fpga_25g/lib/pcie/rtl/pcie_tlp_fifo.v:34]
	Parameter DEPTH bound to: 512 - type: integer 
	Parameter TLP_DATA_WIDTH bound to: 512 - type: integer 
	Parameter TLP_STRB_WIDTH bound to: 16 - type: integer 
	Parameter TLP_HDR_WIDTH bound to: 128 - type: integer 
	Parameter SEQ_NUM_WIDTH bound to: 1 - type: integer 
	Parameter IN_TLP_SEG_COUNT bound to: 4 - type: integer 
	Parameter OUT_TLP_SEG_COUNT bound to: 1 - type: integer 
INFO: [Synth 8-6157] synthesizing module 'pcie_tlp_fifo_raw' [/home/keshav/Documents/Workspace/corundum/fpga/mqnic/ADM_PCIE_9V3/fpga_25g/lib/pcie/rtl/pcie_tlp_fifo_raw.v:34]
	Parameter DEPTH bound to: 512 - type: integer 
	Parameter TLP_DATA_WIDTH bound to: 512 - type: integer 
	Parameter TLP_STRB_WIDTH bound to: 16 - type: integer 
	Parameter TLP_HDR_WIDTH bound to: 128 - type: integer 
	Parameter SEQ_NUM_WIDTH bound to: 1 - type: integer 
	Parameter IN_TLP_SEG_COUNT bound to: 4 - type: integer 
	Parameter OUT_TLP_SEG_COUNT bound to: 4 - type: integer 
	Parameter SEG_SEL_WIDTH bound to: 2 - type: integer 
	Parameter WATERMARK bound to: 256 - type: integer 
	Parameter CTRL_OUT_EN bound to: 1'b1 
INFO: [Synth 8-6155] done synthesizing module 'pcie_tlp_fifo_raw' (0#1) [/home/keshav/Documents/Workspace/corundum/fpga/mqnic/ADM_PCIE_9V3/fpga_25g/lib/pcie/rtl/pcie_tlp_fifo_raw.v:34]
INFO: [Synth 8-6155] done synthesizing module 'pcie_tlp_fifo' (0#1) [/home/keshav/Documents/Workspace/corundum/fpga/mqnic/ADM_PCIE_9V3/fpga_25g/lib/pcie/rtl/pcie_tlp_fifo.v:34]
INFO: [Synth 8-6155] done synthesizing module 'pcie_us_if_rc' (0#1) [/home/keshav/Documents/Workspace/corundum/fpga/mqnic/ADM_PCIE_9V3/fpga_25g/lib/pcie/rtl/pcie_us_if_rc.v:34]
INFO: [Synth 8-6157] synthesizing module 'pcie_us_if_rq' [/home/keshav/Documents/Workspace/corundum/fpga/mqnic/ADM_PCIE_9V3/fpga_25g/lib/pcie/rtl/pcie_us_if_rq.v:34]
	Parameter AXIS_PCIE_DATA_WIDTH bound to: 512 - type: integer 
	Parameter AXIS_PCIE_KEEP_WIDTH bound to: 16 - type: integer 
	Parameter AXIS_PCIE_RQ_USER_WIDTH bound to: 137 - type: integer 
	Parameter RQ_STRADDLE bound to: 1'b1 
	Parameter RQ_SEQ_NUM_WIDTH bound to: 6 - type: integer 
	Parameter TLP_DATA_WIDTH bound to: 512 - type: integer 
	Parameter TLP_STRB_WIDTH bound to: 16 - type: integer 
	Parameter TLP_HDR_WIDTH bound to: 128 - type: integer 
	Parameter TLP_SEG_COUNT bound to: 1 - type: integer 
	Parameter TX_SEQ_NUM_COUNT bound to: 2 - type: integer 
	Parameter TX_SEQ_NUM_WIDTH bound to: 5 - type: integer 
INFO: [Synth 8-6157] synthesizing module 'pcie_tlp_fifo_raw__parameterized0' [/home/keshav/Documents/Workspace/corundum/fpga/mqnic/ADM_PCIE_9V3/fpga_25g/lib/pcie/rtl/pcie_tlp_fifo_raw.v:34]
	Parameter DEPTH bound to: 512 - type: integer 
	Parameter TLP_DATA_WIDTH bound to: 512 - type: integer 
	Parameter TLP_STRB_WIDTH bound to: 16 - type: integer 
	Parameter TLP_HDR_WIDTH bound to: 128 - type: integer 
	Parameter SEQ_NUM_WIDTH bound to: 5 - type: integer 
	Parameter IN_TLP_SEG_COUNT bound to: 1 - type: integer 
	Parameter OUT_TLP_SEG_COUNT bound to: 2 - type: integer 
	Parameter CTRL_OUT_EN bound to: 0 - type: integer 
INFO: [Synth 8-6155] done synthesizing module 'pcie_tlp_fifo_raw__parameterized0' (0#1) [/home/keshav/Documents/Workspace/corundum/fpga/mqnic/ADM_PCIE_9V3/fpga_25g/lib/pcie/rtl/pcie_tlp_fifo_raw.v:34]
INFO: [Synth 8-6155] done synthesizing module 'pcie_us_if_rq' (0#1) [/home/keshav/Documents/Workspace/corundum/fpga/mqnic/ADM_PCIE_9V3/fpga_25g/lib/pcie/rtl/pcie_us_if_rq.v:34]
INFO: [Synth 8-6157] synthesizing module 'pcie_us_if_cq' [/home/keshav/Documents/Workspace/corundum/fpga/mqnic/ADM_PCIE_9V3/fpga_25g/lib/pcie/rtl/pcie_us_if_cq.v:34]
	Parameter AXIS_PCIE_DATA_WIDTH bound to: 512 - type: integer 
	Parameter AXIS_PCIE_KEEP_WIDTH bound to: 16 - type: integer 
	Parameter AXIS_PCIE_CQ_USER_WIDTH bound to: 183 - type: integer 
	Parameter CQ_STRADDLE bound to: 1'b1 
	Parameter TLP_DATA_WIDTH bound to: 512 - type: integer 
	Parameter TLP_STRB_WIDTH bound to: 16 - type: integer 
	Parameter TLP_HDR_WIDTH bound to: 128 - type: integer 
	Parameter TLP_SEG_COUNT bound to: 1 - type: integer 
INFO: [Synth 8-6157] synthesizing module 'pcie_tlp_fifo__parameterized0' [/home/keshav/Documents/Workspace/corundum/fpga/mqnic/ADM_PCIE_9V3/fpga_25g/lib/pcie/rtl/pcie_tlp_fifo.v:34]
	Parameter DEPTH bound to: 512 - type: integer 
	Parameter TLP_DATA_WIDTH bound to: 512 - type: integer 
	Parameter TLP_STRB_WIDTH bound to: 16 - type: integer 
	Parameter TLP_HDR_WIDTH bound to: 128 - type: integer 
	Parameter SEQ_NUM_WIDTH bound to: 1 - type: integer 
	Parameter IN_TLP_SEG_COUNT bound to: 2 - type: integer 
	Parameter OUT_TLP_SEG_COUNT bound to: 1 - type: integer 
INFO: [Synth 8-6157] synthesizing module 'pcie_tlp_fifo_raw__parameterized1' [/home/keshav/Documents/Workspace/corundum/fpga/mqnic/ADM_PCIE_9V3/fpga_25g/lib/pcie/rtl/pcie_tlp_fifo_raw.v:34]
	Parameter DEPTH bound to: 512 - type: integer 
	Parameter TLP_DATA_WIDTH bound to: 512 - type: integer 
	Parameter TLP_STRB_WIDTH bound to: 16 - type: integer 
	Parameter TLP_HDR_WIDTH bound to: 128 - type: integer 
	Parameter SEQ_NUM_WIDTH bound to: 1 - type: integer 
	Parameter IN_TLP_SEG_COUNT bound to: 2 - type: integer 
	Parameter OUT_TLP_SEG_COUNT bound to: 2 - type: integer 
	Parameter SEG_SEL_WIDTH bound to: 1 - type: integer 
	Parameter WATERMARK bound to: 256 - type: integer 
	Parameter CTRL_OUT_EN bound to: 1'b1 
INFO: [Synth 8-6155] done synthesizing module 'pcie_tlp_fifo_raw__parameterized1' (0#1) [/home/keshav/Documents/Workspace/corundum/fpga/mqnic/ADM_PCIE_9V3/fpga_25g/lib/pcie/rtl/pcie_tlp_fifo_raw.v:34]
INFO: [Synth 8-6155] done synthesizing module 'pcie_tlp_fifo__parameterized0' (0#1) [/home/keshav/Documents/Workspace/corundum/fpga/mqnic/ADM_PCIE_9V3/fpga_25g/lib/pcie/rtl/pcie_tlp_fifo.v:34]
INFO: [Synth 8-6155] done synthesizing module 'pcie_us_if_cq' (0#1) [/home/keshav/Documents/Workspace/corundum/fpga/mqnic/ADM_PCIE_9V3/fpga_25g/lib/pcie/rtl/pcie_us_if_cq.v:34]
INFO: [Synth 8-6157] synthesizing module 'pcie_us_if_cc' [/home/keshav/Documents/Workspace/corundum/fpga/mqnic/ADM_PCIE_9V3/fpga_25g/lib/pcie/rtl/pcie_us_if_cc.v:34]
	Parameter AXIS_PCIE_DATA_WIDTH bound to: 512 - type: integer 
	Parameter AXIS_PCIE_KEEP_WIDTH bound to: 16 - type: integer 
	Parameter AXIS_PCIE_CC_USER_WIDTH bound to: 81 - type: integer 
	Parameter CC_STRADDLE bound to: 1'b1 
	Parameter TLP_DATA_WIDTH bound to: 512 - type: integer 
	Parameter TLP_STRB_WIDTH bound to: 16 - type: integer 
	Parameter TLP_HDR_WIDTH bound to: 128 - type: integer 
	Parameter TLP_SEG_COUNT bound to: 1 - type: integer 
INFO: [Synth 8-6157] synthesizing module 'pcie_tlp_fifo_raw__parameterized2' [/home/keshav/Documents/Workspace/corundum/fpga/mqnic/ADM_PCIE_9V3/fpga_25g/lib/pcie/rtl/pcie_tlp_fifo_raw.v:34]
	Parameter DEPTH bound to: 512 - type: integer 
	Parameter TLP_DATA_WIDTH bound to: 512 - type: integer 
	Parameter TLP_STRB_WIDTH bound to: 16 - type: integer 
	Parameter TLP_HDR_WIDTH bound to: 128 - type: integer 
	Parameter SEQ_NUM_WIDTH bound to: 1 - type: integer 
	Parameter IN_TLP_SEG_COUNT bound to: 1 - type: integer 
	Parameter OUT_TLP_SEG_COUNT bound to: 2 - type: integer 
	Parameter CTRL_OUT_EN bound to: 0 - type: integer 
INFO: [Synth 8-6155] done synthesizing module 'pcie_tlp_fifo_raw__parameterized2' (0#1) [/home/keshav/Documents/Workspace/corundum/fpga/mqnic/ADM_PCIE_9V3/fpga_25g/lib/pcie/rtl/pcie_tlp_fifo_raw.v:34]
INFO: [Synth 8-6155] done synthesizing module 'pcie_us_if_cc' (0#1) [/home/keshav/Documents/Workspace/corundum/fpga/mqnic/ADM_PCIE_9V3/fpga_25g/lib/pcie/rtl/pcie_us_if_cc.v:34]
INFO: [Synth 8-6155] done synthesizing module 'pcie_us_if' (0#1) [/home/keshav/Documents/Workspace/corundum/fpga/mqnic/ADM_PCIE_9V3/fpga_25g/lib/pcie/rtl/pcie_us_if.v:34]
INFO: [Synth 8-6157] synthesizing module 'mqnic_core_pcie' [/home/keshav/Documents/Workspace/corundum/fpga/mqnic/ADM_PCIE_9V3/fpga_25g/rtl/common/mqnic_core_pcie.v:15]
	Parameter FPGA_ID bound to: 78876819 - type: integer 
	Parameter FW_ID bound to: 0 - type: integer 
	Parameter FW_VER bound to: 256 - type: integer 
	Parameter BOARD_ID bound to: 1095012355 - type: integer 
	Parameter BOARD_VER bound to: 16777216 - type: integer 
	Parameter BUILD_DATE bound to: 1790816955 - type: integer 
	Parameter GIT_HASH bound to: 480253211 - type: integer 
	Parameter RELEASE_INFO bound to: 0 - type: integer 
	Parameter IF_COUNT bound to: 2 - type: integer 
	Parameter PORTS_PER_IF bound to: 1 - type: integer 
	Parameter SCHED_PER_IF bound to: 1 - type: integer 
	Parameter PORT_COUNT bound to: 2 - type: integer 
	Parameter CLK_PERIOD_NS_NUM bound to: 4 - type: integer 
	Parameter CLK_PERIOD_NS_DENOM bound to: 1 - type: integer 
	Parameter PTP_CLK_PERIOD_NS_NUM bound to: 1024 - type: integer 
	Parameter PTP_CLK_PERIOD_NS_DENOM bound to: 165 - type: integer 
	Parameter PTP_TS_WIDTH bound to: 96 - type: integer 
	Parameter PTP_CLOCK_PIPELINE bound to: 0 - type: integer 
	Parameter PTP_CLOCK_CDC_PIPELINE bound to: 0 - type: integer 
	Parameter PTP_SEPARATE_TX_CLOCK bound to: 0 - type: integer 
	Parameter PTP_SEPARATE_RX_CLOCK bound to: 0 - type: integer 
	Parameter PTP_PORT_CDC_PIPELINE bound to: 0 - type: integer 
	Parameter PTP_PEROUT_ENABLE bound to: 0 - type: integer 
	Parameter PTP_PEROUT_COUNT bound to: 1 - type: integer 
	Parameter EVENT_QUEUE_OP_TABLE_SIZE bound to: 32 - type: integer 
	Parameter TX_QUEUE_OP_TABLE_SIZE bound to: 32 - type: integer 
	Parameter RX_QUEUE_OP_TABLE_SIZE bound to: 32 - type: integer 
	Parameter CQ_OP_TABLE_SIZE bound to: 32 - type: integer 
	Parameter EQN_WIDTH bound to: 6 - type: integer 
	Parameter TX_QUEUE_INDEX_WIDTH bound to: 13 - type: integer 
	Parameter RX_QUEUE_INDEX_WIDTH bound to: 8 - type: integer 
	Parameter CQN_WIDTH bound to: 14 - type: integer 
	Parameter EQ_PIPELINE bound to: 3 - type: integer 
	Parameter TX_QUEUE_PIPELINE bound to: 4 - type: integer 
	Parameter RX_QUEUE_PIPELINE bound to: 3 - type: integer 
	Parameter CQ_PIPELINE bound to: 5 - type: integer 
	Parameter TX_DESC_TABLE_SIZE bound to: 32 - type: integer 
	Parameter RX_DESC_TABLE_SIZE bound to: 32 - type: integer 
	Parameter RX_INDIR_TBL_ADDR_WIDTH bound to: 8 - type: integer 
	Parameter TX_SCHEDULER_OP_TABLE_SIZE bound to: 32 - type: integer 
	Parameter TX_SCHEDULER_PIPELINE bound to: 4 - type: integer 
	Parameter TDMA_INDEX_WIDTH bound to: 6 - type: integer 
	Parameter PTP_TS_ENABLE bound to: 1 - type: integer 
	Parameter TX_CPL_ENABLE bound to: 1 - type: integer 
	Parameter TX_CPL_FIFO_DEPTH bound to: 32 - type: integer 
	Parameter TX_TAG_WIDTH bound to: 16 - type: integer 
	Parameter TX_CHECKSUM_ENABLE bound to: 1 - type: integer 
	Parameter RX_HASH_ENABLE bound to: 1 - type: integer 
	Parameter RX_CHECKSUM_ENABLE bound to: 1 - type: integer 
	Parameter PFC_ENABLE bound to: 1 - type: integer 
	Parameter LFC_ENABLE bound to: 1 - type: integer 
	Parameter MAC_CTRL_ENABLE bound to: 0 - type: integer 
	Parameter TX_FIFO_DEPTH bound to: 32768 - type: integer 
	Parameter RX_FIFO_DEPTH bound to: 65536 - type: integer 
	Parameter MAX_TX_SIZE bound to: 9214 - type: integer 
	Parameter MAX_RX_SIZE bound to: 9214 - type: integer 
	Parameter TX_RAM_SIZE bound to: 32768 - type: integer 
	Parameter RX_RAM_SIZE bound to: 131072 - type: integer 
	Parameter DDR_CH bound to: 2 - type: integer 
	Parameter DDR_ENABLE bound to: 0 - type: integer 
	Parameter DDR_GROUP_SIZE bound to: 1 - type: integer 
	Parameter AXI_DDR_DATA_WIDTH bound to: 512 - type: integer 
	Parameter AXI_DDR_ADDR_WIDTH bound to: 33 - type: integer 
	Parameter AXI_DDR_STRB_WIDTH bound to: 64 - type: integer 
	Parameter AXI_DDR_ID_WIDTH bound to: 8 - type: integer 
	Parameter AXI_DDR_AWUSER_ENABLE bound to: 0 - type: integer 
	Parameter AXI_DDR_AWUSER_WIDTH bound to: 1 - type: integer 
	Parameter AXI_DDR_WUSER_ENABLE bound to: 0 - type: integer 
	Parameter AXI_DDR_WUSER_WIDTH bound to: 1 - type: integer 
	Parameter AXI_DDR_BUSER_ENABLE bound to: 0 - type: integer 
	Parameter AXI_DDR_BUSER_WIDTH bound to: 1 - type: integer 
	Parameter AXI_DDR_ARUSER_ENABLE bound to: 0 - type: integer 
	Parameter AXI_DDR_ARUSER_WIDTH bound to: 1 - type: integer 
	Parameter AXI_DDR_RUSER_ENABLE bound to: 0 - type: integer 
	Parameter AXI_DDR_RUSER_WIDTH bound to: 1 - type: integer 
	Parameter AXI_DDR_MAX_BURST_LEN bound to: 256 - type: integer 
	Parameter AXI_DDR_NARROW_BURST bound to: 0 - type: integer 
	Parameter AXI_DDR_FIXED_BURST bound to: 0 - type: integer 
	Parameter AXI_DDR_WRAP_BURST bound to: 1 - type: integer 
	Parameter HBM_CH bound to: 1 - type: integer 
	Parameter HBM_ENABLE bound to: 0 - type: integer 
	Parameter HBM_GROUP_SIZE bound to: 1 - type: integer 
	Parameter AXI_HBM_DATA_WIDTH bound to: 256 - type: integer 
	Parameter AXI_HBM_ADDR_WIDTH bound to: 32 - type: integer 
	Parameter AXI_HBM_STRB_WIDTH bound to: 32 - type: integer 
	Parameter AXI_HBM_ID_WIDTH bound to: 8 - type: integer 
	Parameter AXI_HBM_AWUSER_ENABLE bound to: 0 - type: integer 
	Parameter AXI_HBM_AWUSER_WIDTH bound to: 1 - type: integer 
	Parameter AXI_HBM_WUSER_ENABLE bound to: 0 - type: integer 
	Parameter AXI_HBM_WUSER_WIDTH bound to: 1 - type: integer 
	Parameter AXI_HBM_BUSER_ENABLE bound to: 0 - type: integer 
	Parameter AXI_HBM_BUSER_WIDTH bound to: 1 - type: integer 
	Parameter AXI_HBM_ARUSER_ENABLE bound to: 0 - type: integer 
	Parameter AXI_HBM_ARUSER_WIDTH bound to: 1 - type: integer 
	Parameter AXI_HBM_RUSER_ENABLE bound to: 0 - type: integer 
	Parameter AXI_HBM_RUSER_WIDTH bound to: 1 - type: integer 
	Parameter AXI_HBM_MAX_BURST_LEN bound to: 256 - type: integer 
	Parameter AXI_HBM_NARROW_BURST bound to: 0 - type: integer 
	Parameter AXI_HBM_FIXED_BURST bound to: 0 - type: integer 
	Parameter AXI_HBM_WRAP_BURST bound to: 0 - type: integer 
	Parameter APP_ID bound to: 0 - type: integer 
	Parameter APP_ENABLE bound to: 0 - type: integer 
	Parameter APP_CTRL_ENABLE bound to: 1 - type: integer 
	Parameter APP_DMA_ENABLE bound to: 1 - type: integer 
	Parameter APP_AXIS_DIRECT_ENABLE bound to: 1 - type: integer 
	Parameter APP_AXIS_SYNC_ENABLE bound to: 1 - type: integer 
	Parameter APP_AXIS_IF_ENABLE bound to: 1 - type: integer 
	Parameter APP_STAT_ENABLE bound to: 1 - type: integer 
	Parameter DMA_LEN_WIDTH bound to: 16 - type: integer 
	Parameter DMA_TAG_WIDTH bound to: 16 - type: integer 
	Parameter DMA_IMM_ENABLE bound to: 0 - type: integer 
	Parameter DMA_IMM_WIDTH bound to: 32 - type: integer 
	Parameter RAM_ADDR_WIDTH bound to: 17 - type: integer 
	Parameter RAM_PIPELINE bound to: 2 - type: integer 
	Parameter TLP_DATA_WIDTH bound to: 512 - type: integer 
	Parameter TLP_STRB_WIDTH bound to: 16 - type: integer 
	Parameter TLP_HDR_WIDTH bound to: 128 - type: integer 
	Parameter TLP_SEG_COUNT bound to: 1 - type: integer 
	Parameter TX_SEQ_NUM_COUNT bound to: 2 - type: integer 
	Parameter TX_SEQ_NUM_WIDTH bound to: 5 - type: integer 
	Parameter TX_SEQ_NUM_ENABLE bound to: 1 - type: integer 
	Parameter PF_COUNT bound to: 1 - type: integer 
	Parameter VF_COUNT bound to: 0 - type: integer 
	Parameter F_COUNT bound to: 1 - type: integer 
	Parameter PCIE_TAG_COUNT bound to: 256 - type: integer 
	Parameter PCIE_DMA_READ_OP_TABLE_SIZE bound to: 256 - type: integer 
	Parameter PCIE_DMA_READ_TX_LIMIT bound to: 32 - type: integer 
	Parameter PCIE_DMA_READ_CPLH_FC_LIMIT bound to: 256 - type: integer 
	Parameter PCIE_DMA_READ_CPLD_FC_LIMIT bound to: 1792 - type: integer 
	Parameter PCIE_DMA_WRITE_OP_TABLE_SIZE bound to: 32 - type: integer 
	Parameter PCIE_DMA_WRITE_TX_LIMIT bound to: 32 - type: integer 
	Parameter TLP_FORCE_64_BIT_ADDR bound to: 1 - type: integer 
	Parameter CHECK_BUS_NUMBER bound to: 0 - type: integer 
	Parameter IRQ_INDEX_WIDTH bound to: 6 - type: integer 
	Parameter AXIL_CTRL_DATA_WIDTH bound to: 32 - type: integer 
	Parameter AXIL_CTRL_ADDR_WIDTH bound to: 24 - type: integer 
	Parameter AXIL_CTRL_STRB_WIDTH bound to: 4 - type: integer 
	Parameter AXIL_IF_CTRL_ADDR_WIDTH bound to: 23 - type: integer 
	Parameter AXIL_CSR_ADDR_WIDTH bound to: 18 - type: integer 
	Parameter AXIL_CSR_PASSTHROUGH_ENABLE bound to: 0 - type: integer 
	Parameter RB_NEXT_PTR bound to: 16'b0001000000000000 
	Parameter AXIL_APP_CTRL_DATA_WIDTH bound to: 32 - type: integer 
	Parameter AXIL_APP_CTRL_ADDR_WIDTH bound to: 24 - type: integer 
	Parameter AXIS_DATA_WIDTH bound to: 64 - type: integer 
	Parameter AXIS_KEEP_WIDTH bound to: 8 - type: integer 
	Parameter AXIS_SYNC_DATA_WIDTH bound to: 128 - type: integer 
	Parameter AXIS_IF_DATA_WIDTH bound to: 128 - type: integer 
	Parameter AXIS_TX_USER_WIDTH bound to: 17 - type: integer 
	Parameter AXIS_RX_USER_WIDTH bound to: 97 - type: integer 
	Parameter AXIS_RX_USE_READY bound to: 0 - type: integer 
	Parameter AXIS_TX_PIPELINE bound to: 0 - type: integer 
	Parameter AXIS_TX_FIFO_PIPELINE bound to: 2 - type: integer 
	Parameter AXIS_TX_TS_PIPELINE bound to: 0 - type: integer 
	Parameter AXIS_RX_PIPELINE bound to: 0 - type: integer 
	Parameter AXIS_RX_FIFO_PIPELINE bound to: 2 - type: integer 
	Parameter STAT_ENABLE bound to: 1 - type: integer 
	Parameter STAT_DMA_ENABLE bound to: 1 - type: integer 
	Parameter STAT_PCIE_ENABLE bound to: 1 - type: integer 
	Parameter STAT_INC_WIDTH bound to: 24 - type: integer 
	Parameter STAT_ID_WIDTH bound to: 12 - type: integer 
INFO: [Synth 8-6157] synthesizing module 'stats_pcie_if' [/home/keshav/Documents/Workspace/corundum/fpga/mqnic/ADM_PCIE_9V3/fpga_25g/rtl/common/stats_pcie_if.v:34]
	Parameter TLP_HDR_WIDTH bound to: 128 - type: integer 
	Parameter TLP_SEG_COUNT bound to: 1 - type: integer 
	Parameter STAT_INC_WIDTH bound to: 24 - type: integer 
	Parameter STAT_ID_WIDTH bound to: 5 - type: integer 
	Parameter UPDATE_PERIOD bound to: 1024 - type: integer 
INFO: [Synth 8-6157] synthesizing module 'stats_pcie_tlp' [/home/keshav/Documents/Workspace/corundum/fpga/mqnic/ADM_PCIE_9V3/fpga_25g/rtl/common/stats_pcie_tlp.v:34]
	Parameter TLP_HDR_WIDTH bound to: 128 - type: integer 
	Parameter TLP_SEG_COUNT bound to: 1 - type: integer 
INFO: [Synth 8-155] case statement is not full and has no default [/home/keshav/Documents/Workspace/corundum/fpga/mqnic/ADM_PCIE_9V3/fpga_25g/rtl/common/stats_pcie_tlp.v:151]
INFO: [Synth 8-6155] done synthesizing module 'stats_pcie_tlp' (0#1) [/home/keshav/Documents/Workspace/corundum/fpga/mqnic/ADM_PCIE_9V3/fpga_25g/rtl/common/stats_pcie_tlp.v:34]
INFO: [Synth 8-6157] synthesizing module 'stats_collect' [/home/keshav/Documents/Workspace/corundum/fpga/mqnic/ADM_PCIE_9V3/fpga_25g/rtl/common/stats_collect.v:34]
	Parameter COUNT bound to: 32 - type: integer 
	Parameter INC_WIDTH bound to: 11 - type: integer 
	Parameter STAT_INC_WIDTH bound to: 24 - type: integer 
	Parameter STAT_ID_WIDTH bound to: 5 - type: integer 
	Parameter UPDATE_PERIOD bound to: 1024 - type: integer 
INFO: [Synth 8-155] case statement is not full and has no default [/home/keshav/Documents/Workspace/corundum/fpga/mqnic/ADM_PCIE_9V3/fpga_25g/rtl/common/stats_collect.v:154]
INFO: [Synth 8-6155] done synthesizing module 'stats_collect' (0#1) [/home/keshav/Documents/Workspace/corundum/fpga/mqnic/ADM_PCIE_9V3/fpga_25g/rtl/common/stats_collect.v:34]
INFO: [Synth 8-6155] done synthesizing module 'stats_pcie_if' (0#1) [/home/keshav/Documents/Workspace/corundum/fpga/mqnic/ADM_PCIE_9V3/fpga_25g/rtl/common/stats_pcie_if.v:34]
INFO: [Synth 8-6157] synthesizing module 'stats_dma_if_pcie' [/home/keshav/Documents/Workspace/corundum/fpga/mqnic/ADM_PCIE_9V3/fpga_25g/rtl/common/stats_dma_if_pcie.v:34]
	Parameter PCIE_TAG_COUNT bound to: 256 - type: integer 
	Parameter LEN_WIDTH bound to: 16 - type: integer 
	Parameter READ_OP_TABLE_SIZE bound to: 256 - type: integer 
	Parameter WRITE_OP_TABLE_SIZE bound to: 32 - type: integer 
	Parameter STAT_INC_WIDTH bound to: 24 - type: integer 
	Parameter STAT_ID_WIDTH bound to: 5 - type: integer 
	Parameter UPDATE_PERIOD bound to: 1024 - type: integer 
INFO: [Synth 8-6157] synthesizing module 'stats_dma_latency' [/home/keshav/Documents/Workspace/corundum/fpga/mqnic/ADM_PCIE_9V3/fpga_25g/rtl/common/stats_dma_latency.v:34]
	Parameter COUNT_WIDTH bound to: 16 - type: integer 
	Parameter TAG_WIDTH bound to: 8 - type: integer 
	Parameter LEN_WIDTH bound to: 16 - type: integer 
	Parameter STATUS_WIDTH bound to: 4 - type: integer 
INFO: [Synth 8-6155] done synthesizing module 'stats_dma_latency' (0#1) [/home/keshav/Documents/Workspace/corundum/fpga/mqnic/ADM_PCIE_9V3/fpga_25g/rtl/common/stats_dma_latency.v:34]
INFO: [Synth 8-6157] synthesizing module 'stats_dma_latency__parameterized0' [/home/keshav/Documents/Workspace/corundum/fpga/mqnic/ADM_PCIE_9V3/fpga_25g/rtl/common/stats_dma_latency.v:34]
	Parameter COUNT_WIDTH bound to: 16 - type: integer 
	Parameter TAG_WIDTH bound to: 8 - type: integer 
	Parameter LEN_WIDTH bound to: 13 - type: integer 
	Parameter STATUS_WIDTH bound to: 4 - type: integer 
INFO: [Synth 8-6155] done synthesizing module 'stats_dma_latency__parameterized0' (0#1) [/home/keshav/Documents/Workspace/corundum/fpga/mqnic/ADM_PCIE_9V3/fpga_25g/rtl/common/stats_dma_latency.v:34]
INFO: [Synth 8-6157] synthesizing module 'stats_dma_latency__parameterized1' [/home/keshav/Documents/Workspace/corundum/fpga/mqnic/ADM_PCIE_9V3/fpga_25g/rtl/common/stats_dma_latency.v:34]
	Parameter COUNT_WIDTH bound to: 16 - type: integer 
	Parameter TAG_WIDTH bound to: 5 - type: integer 
	Parameter LEN_WIDTH bound to: 16 - type: integer 
	Parameter STATUS_WIDTH bound to: 4 - type: integer 
INFO: [Synth 8-6155] done synthesizing module 'stats_dma_latency__parameterized1' (0#1) [/home/keshav/Documents/Workspace/corundum/fpga/mqnic/ADM_PCIE_9V3/fpga_25g/rtl/common/stats_dma_latency.v:34]
INFO: [Synth 8-6157] synthesizing module 'stats_dma_latency__parameterized2' [/home/keshav/Documents/Workspace/corundum/fpga/mqnic/ADM_PCIE_9V3/fpga_25g/rtl/common/stats_dma_latency.v:34]
	Parameter COUNT_WIDTH bound to: 16 - type: integer 
	Parameter TAG_WIDTH bound to: 5 - type: integer 
	Parameter LEN_WIDTH bound to: 13 - type: integer 
	Parameter STATUS_WIDTH bound to: 4 - type: integer 
INFO: [Synth 8-6155] done synthesizing module 'stats_dma_latency__parameterized2' (0#1) [/home/keshav/Documents/Workspace/corundum/fpga/mqnic/ADM_PCIE_9V3/fpga_25g/rtl/common/stats_dma_latency.v:34]
INFO: [Synth 8-6157] synthesizing module 'stats_collect__parameterized0' [/home/keshav/Documents/Workspace/corundum/fpga/mqnic/ADM_PCIE_9V3/fpga_25g/rtl/common/stats_collect.v:34]
	Parameter COUNT bound to: 32 - type: integer 
	Parameter INC_WIDTH bound to: 16 - type: integer 
	Parameter STAT_INC_WIDTH bound to: 24 - type: integer 
	Parameter STAT_ID_WIDTH bound to: 5 - type: integer 
	Parameter UPDATE_PERIOD bound to: 1024 - type: integer 
INFO: [Synth 8-155] case statement is not full and has no default [/home/keshav/Documents/Workspace/corundum/fpga/mqnic/ADM_PCIE_9V3/fpga_25g/rtl/common/stats_collect.v:154]
INFO: [Synth 8-6155] done synthesizing module 'stats_collect__parameterized0' (0#1) [/home/keshav/Documents/Workspace/corundum/fpga/mqnic/ADM_PCIE_9V3/fpga_25g/rtl/common/stats_collect.v:34]
INFO: [Synth 8-6155] done synthesizing module 'stats_dma_if_pcie' (0#1) [/home/keshav/Documents/Workspace/corundum/fpga/mqnic/ADM_PCIE_9V3/fpga_25g/rtl/common/stats_dma_if_pcie.v:34]
INFO: [Synth 8-6157] synthesizing module 'axis_arb_mux' [/home/keshav/Documents/Workspace/corundum/fpga/mqnic/ADM_PCIE_9V3/fpga_25g/lib/axis/rtl/axis_arb_mux.v:34]
	Parameter S_COUNT bound to: 3 - type: integer 
	Parameter DATA_WIDTH bound to: 24 - type: integer 
	Parameter KEEP_ENABLE bound to: 0 - type: integer 
	Parameter ID_ENABLE bound to: 1 - type: integer 
	Parameter S_ID_WIDTH bound to: 12 - type: integer 
	Parameter M_ID_WIDTH bound to: 12 - type: integer 
	Parameter DEST_ENABLE bound to: 0 - type: integer 
	Parameter USER_ENABLE bound to: 0 - type: integer 
	Parameter LAST_ENABLE bound to: 0 - type: integer 
	Parameter ARB_TYPE_ROUND_ROBIN bound to: 1 - type: integer 
	Parameter ARB_LSB_HIGH_PRIORITY bound to: 1 - type: integer 
INFO: [Synth 8-6157] synthesizing module 'arbiter' [/home/keshav/Documents/Workspace/corundum/fpga/mqnic/ADM_PCIE_9V3/fpga_25g/lib/axi/rtl/arbiter.v:34]
	Parameter PORTS bound to: 3 - type: integer 
	Parameter ARB_TYPE_ROUND_ROBIN bound to: 1 - type: integer 
	Parameter ARB_BLOCK bound to: 1 - type: integer 
	Parameter ARB_BLOCK_ACK bound to: 1 - type: integer 
	Parameter ARB_LSB_HIGH_PRIORITY bound to: 1 - type: integer 
INFO: [Synth 8-6157] synthesizing module 'priority_encoder' [/home/keshav/Documents/Workspace/corundum/fpga/mqnic/ADM_PCIE_9V3/fpga_25g/lib/axi/rtl/priority_encoder.v:34]
	Parameter WIDTH bound to: 3 - type: integer 
	Parameter LSB_HIGH_PRIORITY bound to: 1 - type: integer 
INFO: [Synth 8-6155] done synthesizing module 'priority_encoder' (0#1) [/home/keshav/Documents/Workspace/corundum/fpga/mqnic/ADM_PCIE_9V3/fpga_25g/lib/axi/rtl/priority_encoder.v:34]
INFO: [Synth 8-6155] done synthesizing module 'arbiter' (0#1) [/home/keshav/Documents/Workspace/corundum/fpga/mqnic/ADM_PCIE_9V3/fpga_25g/lib/axi/rtl/arbiter.v:34]
INFO: [Synth 8-6155] done synthesizing module 'axis_arb_mux' (0#1) [/home/keshav/Documents/Workspace/corundum/fpga/mqnic/ADM_PCIE_9V3/fpga_25g/lib/axis/rtl/axis_arb_mux.v:34]
INFO: [Synth 8-6157] synthesizing module 'pcie_axil_master' [/home/keshav/Documents/Workspace/corundum/fpga/mqnic/ADM_PCIE_9V3/fpga_25g/lib/pcie/rtl/pcie_axil_master.v:34]
	Parameter TLP_DATA_WIDTH bound to: 512 - type: integer 
	Parameter TLP_STRB_WIDTH bound to: 16 - type: integer 
	Parameter TLP_HDR_WIDTH bound to: 128 - type: integer 
	Parameter TLP_SEG_COUNT bound to: 1 - type: integer 
	Parameter AXIL_DATA_WIDTH bound to: 32 - type: integer 
	Parameter AXIL_ADDR_WIDTH bound to: 24 - type: integer 
	Parameter AXIL_STRB_WIDTH bound to: 4 - type: integer 
	Parameter TLP_FORCE_64_BIT_ADDR bound to: 1 - type: integer 
INFO: [Synth 8-155] case statement is not full and has no default [/home/keshav/Documents/Workspace/corundum/fpga/mqnic/ADM_PCIE_9V3/fpga_25g/lib/pcie/rtl/pcie_axil_master.v:428]
INFO: [Synth 8-6155] done synthesizing module 'pcie_axil_master' (0#1) [/home/keshav/Documents/Workspace/corundum/fpga/mqnic/ADM_PCIE_9V3/fpga_25g/lib/pcie/rtl/pcie_axil_master.v:34]
INFO: [Synth 8-6157] synthesizing module 'dma_if_pcie' [/home/keshav/Documents/Workspace/corundum/fpga/mqnic/ADM_PCIE_9V3/fpga_25g/lib/pcie/rtl/dma_if_pcie.v:34]
	Parameter TLP_DATA_WIDTH bound to: 512 - type: integer 
	Parameter TLP_STRB_WIDTH bound to: 16 - type: integer 
	Parameter TLP_HDR_WIDTH bound to: 128 - type: integer 
	Parameter TLP_SEG_COUNT bound to: 1 - type: integer 
	Parameter TX_SEQ_NUM_COUNT bound to: 2 - type: integer 
	Parameter TX_SEQ_NUM_WIDTH bound to: 5 - type: integer 
	Parameter TX_SEQ_NUM_ENABLE bound to: 1 - type: integer 
	Parameter RAM_SEL_WIDTH bound to: 3 - type: integer 
	Parameter RAM_ADDR_WIDTH bound to: 17 - type: integer 
	Parameter RAM_SEG_COUNT bound to: 2 - type: integer 
	Parameter RAM_SEG_DATA_WIDTH bound to: 512 - type: integer 
	Parameter RAM_SEG_BE_WIDTH bound to: 64 - type: integer 
	Parameter RAM_SEG_ADDR_WIDTH bound to: 10 - type: integer 
	Parameter PCIE_ADDR_WIDTH bound to: 64 - type: integer 
	Parameter PCIE_TAG_COUNT bound to: 256 - type: integer 
	Parameter IMM_ENABLE bound to: 0 - type: integer 
	Parameter IMM_WIDTH bound to: 32 - type: integer 
	Parameter LEN_WIDTH bound to: 16 - type: integer 
	Parameter TAG_WIDTH bound to: 16 - type: integer 
	Parameter READ_OP_TABLE_SIZE bound to: 256 - type: integer 
	Parameter READ_TX_LIMIT bound to: 32 - type: integer 
	Parameter READ_CPLH_FC_LIMIT bound to: 256 - type: integer 
	Parameter READ_CPLD_FC_LIMIT bound to: 1792 - type: integer 
	Parameter WRITE_OP_TABLE_SIZE bound to: 32 - type: integer 
	Parameter WRITE_TX_LIMIT bound to: 32 - type: integer 
	Parameter TLP_FORCE_64_BIT_ADDR bound to: 1 - type: integer 
	Parameter CHECK_BUS_NUMBER bound to: 0 - type: integer 
INFO: [Synth 8-6157] synthesizing module 'dma_if_pcie_rd' [/home/keshav/Documents/Workspace/corundum/fpga/mqnic/ADM_PCIE_9V3/fpga_25g/lib/pcie/rtl/dma_if_pcie_rd.v:34]
	Parameter TLP_DATA_WIDTH bound to: 512 - type: integer 
	Parameter TLP_HDR_WIDTH bound to: 128 - type: integer 
	Parameter TLP_SEG_COUNT bound to: 1 - type: integer 
	Parameter TX_SEQ_NUM_COUNT bound to: 2 - type: integer 
	Parameter TX_SEQ_NUM_WIDTH bound to: 5 - type: integer 
	Parameter TX_SEQ_NUM_ENABLE bound to: 1 - type: integer 
	Parameter RAM_SEL_WIDTH bound to: 3 - type: integer 
	Parameter RAM_ADDR_WIDTH bound to: 17 - type: integer 
	Parameter RAM_SEG_COUNT bound to: 2 - type: integer 
	Parameter RAM_SEG_DATA_WIDTH bound to: 512 - type: integer 
	Parameter RAM_SEG_BE_WIDTH bound to: 64 - type: integer 
	Parameter RAM_SEG_ADDR_WIDTH bound to: 10 - type: integer 
	Parameter PCIE_ADDR_WIDTH bound to: 64 - type: integer 
	Parameter PCIE_TAG_COUNT bound to: 256 - type: integer 
	Parameter LEN_WIDTH bound to: 16 - type: integer 
	Parameter TAG_WIDTH bound to: 16 - type: integer 
	Parameter OP_TABLE_SIZE bound to: 256 - type: integer 
	Parameter TX_LIMIT bound to: 32 - type: integer 
	Parameter CPLH_FC_LIMIT bound to: 256 - type: integer 
	Parameter CPLD_FC_LIMIT bound to: 1792 - type: integer 
	Parameter TLP_FORCE_64_BIT_ADDR bound to: 1 - type: integer 
	Parameter CHECK_BUS_NUMBER bound to: 0 - type: integer 
INFO: [Synth 8-155] case statement is not full and has no default [/home/keshav/Documents/Workspace/corundum/fpga/mqnic/ADM_PCIE_9V3/fpga_25g/lib/pcie/rtl/dma_if_pcie_rd.v:995]
INFO: [Synth 8-6155] done synthesizing module 'dma_if_pcie_rd' (0#1) [/home/keshav/Documents/Workspace/corundum/fpga/mqnic/ADM_PCIE_9V3/fpga_25g/lib/pcie/rtl/dma_if_pcie_rd.v:34]
INFO: [Synth 8-6157] synthesizing module 'dma_if_pcie_wr' [/home/keshav/Documents/Workspace/corundum/fpga/mqnic/ADM_PCIE_9V3/fpga_25g/lib/pcie/rtl/dma_if_pcie_wr.v:34]
	Parameter TLP_DATA_WIDTH bound to: 512 - type: integer 
	Parameter TLP_STRB_WIDTH bound to: 16 - type: integer 
	Parameter TLP_HDR_WIDTH bound to: 128 - type: integer 
	Parameter TLP_SEG_COUNT bound to: 1 - type: integer 
	Parameter TX_SEQ_NUM_COUNT bound to: 2 - type: integer 
	Parameter TX_SEQ_NUM_WIDTH bound to: 5 - type: integer 
	Parameter TX_SEQ_NUM_ENABLE bound to: 1 - type: integer 
	Parameter RAM_SEL_WIDTH bound to: 3 - type: integer 
	Parameter RAM_ADDR_WIDTH bound to: 17 - type: integer 
	Parameter RAM_SEG_COUNT bound to: 2 - type: integer 
	Parameter RAM_SEG_DATA_WIDTH bound to: 512 - type: integer 
	Parameter RAM_SEG_BE_WIDTH bound to: 64 - type: integer 
	Parameter RAM_SEG_ADDR_WIDTH bound to: 10 - type: integer 
	Parameter PCIE_ADDR_WIDTH bound to: 64 - type: integer 
	Parameter IMM_ENABLE bound to: 0 - type: integer 
	Parameter IMM_WIDTH bound to: 32 - type: integer 
	Parameter LEN_WIDTH bound to: 16 - type: integer 
	Parameter TAG_WIDTH bound to: 16 - type: integer 
	Parameter OP_TABLE_SIZE bound to: 32 - type: integer 
	Parameter TX_LIMIT bound to: 32 - type: integer 
	Parameter TLP_FORCE_64_BIT_ADDR bound to: 1 - type: integer 
INFO: [Synth 8-6155] done synthesizing module 'dma_if_pcie_wr' (0#1) [/home/keshav/Documents/Workspace/corundum/fpga/mqnic/ADM_PCIE_9V3/fpga_25g/lib/pcie/rtl/dma_if_pcie_wr.v:34]
INFO: [Synth 8-6155] done synthesizing module 'dma_if_pcie' (0#1) [/home/keshav/Documents/Workspace/corundum/fpga/mqnic/ADM_PCIE_9V3/fpga_25g/lib/pcie/rtl/dma_if_pcie.v:34]
INFO: [Synth 8-6157] synthesizing module 'pcie_msix' [/home/keshav/Documents/Workspace/corundum/fpga/mqnic/ADM_PCIE_9V3/fpga_25g/lib/pcie/rtl/pcie_msix.v:34]
	Parameter IRQ_INDEX_WIDTH bound to: 6 - type: integer 
	Parameter AXIL_DATA_WIDTH bound to: 32 - type: integer 
	Parameter AXIL_ADDR_WIDTH bound to: 16 - type: integer 
	Parameter AXIL_STRB_WIDTH bound to: 4 - type: integer 
	Parameter TLP_HDR_WIDTH bound to: 128 - type: integer 
	Parameter TLP_FORCE_64_BIT_ADDR bound to: 1 - type: integer 
INFO: [Synth 8-6155] done synthesizing module 'pcie_msix' (0#1) [/home/keshav/Documents/Workspace/corundum/fpga/mqnic/ADM_PCIE_9V3/fpga_25g/lib/pcie/rtl/pcie_msix.v:34]
INFO: [Synth 8-6157] synthesizing module 'pulse_merge' [/home/keshav/Documents/Workspace/corundum/fpga/mqnic/ADM_PCIE_9V3/fpga_25g/lib/pcie/rtl/pulse_merge.v:34]
	Parameter INPUT_WIDTH bound to: 3 - type: integer 
	Parameter COUNT_WIDTH bound to: 4 - type: integer 
INFO: [Synth 8-6155] done synthesizing module 'pulse_merge' (0#1) [/home/keshav/Documents/Workspace/corundum/fpga/mqnic/ADM_PCIE_9V3/fpga_25g/lib/pcie/rtl/pulse_merge.v:34]
INFO: [Synth 8-6157] synthesizing module 'mqnic_core' [/home/keshav/Documents/Workspace/corundum/fpga/mqnic/ADM_PCIE_9V3/fpga_25g/rtl/common/mqnic_core.v:15]
	Parameter FPGA_ID bound to: 78876819 - type: integer 
	Parameter FW_ID bound to: 0 - type: integer 
	Parameter FW_VER bound to: 256 - type: integer 
	Parameter BOARD_ID bound to: 1095012355 - type: integer 
	Parameter BOARD_VER bound to: 16777216 - type: integer 
	Parameter BUILD_DATE bound to: 1790816955 - type: integer 
	Parameter GIT_HASH bound to: 480253211 - type: integer 
	Parameter RELEASE_INFO bound to: 0 - type: integer 
	Parameter IF_COUNT bound to: 2 - type: integer 
	Parameter PORTS_PER_IF bound to: 1 - type: integer 
	Parameter SCHED_PER_IF bound to: 1 - type: integer 
	Parameter PORT_COUNT bound to: 2 - type: integer 
	Parameter CLK_PERIOD_NS_NUM bound to: 4 - type: integer 
	Parameter CLK_PERIOD_NS_DENOM bound to: 1 - type: integer 
	Parameter PTP_CLK_PERIOD_NS_NUM bound to: 1024 - type: integer 
	Parameter PTP_CLK_PERIOD_NS_DENOM bound to: 165 - type: integer 
	Parameter PTP_TS_WIDTH bound to: 96 - type: integer 
	Parameter PTP_CLOCK_PIPELINE bound to: 0 - type: integer 
	Parameter PTP_CLOCK_CDC_PIPELINE bound to: 0 - type: integer 
	Parameter PTP_SEPARATE_TX_CLOCK bound to: 0 - type: integer 
	Parameter PTP_SEPARATE_RX_CLOCK bound to: 0 - type: integer 
	Parameter PTP_PORT_CDC_PIPELINE bound to: 0 - type: integer 
	Parameter PTP_PEROUT_ENABLE bound to: 0 - type: integer 
	Parameter PTP_PEROUT_COUNT bound to: 1 - type: integer 
	Parameter EVENT_QUEUE_OP_TABLE_SIZE bound to: 32 - type: integer 
	Parameter TX_QUEUE_OP_TABLE_SIZE bound to: 32 - type: integer 
	Parameter RX_QUEUE_OP_TABLE_SIZE bound to: 32 - type: integer 
	Parameter CQ_OP_TABLE_SIZE bound to: 32 - type: integer 
	Parameter EQN_WIDTH bound to: 6 - type: integer 
	Parameter TX_QUEUE_INDEX_WIDTH bound to: 13 - type: integer 
	Parameter RX_QUEUE_INDEX_WIDTH bound to: 8 - type: integer 
	Parameter CQN_WIDTH bound to: 14 - type: integer 
	Parameter EQ_PIPELINE bound to: 3 - type: integer 
	Parameter TX_QUEUE_PIPELINE bound to: 4 - type: integer 
	Parameter RX_QUEUE_PIPELINE bound to: 3 - type: integer 
	Parameter CQ_PIPELINE bound to: 5 - type: integer 
	Parameter TX_DESC_TABLE_SIZE bound to: 32 - type: integer 
	Parameter RX_DESC_TABLE_SIZE bound to: 32 - type: integer 
	Parameter RX_INDIR_TBL_ADDR_WIDTH bound to: 8 - type: integer 
	Parameter TX_SCHEDULER_OP_TABLE_SIZE bound to: 32 - type: integer 
	Parameter TX_SCHEDULER_PIPELINE bound to: 4 - type: integer 
	Parameter TDMA_INDEX_WIDTH bound to: 6 - type: integer 
	Parameter PTP_TS_ENABLE bound to: 1 - type: integer 
	Parameter TX_CPL_ENABLE bound to: 1 - type: integer 
	Parameter TX_CPL_FIFO_DEPTH bound to: 32 - type: integer 
	Parameter TX_TAG_WIDTH bound to: 16 - type: integer 
	Parameter TX_CHECKSUM_ENABLE bound to: 1 - type: integer 
	Parameter RX_HASH_ENABLE bound to: 1 - type: integer 
	Parameter RX_CHECKSUM_ENABLE bound to: 1 - type: integer 
	Parameter PFC_ENABLE bound to: 1 - type: integer 
	Parameter LFC_ENABLE bound to: 1 - type: integer 
	Parameter MAC_CTRL_ENABLE bound to: 0 - type: integer 
	Parameter TX_FIFO_DEPTH bound to: 32768 - type: integer 
	Parameter RX_FIFO_DEPTH bound to: 65536 - type: integer 
	Parameter MAX_TX_SIZE bound to: 9214 - type: integer 
	Parameter MAX_RX_SIZE bound to: 9214 - type: integer 
	Parameter TX_RAM_SIZE bound to: 32768 - type: integer 
	Parameter RX_RAM_SIZE bound to: 131072 - type: integer 
	Parameter DDR_CH bound to: 2 - type: integer 
	Parameter DDR_ENABLE bound to: 0 - type: integer 
	Parameter DDR_GROUP_SIZE bound to: 1 - type: integer 
	Parameter AXI_DDR_DATA_WIDTH bound to: 512 - type: integer 
	Parameter AXI_DDR_ADDR_WIDTH bound to: 33 - type: integer 
	Parameter AXI_DDR_STRB_WIDTH bound to: 64 - type: integer 
	Parameter AXI_DDR_ID_WIDTH bound to: 8 - type: integer 
	Parameter AXI_DDR_AWUSER_ENABLE bound to: 0 - type: integer 
	Parameter AXI_DDR_AWUSER_WIDTH bound to: 1 - type: integer 
	Parameter AXI_DDR_WUSER_ENABLE bound to: 0 - type: integer 
	Parameter AXI_DDR_WUSER_WIDTH bound to: 1 - type: integer 
	Parameter AXI_DDR_BUSER_ENABLE bound to: 0 - type: integer 
	Parameter AXI_DDR_BUSER_WIDTH bound to: 1 - type: integer 
	Parameter AXI_DDR_ARUSER_ENABLE bound to: 0 - type: integer 
	Parameter AXI_DDR_ARUSER_WIDTH bound to: 1 - type: integer 
	Parameter AXI_DDR_RUSER_ENABLE bound to: 0 - type: integer 
	Parameter AXI_DDR_RUSER_WIDTH bound to: 1 - type: integer 
	Parameter AXI_DDR_MAX_BURST_LEN bound to: 256 - type: integer 
	Parameter AXI_DDR_NARROW_BURST bound to: 0 - type: integer 
	Parameter AXI_DDR_FIXED_BURST bound to: 0 - type: integer 
	Parameter AXI_DDR_WRAP_BURST bound to: 1 - type: integer 
	Parameter HBM_CH bound to: 1 - type: integer 
	Parameter HBM_ENABLE bound to: 0 - type: integer 
	Parameter HBM_GROUP_SIZE bound to: 1 - type: integer 
	Parameter AXI_HBM_DATA_WIDTH bound to: 256 - type: integer 
	Parameter AXI_HBM_ADDR_WIDTH bound to: 32 - type: integer 
	Parameter AXI_HBM_STRB_WIDTH bound to: 32 - type: integer 
	Parameter AXI_HBM_ID_WIDTH bound to: 8 - type: integer 
	Parameter AXI_HBM_AWUSER_ENABLE bound to: 0 - type: integer 
	Parameter AXI_HBM_AWUSER_WIDTH bound to: 1 - type: integer 
	Parameter AXI_HBM_WUSER_ENABLE bound to: 0 - type: integer 
	Parameter AXI_HBM_WUSER_WIDTH bound to: 1 - type: integer 
	Parameter AXI_HBM_BUSER_ENABLE bound to: 0 - type: integer 
	Parameter AXI_HBM_BUSER_WIDTH bound to: 1 - type: integer 
	Parameter AXI_HBM_ARUSER_ENABLE bound to: 0 - type: integer 
	Parameter AXI_HBM_ARUSER_WIDTH bound to: 1 - type: integer 
	Parameter AXI_HBM_RUSER_ENABLE bound to: 0 - type: integer 
	Parameter AXI_HBM_RUSER_WIDTH bound to: 1 - type: integer 
	Parameter AXI_HBM_MAX_BURST_LEN bound to: 256 - type: integer 
	Parameter AXI_HBM_NARROW_BURST bound to: 0 - type: integer 
	Parameter AXI_HBM_FIXED_BURST bound to: 0 - type: integer 
	Parameter AXI_HBM_WRAP_BURST bound to: 0 - type: integer 
	Parameter APP_ID bound to: 0 - type: integer 
	Parameter APP_ENABLE bound to: 0 - type: integer 
	Parameter APP_CTRL_ENABLE bound to: 1 - type: integer 
	Parameter APP_DMA_ENABLE bound to: 1 - type: integer 
	Parameter APP_AXIS_DIRECT_ENABLE bound to: 1 - type: integer 
	Parameter APP_AXIS_SYNC_ENABLE bound to: 1 - type: integer 
	Parameter APP_AXIS_IF_ENABLE bound to: 1 - type: integer 
	Parameter APP_STAT_ENABLE bound to: 1 - type: integer 
	Parameter DMA_ADDR_WIDTH bound to: 64 - type: integer 
	Parameter DMA_IMM_ENABLE bound to: 0 - type: integer 
	Parameter DMA_IMM_WIDTH bound to: 32 - type: integer 
	Parameter DMA_LEN_WIDTH bound to: 16 - type: integer 
	Parameter DMA_TAG_WIDTH bound to: 16 - type: integer 
	Parameter IF_RAM_SEL_WIDTH bound to: 1 - type: integer 
	Parameter RAM_SEL_WIDTH bound to: 3 - type: integer 
	Parameter RAM_ADDR_WIDTH bound to: 17 - type: integer 
	Parameter RAM_SEG_COUNT bound to: 2 - type: integer 
	Parameter RAM_SEG_DATA_WIDTH bound to: 512 - type: integer 
	Parameter RAM_SEG_BE_WIDTH bound to: 64 - type: integer 
	Parameter RAM_SEG_ADDR_WIDTH bound to: 10 - type: integer 
	Parameter RAM_PIPELINE bound to: 2 - type: integer 
	Parameter IRQ_INDEX_WIDTH bound to: 6 - type: integer 
	Parameter MSIX_ENABLE bound to: 1 - type: integer 
	Parameter AXIL_MSIX_ADDR_WIDTH bound to: 16 - type: integer 
	Parameter AXIL_CTRL_DATA_WIDTH bound to: 32 - type: integer 
	Parameter AXIL_CTRL_ADDR_WIDTH bound to: 24 - type: integer 
	Parameter AXIL_CTRL_STRB_WIDTH bound to: 4 - type: integer 
	Parameter AXIL_IF_CTRL_ADDR_WIDTH bound to: 23 - type: integer 
	Parameter AXIL_CSR_ADDR_WIDTH bound to: 18 - type: integer 
	Parameter AXIL_CSR_PASSTHROUGH_ENABLE bound to: 0 - type: integer 
	Parameter RB_NEXT_PTR bound to: 16'b0001000000000000 
	Parameter AXIL_APP_CTRL_DATA_WIDTH bound to: 32 - type: integer 
	Parameter AXIL_APP_CTRL_ADDR_WIDTH bound to: 24 - type: integer 
	Parameter AXIL_APP_CTRL_STRB_WIDTH bound to: 4 - type: integer 
	Parameter AXIS_DATA_WIDTH bound to: 64 - type: integer 
	Parameter AXIS_KEEP_WIDTH bound to: 8 - type: integer 
	Parameter AXIS_SYNC_DATA_WIDTH bound to: 128 - type: integer 
	Parameter AXIS_IF_DATA_WIDTH bound to: 128 - type: integer 
	Parameter AXIS_TX_USER_WIDTH bound to: 17 - type: integer 
	Parameter AXIS_RX_USER_WIDTH bound to: 97 - type: integer 
	Parameter AXIS_RX_USE_READY bound to: 0 - type: integer 
	Parameter AXIS_TX_PIPELINE bound to: 0 - type: integer 
	Parameter AXIS_TX_FIFO_PIPELINE bound to: 2 - type: integer 
	Parameter AXIS_TX_TS_PIPELINE bound to: 0 - type: integer 
	Parameter AXIS_RX_PIPELINE bound to: 0 - type: integer 
	Parameter AXIS_RX_FIFO_PIPELINE bound to: 2 - type: integer 
	Parameter STAT_ENABLE bound to: 1 - type: integer 
	Parameter STAT_INC_WIDTH bound to: 24 - type: integer 
	Parameter STAT_ID_WIDTH bound to: 12 - type: integer 
INFO: [Synth 8-6157] synthesizing module 'stats_counter' [/home/keshav/Documents/Workspace/corundum/fpga/mqnic/ADM_PCIE_9V3/fpga_25g/rtl/common/stats_counter.v:34]
	Parameter STAT_INC_WIDTH bound to: 24 - type: integer 
	Parameter STAT_ID_WIDTH bound to: 12 - type: integer 
	Parameter STAT_COUNT_WIDTH bound to: 64 - type: integer 
	Parameter AXIL_DATA_WIDTH bound to: 32 - type: integer 
	Parameter AXIL_ADDR_WIDTH bound to: 16 - type: integer 
	Parameter AXIL_STRB_WIDTH bound to: 4 - type: integer 
INFO: [Synth 8-6155] done synthesizing module 'stats_counter' (0#1) [/home/keshav/Documents/Workspace/corundum/fpga/mqnic/ADM_PCIE_9V3/fpga_25g/rtl/common/stats_counter.v:34]
WARNING: [Synth 8-689] width (18) of port connection 's_axil_awaddr' does not match port width (16) of module 'stats_counter' [/home/keshav/Documents/Workspace/corundum/fpga/mqnic/ADM_PCIE_9V3/fpga_25g/rtl/common/mqnic_core.v:1420]
WARNING: [Synth 8-689] width (18) of port connection 's_axil_araddr' does not match port width (16) of module 'stats_counter' [/home/keshav/Documents/Workspace/corundum/fpga/mqnic/ADM_PCIE_9V3/fpga_25g/rtl/common/mqnic_core.v:1431]
INFO: [Synth 8-6157] synthesizing module 'dma_if_mux' [/home/keshav/Documents/Workspace/corundum/fpga/mqnic/ADM_PCIE_9V3/fpga_25g/lib/pcie/rtl/dma_if_mux.v:34]
	Parameter PORTS bound to: 2 - type: integer 
	Parameter SEG_COUNT bound to: 2 - type: integer 
	Parameter SEG_DATA_WIDTH bound to: 512 - type: integer 
	Parameter SEG_ADDR_WIDTH bound to: 10 - type: integer 
	Parameter SEG_BE_WIDTH bound to: 64 - type: integer 
	Parameter S_RAM_SEL_WIDTH bound to: 1 - type: integer 
	Parameter M_RAM_SEL_WIDTH bound to: 2 - type: integer 
	Parameter RAM_ADDR_WIDTH bound to: 17 - type: integer 
	Parameter DMA_ADDR_WIDTH bound to: 64 - type: integer 
	Parameter IMM_ENABLE bound to: 0 - type: integer 
	Parameter IMM_WIDTH bound to: 32 - type: integer 
	Parameter LEN_WIDTH bound to: 16 - type: integer 
	Parameter S_TAG_WIDTH bound to: 14 - type: integer 
	Parameter M_TAG_WIDTH bound to: 15 - type: integer 
	Parameter ARB_TYPE_ROUND_ROBIN bound to: 1 - type: integer 
	Parameter ARB_LSB_HIGH_PRIORITY bound to: 1 - type: integer 
INFO: [Synth 8-6157] synthesizing module 'dma_if_mux_rd' [/home/keshav/Documents/Workspace/corundum/fpga/mqnic/ADM_PCIE_9V3/fpga_25g/lib/pcie/rtl/dma_if_mux_rd.v:34]
	Parameter PORTS bound to: 2 - type: integer 
	Parameter SEG_COUNT bound to: 2 - type: integer 
	Parameter SEG_DATA_WIDTH bound to: 512 - type: integer 
	Parameter SEG_ADDR_WIDTH bound to: 10 - type: integer 
	Parameter SEG_BE_WIDTH bound to: 64 - type: integer 
	Parameter S_RAM_SEL_WIDTH bound to: 1 - type: integer 
	Parameter M_RAM_SEL_WIDTH bound to: 2 - type: integer 
	Parameter RAM_ADDR_WIDTH bound to: 17 - type: integer 
	Parameter DMA_ADDR_WIDTH bound to: 64 - type: integer 
	Parameter LEN_WIDTH bound to: 16 - type: integer 
	Parameter S_TAG_WIDTH bound to: 14 - type: integer 
	Parameter M_TAG_WIDTH bound to: 15 - type: integer 
	Parameter ARB_TYPE_ROUND_ROBIN bound to: 1 - type: integer 
	Parameter ARB_LSB_HIGH_PRIORITY bound to: 1 - type: integer 
INFO: [Synth 8-6157] synthesizing module 'dma_if_desc_mux' [/home/keshav/Documents/Workspace/corundum/fpga/mqnic/ADM_PCIE_9V3/fpga_25g/lib/pcie/rtl/dma_if_desc_mux.v:34]
	Parameter PORTS bound to: 2 - type: integer 
	Parameter EXTEND_RAM_SEL bound to: 1 - type: integer 
	Parameter S_RAM_SEL_WIDTH bound to: 1 - type: integer 
	Parameter M_RAM_SEL_WIDTH bound to: 2 - type: integer 
	Parameter RAM_ADDR_WIDTH bound to: 17 - type: integer 
	Parameter DMA_ADDR_WIDTH bound to: 64 - type: integer 
	Parameter IMM_ENABLE bound to: 0 - type: integer 
	Parameter LEN_WIDTH bound to: 16 - type: integer 
	Parameter S_TAG_WIDTH bound to: 14 - type: integer 
	Parameter M_TAG_WIDTH bound to: 15 - type: integer 
	Parameter ARB_TYPE_ROUND_ROBIN bound to: 1 - type: integer 
	Parameter ARB_LSB_HIGH_PRIORITY bound to: 1 - type: integer 
INFO: [Synth 8-6157] synthesizing module 'arbiter__parameterized0' [/home/keshav/Documents/Workspace/corundum/fpga/mqnic/ADM_PCIE_9V3/fpga_25g/lib/axi/rtl/arbiter.v:34]
	Parameter PORTS bound to: 2 - type: integer 
	Parameter ARB_TYPE_ROUND_ROBIN bound to: 1 - type: integer 
	Parameter ARB_BLOCK bound to: 1 - type: integer 
	Parameter ARB_BLOCK_ACK bound to: 1 - type: integer 
	Parameter ARB_LSB_HIGH_PRIORITY bound to: 1 - type: integer 
INFO: [Synth 8-6157] synthesizing module 'priority_encoder__parameterized0' [/home/keshav/Documents/Workspace/corundum/fpga/mqnic/ADM_PCIE_9V3/fpga_25g/lib/axi/rtl/priority_encoder.v:34]
	Parameter WIDTH bound to: 2 - type: integer 
	Parameter LSB_HIGH_PRIORITY bound to: 1 - type: integer 
WARNING: [Synth 8-693] zero replication count - replication ignored [/home/keshav/Documents/Workspace/corundum/fpga/mqnic/ADM_PCIE_9V3/fpga_25g/lib/axi/rtl/priority_encoder.v:51]
INFO: [Synth 8-6155] done synthesizing module 'priority_encoder__parameterized0' (0#1) [/home/keshav/Documents/Workspace/corundum/fpga/mqnic/ADM_PCIE_9V3/fpga_25g/lib/axi/rtl/priority_encoder.v:34]
INFO: [Synth 8-6155] done synthesizing module 'arbiter__parameterized0' (0#1) [/home/keshav/Documents/Workspace/corundum/fpga/mqnic/ADM_PCIE_9V3/fpga_25g/lib/axi/rtl/arbiter.v:34]
INFO: [Synth 8-6155] done synthesizing module 'dma_if_desc_mux' (0#1) [/home/keshav/Documents/Workspace/corundum/fpga/mqnic/ADM_PCIE_9V3/fpga_25g/lib/pcie/rtl/dma_if_desc_mux.v:34]
INFO: [Synth 8-6157] synthesizing module 'dma_ram_demux_wr' [/home/keshav/Documents/Workspace/corundum/fpga/mqnic/ADM_PCIE_9V3/fpga_25g/lib/pcie/rtl/dma_ram_demux_wr.v:34]
	Parameter PORTS bound to: 2 - type: integer 
	Parameter SEG_COUNT bound to: 2 - type: integer 
	Parameter SEG_DATA_WIDTH bound to: 512 - type: integer 
	Parameter SEG_BE_WIDTH bound to: 64 - type: integer 
	Parameter SEG_ADDR_WIDTH bound to: 10 - type: integer 
	Parameter S_RAM_SEL_WIDTH bound to: 1 - type: integer 
	Parameter M_RAM_SEL_WIDTH bound to: 2 - type: integer 
INFO: [Synth 8-6155] done synthesizing module 'dma_ram_demux_wr' (0#1) [/home/keshav/Documents/Workspace/corundum/fpga/mqnic/ADM_PCIE_9V3/fpga_25g/lib/pcie/rtl/dma_ram_demux_wr.v:34]
INFO: [Synth 8-6155] done synthesizing module 'dma_if_mux_rd' (0#1) [/home/keshav/Documents/Workspace/corundum/fpga/mqnic/ADM_PCIE_9V3/fpga_25g/lib/pcie/rtl/dma_if_mux_rd.v:34]
INFO: [Synth 8-6157] synthesizing module 'dma_if_mux_wr' [/home/keshav/Documents/Workspace/corundum/fpga/mqnic/ADM_PCIE_9V3/fpga_25g/lib/pcie/rtl/dma_if_mux_wr.v:34]
	Parameter PORTS bound to: 2 - type: integer 
	Parameter SEG_COUNT bound to: 2 - type: integer 
	Parameter SEG_DATA_WIDTH bound to: 512 - type: integer 
	Parameter SEG_ADDR_WIDTH bound to: 10 - type: integer 
	Parameter SEG_BE_WIDTH bound to: 64 - type: integer 
	Parameter S_RAM_SEL_WIDTH bound to: 1 - type: integer 
	Parameter M_RAM_SEL_WIDTH bound to: 2 - type: integer 
	Parameter RAM_ADDR_WIDTH bound to: 17 - type: integer 
	Parameter DMA_ADDR_WIDTH bound to: 64 - type: integer 
	Parameter IMM_ENABLE bound to: 0 - type: integer 
	Parameter IMM_WIDTH bound to: 32 - type: integer 
	Parameter LEN_WIDTH bound to: 16 - type: integer 
	Parameter S_TAG_WIDTH bound to: 14 - type: integer 
	Parameter M_TAG_WIDTH bound to: 15 - type: integer 
	Parameter ARB_TYPE_ROUND_ROBIN bound to: 1 - type: integer 
	Parameter ARB_LSB_HIGH_PRIORITY bound to: 1 - type: integer 
INFO: [Synth 8-6157] synthesizing module 'dma_if_desc_mux__parameterized0' [/home/keshav/Documents/Workspace/corundum/fpga/mqnic/ADM_PCIE_9V3/fpga_25g/lib/pcie/rtl/dma_if_desc_mux.v:34]
	Parameter PORTS bound to: 2 - type: integer 
	Parameter EXTEND_RAM_SEL bound to: 1 - type: integer 
	Parameter S_RAM_SEL_WIDTH bound to: 1 - type: integer 
	Parameter M_RAM_SEL_WIDTH bound to: 2 - type: integer 
	Parameter RAM_ADDR_WIDTH bound to: 17 - type: integer 
	Parameter DMA_ADDR_WIDTH bound to: 64 - type: integer 
	Parameter IMM_ENABLE bound to: 0 - type: integer 
	Parameter IMM_WIDTH bound to: 32 - type: integer 
	Parameter LEN_WIDTH bound to: 16 - type: integer 
	Parameter S_TAG_WIDTH bound to: 14 - type: integer 
	Parameter M_TAG_WIDTH bound to: 15 - type: integer 
	Parameter ARB_TYPE_ROUND_ROBIN bound to: 1 - type: integer 
	Parameter ARB_LSB_HIGH_PRIORITY bound to: 1 - type: integer 
INFO: [Synth 8-6155] done synthesizing module 'dma_if_desc_mux__parameterized0' (0#1) [/home/keshav/Documents/Workspace/corundum/fpga/mqnic/ADM_PCIE_9V3/fpga_25g/lib/pcie/rtl/dma_if_desc_mux.v:34]
INFO: [Synth 8-6157] synthesizing module 'dma_ram_demux_rd' [/home/keshav/Documents/Workspace/corundum/fpga/mqnic/ADM_PCIE_9V3/fpga_25g/lib/pcie/rtl/dma_ram_demux_rd.v:34]
	Parameter PORTS bound to: 2 - type: integer 
	Parameter SEG_COUNT bound to: 2 - type: integer 
	Parameter SEG_DATA_WIDTH bound to: 512 - type: integer 
	Parameter SEG_ADDR_WIDTH bound to: 10 - type: integer 
	Parameter S_RAM_SEL_WIDTH bound to: 1 - type: integer 
	Parameter M_RAM_SEL_WIDTH bound to: 2 - type: integer 
INFO: [Synth 8-6155] done synthesizing module 'dma_ram_demux_rd' (0#1) [/home/keshav/Documents/Workspace/corundum/fpga/mqnic/ADM_PCIE_9V3/fpga_25g/lib/pcie/rtl/dma_ram_demux_rd.v:34]
INFO: [Synth 8-6155] done synthesizing module 'dma_if_mux_wr' (0#1) [/home/keshav/Documents/Workspace/corundum/fpga/mqnic/ADM_PCIE_9V3/fpga_25g/lib/pcie/rtl/dma_if_mux_wr.v:34]
INFO: [Synth 8-6155] done synthesizing module 'dma_if_mux' (0#1) [/home/keshav/Documents/Workspace/corundum/fpga/mqnic/ADM_PCIE_9V3/fpga_25g/lib/pcie/rtl/dma_if_mux.v:34]
INFO: [Synth 8-6157] synthesizing module 'axis_arb_mux__parameterized0' [/home/keshav/Documents/Workspace/corundum/fpga/mqnic/ADM_PCIE_9V3/fpga_25g/lib/axis/rtl/axis_arb_mux.v:34]
	Parameter S_COUNT bound to: 2 - type: integer 
	Parameter DATA_WIDTH bound to: 6 - type: integer 
	Parameter KEEP_ENABLE bound to: 0 - type: integer 
	Parameter ID_ENABLE bound to: 0 - type: integer 
	Parameter DEST_ENABLE bound to: 0 - type: integer 
	Parameter USER_ENABLE bound to: 0 - type: integer 
	Parameter LAST_ENABLE bound to: 0 - type: integer 
	Parameter ARB_TYPE_ROUND_ROBIN bound to: 1 - type: integer 
	Parameter ARB_LSB_HIGH_PRIORITY bound to: 1 - type: integer 
INFO: [Synth 8-6155] done synthesizing module 'axis_arb_mux__parameterized0' (0#1) [/home/keshav/Documents/Workspace/corundum/fpga/mqnic/ADM_PCIE_9V3/fpga_25g/lib/axis/rtl/axis_arb_mux.v:34]
INFO: [Synth 8-6157] synthesizing module 'ptp_td_leaf' [/home/keshav/Documents/Workspace/corundum/fpga/mqnic/ADM_PCIE_9V3/fpga_25g/lib/eth/rtl/ptp_td_leaf.v:34]
	Parameter TS_REL_EN bound to: 0 - type: integer 
	Parameter TS_TOD_EN bound to: 1 - type: integer 
	Parameter TS_FNS_W bound to: 16 - type: integer 
	Parameter TS_REL_NS_W bound to: 48 - type: integer 
	Parameter TS_TOD_S_W bound to: 48 - type: integer 
	Parameter TS_REL_W bound to: 64 - type: integer 
	Parameter TS_TOD_W bound to: 96 - type: integer 
	Parameter TD_SDI_PIPELINE bound to: 0 - type: integer 
INFO: [Synth 8-226] default block is never used [/home/keshav/Documents/Workspace/corundum/fpga/mqnic/ADM_PCIE_9V3/fpga_25g/lib/eth/rtl/ptp_td_leaf.v:430]
INFO: [Synth 8-226] default block is never used [/home/keshav/Documents/Workspace/corundum/fpga/mqnic/ADM_PCIE_9V3/fpga_25g/lib/eth/rtl/ptp_td_leaf.v:858]
INFO: [Synth 8-6155] done synthesizing module 'ptp_td_leaf' (0#1) [/home/keshav/Documents/Workspace/corundum/fpga/mqnic/ADM_PCIE_9V3/fpga_25g/lib/eth/rtl/ptp_td_leaf.v:34]
INFO: [Synth 8-6157] synthesizing module 'mqnic_interface' [/home/keshav/Documents/Workspace/corundum/fpga/mqnic/ADM_PCIE_9V3/fpga_25g/rtl/common/mqnic_interface.v:15]
INFO: [Common 17-14] Message 'Synth 8-6157' appears 100 times and further instances of the messages will be disabled. Use the Tcl command set_msg_config to change the current settings.
	Parameter PORTS bound to: 1 - type: integer 
	Parameter SCHEDULERS bound to: 1 - type: integer 
	Parameter CLK_PERIOD_NS_NUM bound to: 4 - type: integer 
	Parameter CLK_PERIOD_NS_DENOM bound to: 1 - type: integer 
	Parameter PTP_CLK_PERIOD_NS_NUM bound to: 1024 - type: integer 
	Parameter PTP_CLK_PERIOD_NS_DENOM bound to: 165 - type: integer 
	Parameter PTP_TS_WIDTH bound to: 96 - type: integer 
	Parameter PTP_CLOCK_CDC_PIPELINE bound to: 0 - type: integer 
	Parameter PTP_PEROUT_ENABLE bound to: 0 - type: integer 
	Parameter PTP_PEROUT_COUNT bound to: 1 - type: integer 
	Parameter EVENT_QUEUE_OP_TABLE_SIZE bound to: 32 - type: integer 
	Parameter TX_QUEUE_OP_TABLE_SIZE bound to: 32 - type: integer 
	Parameter RX_QUEUE_OP_TABLE_SIZE bound to: 32 - type: integer 
	Parameter CQ_OP_TABLE_SIZE bound to: 32 - type: integer 
	Parameter EQN_WIDTH bound to: 6 - type: integer 
	Parameter TX_QUEUE_INDEX_WIDTH bound to: 13 - type: integer 
	Parameter RX_QUEUE_INDEX_WIDTH bound to: 8 - type: integer 
	Parameter CQN_WIDTH bound to: 14 - type: integer 
	Parameter EQ_PIPELINE bound to: 3 - type: integer 
	Parameter TX_QUEUE_PIPELINE bound to: 4 - type: integer 
	Parameter RX_QUEUE_PIPELINE bound to: 3 - type: integer 
	Parameter CQ_PIPELINE bound to: 5 - type: integer 
	Parameter QUEUE_PTR_WIDTH bound to: 16 - type: integer 
	Parameter LOG_QUEUE_SIZE_WIDTH bound to: 4 - type: integer 
	Parameter LOG_BLOCK_SIZE_WIDTH bound to: 2 - type: integer 
	Parameter TX_MAX_DESC_REQ bound to: 16 - type: integer 
	Parameter TX_DESC_FIFO_SIZE bound to: 128 - type: integer 
	Parameter RX_MAX_DESC_REQ bound to: 16 - type: integer 
	Parameter RX_DESC_FIFO_SIZE bound to: 128 - type: integer 
	Parameter TX_DESC_TABLE_SIZE bound to: 32 - type: integer 
	Parameter RX_DESC_TABLE_SIZE bound to: 32 - type: integer 
	Parameter RX_INDIR_TBL_ADDR_WIDTH bound to: 8 - type: integer 
	Parameter TX_SCHEDULER_OP_TABLE_SIZE bound to: 32 - type: integer 
	Parameter TX_SCHEDULER_PIPELINE bound to: 4 - type: integer 
	Parameter TDMA_INDEX_WIDTH bound to: 6 - type: integer 
	Parameter PTP_TS_ENABLE bound to: 1 - type: integer 
	Parameter TX_CPL_ENABLE bound to: 1 - type: integer 
	Parameter TX_CPL_FIFO_DEPTH bound to: 32 - type: integer 
	Parameter TX_TAG_WIDTH bound to: 16 - type: integer 
	Parameter TX_CHECKSUM_ENABLE bound to: 1 - type: integer 
	Parameter RX_HASH_ENABLE bound to: 1 - type: integer 
	Parameter RX_CHECKSUM_ENABLE bound to: 1 - type: integer 
	Parameter PFC_ENABLE bound to: 1 - type: integer 
	Parameter LFC_ENABLE bound to: 1 - type: integer 
	Parameter MAC_CTRL_ENABLE bound to: 0 - type: integer 
	Parameter TX_FIFO_DEPTH bound to: 32768 - type: integer 
	Parameter RX_FIFO_DEPTH bound to: 65536 - type: integer 
	Parameter MAX_TX_SIZE bound to: 9214 - type: integer 
	Parameter MAX_RX_SIZE bound to: 9214 - type: integer 
	Parameter TX_RAM_SIZE bound to: 32768 - type: integer 
	Parameter RX_RAM_SIZE bound to: 131072 - type: integer 
	Parameter APP_AXIS_DIRECT_ENABLE bound to: 1'b0 
	Parameter APP_AXIS_SYNC_ENABLE bound to: 1'b0 
	Parameter APP_AXIS_IF_ENABLE bound to: 1'b0 
	Parameter DMA_ADDR_WIDTH bound to: 64 - type: integer 
	Parameter DMA_IMM_ENABLE bound to: 0 - type: integer 
	Parameter DMA_IMM_WIDTH bound to: 32 - type: integer 
	Parameter DMA_LEN_WIDTH bound to: 16 - type: integer 
	Parameter DMA_TAG_WIDTH bound to: 14 - type: integer 
	Parameter RAM_SEL_WIDTH bound to: 1 - type: integer 
	Parameter RAM_ADDR_WIDTH bound to: 17 - type: integer 
	Parameter RAM_SEG_COUNT bound to: 2 - type: integer 
	Parameter RAM_SEG_DATA_WIDTH bound to: 512 - type: integer 
	Parameter RAM_SEG_BE_WIDTH bound to: 64 - type: integer 
	Parameter RAM_SEG_ADDR_WIDTH bound to: 10 - type: integer 
	Parameter RAM_PIPELINE bound to: 2 - type: integer 
	Parameter IRQ_INDEX_WIDTH bound to: 6 - type: integer 
	Parameter AXIL_DATA_WIDTH bound to: 32 - type: integer 
	Parameter AXIL_ADDR_WIDTH bound to: 23 - type: integer 
	Parameter AXIL_STRB_WIDTH bound to: 4 - type: integer 
	Parameter AXIS_DATA_WIDTH bound to: 64 - type: integer 
	Parameter AXIS_KEEP_WIDTH bound to: 8 - type: integer 
	Parameter AXIS_TX_USER_WIDTH bound to: 17 - type: integer 
	Parameter AXIS_RX_USER_WIDTH bound to: 97 - type: integer 
	Parameter AXIS_RX_USE_READY bound to: 0 - type: integer 
	Parameter AXIS_TX_PIPELINE bound to: 0 - type: integer 
	Parameter AXIS_TX_FIFO_PIPELINE bound to: 2 - type: integer 
	Parameter AXIS_TX_TS_PIPELINE bound to: 0 - type: integer 
	Parameter AXIS_RX_PIPELINE bound to: 0 - type: integer 
	Parameter AXIS_RX_FIFO_PIPELINE bound to: 2 - type: integer 
	Parameter AXIS_SYNC_DATA_WIDTH bound to: 128 - type: integer 
	Parameter AXIS_SYNC_KEEP_WIDTH bound to: 16 - type: integer 
	Parameter AXIS_SYNC_TX_USER_WIDTH bound to: 17 - type: integer 
	Parameter AXIS_SYNC_RX_USER_WIDTH bound to: 97 - type: integer 
	Parameter AXIS_IF_DATA_WIDTH bound to: 128 - type: integer 
	Parameter AXIS_IF_KEEP_WIDTH bound to: 16 - type: integer 
	Parameter AXIS_IF_TX_ID_WIDTH bound to: 13 - type: integer 
	Parameter AXIS_IF_RX_ID_WIDTH bound to: 1 - type: integer 
	Parameter AXIS_IF_TX_DEST_WIDTH bound to: 4 - type: integer 
	Parameter AXIS_IF_RX_DEST_WIDTH bound to: 9 - type: integer 
	Parameter AXIS_IF_TX_USER_WIDTH bound to: 17 - type: integer 
	Parameter AXIS_IF_RX_USER_WIDTH bound to: 97 - type: integer 
	Parameter PORTS bound to: 1 - type: integer 
	Parameter INDEX bound to: 0 - type: integer 
	Parameter CLK_PERIOD_NS_NUM bound to: 4 - type: integer 
	Parameter CLK_PERIOD_NS_DENOM bound to: 1 - type: integer 
	Parameter PTP_CLK_PERIOD_NS_NUM bound to: 1024 - type: integer 
	Parameter PTP_CLK_PERIOD_NS_DENOM bound to: 165 - type: integer 
	Parameter PTP_CLOCK_CDC_PIPELINE bound to: 0 - type: integer 
	Parameter PTP_PEROUT_ENABLE bound to: 0 - type: integer 
	Parameter PTP_PEROUT_COUNT bound to: 1 - type: integer 
	Parameter QUEUE_INDEX_WIDTH bound to: 13 - type: integer 
	Parameter TX_SCHEDULER_OP_TABLE_SIZE bound to: 32 - type: integer 
	Parameter TX_SCHEDULER_PIPELINE bound to: 4 - type: integer 
	Parameter TDMA_INDEX_WIDTH bound to: 6 - type: integer 
	Parameter DMA_LEN_WIDTH bound to: 16 - type: integer 
	Parameter TX_REQ_TAG_WIDTH bound to: 5 - type: integer 
	Parameter MAX_TX_SIZE bound to: 9214 - type: integer 
	Parameter REG_ADDR_WIDTH bound to: 18 - type: integer 
	Parameter REG_DATA_WIDTH bound to: 32 - type: integer 
	Parameter REG_STRB_WIDTH bound to: 4 - type: integer 
	Parameter RB_BASE_ADDR bound to: 270336 - type: integer 
	Parameter RB_NEXT_PTR bound to: 0 - type: integer 
	Parameter AXIL_DATA_WIDTH bound to: 32 - type: integer 
	Parameter AXIL_ADDR_WIDTH bound to: 20 - type: integer 
	Parameter AXIL_STRB_WIDTH bound to: 4 - type: integer 
	Parameter AXIL_OFFSET bound to: 4194304 - type: integer 
	Parameter AXIS_TX_DEST_WIDTH bound to: 4 - type: integer 
	Parameter AXIL_DATA_WIDTH bound to: 32 - type: integer 
	Parameter AXIL_ADDR_WIDTH bound to: 20 - type: integer 
	Parameter AXIL_STRB_WIDTH bound to: 4 - type: integer 
	Parameter LEN_WIDTH bound to: 16 - type: integer 
	Parameter REQ_TAG_WIDTH bound to: 5 - type: integer 
	Parameter OP_TABLE_SIZE bound to: 32 - type: integer 
	Parameter QUEUE_INDEX_WIDTH bound to: 13 - type: integer 
	Parameter PIPELINE bound to: 4 - type: integer 
	Parameter SCHED_CTRL_ENABLE bound to: 0 - type: integer 
	Parameter DEPTH bound to: 256 - type: integer 
	Parameter DATA_WIDTH bound to: 13 - type: integer 
	Parameter KEEP_ENABLE bound to: 0 - type: integer 
	Parameter KEEP_WIDTH bound to: 1 - type: integer 
	Parameter LAST_ENABLE bound to: 0 - type: integer 
	Parameter ID_ENABLE bound to: 0 - type: integer 
	Parameter DEST_ENABLE bound to: 0 - type: integer 
	Parameter USER_ENABLE bound to: 0 - type: integer 
	Parameter FRAME_FIFO bound to: 0 - type: integer 
INFO: [Synth 8-6155] done synthesizing module 'axis_fifo' (0#1) [/home/keshav/Documents/Workspace/corundum/fpga/mqnic/ADM_PCIE_9V3/fpga_25g/lib/axis/rtl/axis_fifo.v:34]
WARNING: [Synth 8-7071] port 'pause_req' of module 'axis_fifo' is unconnected for instance 'doorbell_fifo' [/home/keshav/Documents/Workspace/corundum/fpga/mqnic/ADM_PCIE_9V3/fpga_25g/rtl/common/tx_scheduler_rr.v:270]
WARNING: [Synth 8-7071] port 'pause_ack' of module 'axis_fifo' is unconnected for instance 'doorbell_fifo' [/home/keshav/Documents/Workspace/corundum/fpga/mqnic/ADM_PCIE_9V3/fpga_25g/rtl/common/tx_scheduler_rr.v:270]
WARNING: [Synth 8-7071] port 'status_depth' of module 'axis_fifo' is unconnected for instance 'doorbell_fifo' [/home/keshav/Documents/Workspace/corundum/fpga/mqnic/ADM_PCIE_9V3/fpga_25g/rtl/common/tx_scheduler_rr.v:270]
WARNING: [Synth 8-7071] port 'status_depth_commit' of module 'axis_fifo' is unconnected for instance 'doorbell_fifo' [/home/keshav/Documents/Workspace/corundum/fpga/mqnic/ADM_PCIE_9V3/fpga_25g/rtl/common/tx_scheduler_rr.v:270]
WARNING: [Synth 8-7023] instance 'doorbell_fifo' of module 'axis_fifo' has 25 connections declared, but only 21 given [/home/keshav/Documents/Workspace/corundum/fpga/mqnic/ADM_PCIE_9V3/fpga_25g/rtl/common/tx_scheduler_rr.v:270]
	Parameter DEPTH bound to: 8192 - type: integer 
	Parameter DATA_WIDTH bound to: 13 - type: integer 
	Parameter KEEP_ENABLE bound to: 0 - type: integer 
	Parameter KEEP_WIDTH bound to: 1 - type: integer 
	Parameter LAST_ENABLE bound to: 0 - type: integer 
	Parameter ID_ENABLE bound to: 0 - type: integer 
	Parameter DEST_ENABLE bound to: 0 - type: integer 
	Parameter USER_ENABLE bound to: 0 - type: integer 
	Parameter FRAME_FIFO bound to: 0 - type: integer 
INFO: [Synth 8-6155] done synthesizing module 'axis_fifo__parameterized0' (0#1) [/home/keshav/Documents/Workspace/corundum/fpga/mqnic/ADM_PCIE_9V3/fpga_25g/lib/axis/rtl/axis_fifo.v:34]
WARNING: [Synth 8-7071] port 'pause_req' of module 'axis_fifo' is unconnected for instance 'rr_fifo' [/home/keshav/Documents/Workspace/corundum/fpga/mqnic/ADM_PCIE_9V3/fpga_25g/rtl/common/tx_scheduler_rr.v:319]
WARNING: [Synth 8-7071] port 'pause_ack' of module 'axis_fifo' is unconnected for instance 'rr_fifo' [/home/keshav/Documents/Workspace/corundum/fpga/mqnic/ADM_PCIE_9V3/fpga_25g/rtl/common/tx_scheduler_rr.v:319]
WARNING: [Synth 8-7071] port 'status_depth' of module 'axis_fifo' is unconnected for instance 'rr_fifo' [/home/keshav/Documents/Workspace/corundum/fpga/mqnic/ADM_PCIE_9V3/fpga_25g/rtl/common/tx_scheduler_rr.v:319]
WARNING: [Synth 8-7071] port 'status_depth_commit' of module 'axis_fifo' is unconnected for instance 'rr_fifo' [/home/keshav/Documents/Workspace/corundum/fpga/mqnic/ADM_PCIE_9V3/fpga_25g/rtl/common/tx_scheduler_rr.v:319]
WARNING: [Synth 8-7023] instance 'rr_fifo' of module 'axis_fifo' has 25 connections declared, but only 21 given [/home/keshav/Documents/Workspace/corundum/fpga/mqnic/ADM_PCIE_9V3/fpga_25g/rtl/common/tx_scheduler_rr.v:319]
	Parameter WIDTH bound to: 32 - type: integer 
	Parameter LSB_HIGH_PRIORITY bound to: 1 - type: integer 
WARNING: [Synth 8-693] zero replication count - replication ignored [/home/keshav/Documents/Workspace/corundum/fpga/mqnic/ADM_PCIE_9V3/fpga_25g/lib/axi/rtl/priority_encoder.v:51]
INFO: [Synth 8-6155] done synthesizing module 'priority_encoder__parameterized1' (0#1) [/home/keshav/Documents/Workspace/corundum/fpga/mqnic/ADM_PCIE_9V3/fpga_25g/lib/axi/rtl/priority_encoder.v:34]
INFO: [Synth 8-6155] done synthesizing module 'tx_scheduler_rr' (0#1) [/home/keshav/Documents/Workspace/corundum/fpga/mqnic/ADM_PCIE_9V3/fpga_25g/rtl/common/tx_scheduler_rr.v:15]
INFO: [Synth 8-6155] done synthesizing module 'mqnic_tx_scheduler_block' (0#1) [/home/keshav/Documents/Workspace/corundum/fpga/mqnic/ADM_PCIE_9V3/fpga_25g/rtl/common/mqnic_tx_scheduler_block_rr.v:15]
WARNING: [Synth 8-689] width (23) of port connection 's_axil_awaddr' does not match port width (20) of module 'mqnic_tx_scheduler_block' [/home/keshav/Documents/Workspace/corundum/fpga/mqnic/ADM_PCIE_9V3/fpga_25g/rtl/common/mqnic_interface.v:2314]
WARNING: [Synth 8-689] width (23) of port connection 's_axil_araddr' does not match port width (20) of module 'mqnic_tx_scheduler_block' [/home/keshav/Documents/Workspace/corundum/fpga/mqnic/ADM_PCIE_9V3/fpga_25g/rtl/common/mqnic_interface.v:2325]
	Parameter PTP_TS_WIDTH bound to: 96 - type: integer 
	Parameter PTP_TS_ENABLE bound to: 1 - type: integer 
	Parameter TX_CPL_ENABLE bound to: 1 - type: integer 
	Parameter TX_CPL_FIFO_DEPTH bound to: 32 - type: integer 
	Parameter TX_TAG_WIDTH bound to: 16 - type: integer 
	Parameter PFC_ENABLE bound to: 1 - type: integer 
	Parameter LFC_ENABLE bound to: 1 - type: integer 
	Parameter MAC_CTRL_ENABLE bound to: 0 - type: integer 
	Parameter TX_FIFO_DEPTH bound to: 32768 - type: integer 
	Parameter RX_FIFO_DEPTH bound to: 65536 - type: integer 
	Parameter TX_FIFO_DEPTH_WIDTH bound to: 16 - type: integer 
	Parameter RX_FIFO_DEPTH_WIDTH bound to: 17 - type: integer 
	Parameter MAX_TX_SIZE bound to: 9214 - type: integer 
	Parameter MAX_RX_SIZE bound to: 9214 - type: integer 
	Parameter APP_AXIS_DIRECT_ENABLE bound to: 1'b0 
	Parameter APP_AXIS_SYNC_ENABLE bound to: 1'b0 
	Parameter REG_ADDR_WIDTH bound to: 18 - type: integer 
	Parameter REG_DATA_WIDTH bound to: 32 - type: integer 
	Parameter REG_STRB_WIDTH bound to: 4 - type: integer 
	Parameter RB_BASE_ADDR bound to: 266240 - type: integer 
	Parameter RB_NEXT_PTR bound to: 270336 - type: integer 
	Parameter AXIS_DATA_WIDTH bound to: 64 - type: integer 
	Parameter AXIS_KEEP_WIDTH bound to: 8 - type: integer 
	Parameter AXIS_TX_USER_WIDTH bound to: 17 - type: integer 
	Parameter AXIS_RX_USER_WIDTH bound to: 97 - type: integer 
	Parameter AXIS_RX_USE_READY bound to: 0 - type: integer 
	Parameter AXIS_TX_PIPELINE bound to: 0 - type: integer 
	Parameter AXIS_TX_FIFO_PIPELINE bound to: 2 - type: integer 
	Parameter AXIS_TX_TS_PIPELINE bound to: 0 - type: integer 
	Parameter AXIS_RX_PIPELINE bound to: 0 - type: integer 
	Parameter AXIS_RX_FIFO_PIPELINE bound to: 2 - type: integer 
	Parameter AXIS_SYNC_DATA_WIDTH bound to: 128 - type: integer 
	Parameter AXIS_SYNC_KEEP_WIDTH bound to: 16 - type: integer 
	Parameter AXIS_SYNC_TX_USER_WIDTH bound to: 17 - type: integer 
	Parameter AXIS_SYNC_RX_USER_WIDTH bound to: 97 - type: integer 
	Parameter PTP_TS_WIDTH bound to: 96 - type: integer 
	Parameter PTP_TS_ENABLE bound to: 1 - type: integer 
	Parameter TX_CPL_ENABLE bound to: 1 - type: integer 
	Parameter TX_CPL_FIFO_DEPTH bound to: 32 - type: integer 
	Parameter TX_TAG_WIDTH bound to: 16 - type: integer 
	Parameter PFC_ENABLE bound to: 1 - type: integer 
	Parameter LFC_ENABLE bound to: 1 - type: integer 
	Parameter MAC_CTRL_ENABLE bound to: 0 - type: integer 
	Parameter MAX_TX_SIZE bound to: 9214 - type: integer 
	Parameter APP_AXIS_DIRECT_ENABLE bound to: 1'b0 
	Parameter APP_AXIS_SYNC_ENABLE bound to: 1'b0 
	Parameter AXIS_DATA_WIDTH bound to: 64 - type: integer 
	Parameter AXIS_KEEP_WIDTH bound to: 8 - type: integer 
	Parameter AXIS_TX_USER_WIDTH bound to: 17 - type: integer 
	Parameter AXIS_TX_PIPELINE bound to: 0 - type: integer 
	Parameter AXIS_TX_FIFO_PIPELINE bound to: 2 - type: integer 
	Parameter AXIS_TX_TS_PIPELINE bound to: 0 - type: integer 
	Parameter AXIS_SYNC_DATA_WIDTH bound to: 128 - type: integer 
	Parameter AXIS_SYNC_KEEP_WIDTH bound to: 16 - type: integer 
	Parameter AXIS_SYNC_TX_USER_WIDTH bound to: 17 - type: integer 
	Parameter DEPTH bound to: 32 - type: integer 
	Parameter DATA_WIDTH bound to: 96 - type: integer 
	Parameter KEEP_ENABLE bound to: 0 - type: integer 
	Parameter LAST_ENABLE bound to: 0 - type: integer 
	Parameter ID_ENABLE bound to: 1 - type: integer 
	Parameter ID_WIDTH bound to: 16 - type: integer 
	Parameter DEST_ENABLE bound to: 0 - type: integer 
	Parameter USER_ENABLE bound to: 0 - type: integer 
	Parameter FRAME_FIFO bound to: 0 - type: integer 
INFO: [Synth 8-6155] done synthesizing module 'axis_async_fifo' (0#1) [/home/keshav/Documents/Workspace/corundum/fpga/mqnic/ADM_PCIE_9V3/fpga_25g/lib/axis/rtl/axis_async_fifo.v:34]
INFO: [Common 17-14] Message 'Synth 8-6155' appears 100 times and further instances of the messages will be disabled. Use the Tcl command set_msg_config to change the current settings.
WARNING: [Synth 8-7071] port 's_pause_req' of module 'axis_async_fifo' is unconnected for instance 'tx_cpl_fifo_inst' [/home/keshav/Documents/Workspace/corundum/fpga/mqnic/ADM_PCIE_9V3/fpga_25g/rtl/common/mqnic_port_tx.v:238]
WARNING: [Synth 8-7071] port 's_pause_ack' of module 'axis_async_fifo' is unconnected for instance 'tx_cpl_fifo_inst' [/home/keshav/Documents/Workspace/corundum/fpga/mqnic/ADM_PCIE_9V3/fpga_25g/rtl/common/mqnic_port_tx.v:238]
WARNING: [Synth 8-7071] port 'm_pause_req' of module 'axis_async_fifo' is unconnected for instance 'tx_cpl_fifo_inst' [/home/keshav/Documents/Workspace/corundum/fpga/mqnic/ADM_PCIE_9V3/fpga_25g/rtl/common/mqnic_port_tx.v:238]
WARNING: [Synth 8-7071] port 'm_pause_ack' of module 'axis_async_fifo' is unconnected for instance 'tx_cpl_fifo_inst' [/home/keshav/Documents/Workspace/corundum/fpga/mqnic/ADM_PCIE_9V3/fpga_25g/rtl/common/mqnic_port_tx.v:238]
WARNING: [Synth 8-7071] port 's_status_depth' of module 'axis_async_fifo' is unconnected for instance 'tx_cpl_fifo_inst' [/home/keshav/Documents/Workspace/corundum/fpga/mqnic/ADM_PCIE_9V3/fpga_25g/rtl/common/mqnic_port_tx.v:238]
WARNING: [Synth 8-7071] port 's_status_depth_commit' of module 'axis_async_fifo' is unconnected for instance 'tx_cpl_fifo_inst' [/home/keshav/Documents/Workspace/corundum/fpga/mqnic/ADM_PCIE_9V3/fpga_25g/rtl/common/mqnic_port_tx.v:238]
WARNING: [Synth 8-7071] port 'm_status_depth' of module 'axis_async_fifo' is unconnected for instance 'tx_cpl_fifo_inst' [/home/keshav/Documents/Workspace/corundum/fpga/mqnic/ADM_PCIE_9V3/fpga_25g/rtl/common/mqnic_port_tx.v:238]
WARNING: [Synth 8-7071] port 'm_status_depth_commit' of module 'axis_async_fifo' is unconnected for instance 'tx_cpl_fifo_inst' [/home/keshav/Documents/Workspace/corundum/fpga/mqnic/ADM_PCIE_9V3/fpga_25g/rtl/common/mqnic_port_tx.v:238]
WARNING: [Synth 8-7023] instance 'tx_cpl_fifo_inst' of module 'axis_async_fifo' has 34 connections declared, but only 26 given [/home/keshav/Documents/Workspace/corundum/fpga/mqnic/ADM_PCIE_9V3/fpga_25g/rtl/common/mqnic_port_tx.v:238]
	Parameter DATA_WIDTH bound to: 96 - type: integer 
	Parameter KEEP_ENABLE bound to: 0 - type: integer 
	Parameter LAST_ENABLE bound to: 0 - type: integer 
	Parameter ID_ENABLE bound to: 1 - type: integer 
	Parameter ID_WIDTH bound to: 16 - type: integer 
	Parameter DEST_ENABLE bound to: 0 - type: integer 
	Parameter USER_ENABLE bound to: 0 - type: integer 
	Parameter LENGTH bound to: 0 - type: integer 
	Parameter DATA_WIDTH bound to: 128 - type: integer 
	Parameter KEEP_ENABLE bound to: 1'b1 
	Parameter KEEP_WIDTH bound to: 16 - type: integer 
	Parameter LAST_ENABLE bound to: 1 - type: integer 
	Parameter ID_ENABLE bound to: 0 - type: integer 
	Parameter DEST_ENABLE bound to: 0 - type: integer 
	Parameter USER_ENABLE bound to: 1 - type: integer 
	Parameter USER_WIDTH bound to: 17 - type: integer 
	Parameter LENGTH bound to: 0 - type: integer 
	Parameter DEPTH bound to: 512 - type: integer 
	Parameter S_DATA_WIDTH bound to: 128 - type: integer 
	Parameter S_KEEP_ENABLE bound to: 1'b1 
	Parameter S_KEEP_WIDTH bound to: 16 - type: integer 
	Parameter M_DATA_WIDTH bound to: 64 - type: integer 
	Parameter M_KEEP_ENABLE bound to: 1'b1 
	Parameter M_KEEP_WIDTH bound to: 8 - type: integer 
	Parameter ID_ENABLE bound to: 0 - type: integer 
	Parameter DEST_ENABLE bound to: 0 - type: integer 
	Parameter USER_ENABLE bound to: 1 - type: integer 
	Parameter USER_WIDTH bound to: 17 - type: integer 
	Parameter RAM_PIPELINE bound to: 0 - type: integer 
	Parameter FRAME_FIFO bound to: 1 - type: integer 
	Parameter USER_BAD_FRAME_VALUE bound to: 1'b1 
	Parameter USER_BAD_FRAME_MASK bound to: 1'b1 
	Parameter DROP_OVERSIZE_FRAME bound to: 0 - type: integer 
	Parameter DROP_BAD_FRAME bound to: 0 - type: integer 
	Parameter DROP_WHEN_FULL bound to: 0 - type: integer 
	Parameter MARK_WHEN_FULL bound to: 0 - type: integer 
	Parameter PAUSE_ENABLE bound to: 1 - type: integer 
	Parameter FRAME_PAUSE bound to: 1 - type: integer 
	Parameter S_DATA_WIDTH bound to: 128 - type: integer 
	Parameter S_KEEP_ENABLE bound to: 1'b1 
	Parameter S_KEEP_WIDTH bound to: 16 - type: integer 
	Parameter M_DATA_WIDTH bound to: 64 - type: integer 
	Parameter M_KEEP_ENABLE bound to: 1'b1 
	Parameter M_KEEP_WIDTH bound to: 8 - type: integer 
	Parameter ID_ENABLE bound to: 0 - type: integer 
	Parameter ID_WIDTH bound to: 8 - type: integer 
	Parameter DEST_ENABLE bound to: 0 - type: integer 
	Parameter DEST_WIDTH bound to: 8 - type: integer 
	Parameter USER_ENABLE bound to: 1 - type: integer 
	Parameter USER_WIDTH bound to: 17 - type: integer 
	Parameter DEPTH bound to: 512 - type: integer 
	Parameter DATA_WIDTH bound to: 128 - type: integer 
	Parameter KEEP_ENABLE bound to: 1'b1 
	Parameter KEEP_WIDTH bound to: 16 - type: integer 
	Parameter LAST_ENABLE bound to: 1 - type: integer 
	Parameter ID_ENABLE bound to: 0 - type: integer 
	Parameter ID_WIDTH bound to: 8 - type: integer 
	Parameter DEST_ENABLE bound to: 0 - type: integer 
	Parameter DEST_WIDTH bound to: 8 - type: integer 
	Parameter USER_ENABLE bound to: 1 - type: integer 
	Parameter USER_WIDTH bound to: 17 - type: integer 
	Parameter RAM_PIPELINE bound to: 0 - type: integer 
	Parameter OUTPUT_FIFO_ENABLE bound to: 0 - type: integer 
	Parameter FRAME_FIFO bound to: 1 - type: integer 
	Parameter USER_BAD_FRAME_VALUE bound to: 1'b1 
	Parameter USER_BAD_FRAME_MASK bound to: 1'b1 
	Parameter DROP_OVERSIZE_FRAME bound to: 0 - type: integer 
	Parameter DROP_BAD_FRAME bound to: 0 - type: integer 
	Parameter DROP_WHEN_FULL bound to: 0 - type: integer 
	Parameter MARK_WHEN_FULL bound to: 0 - type: integer 
	Parameter PAUSE_ENABLE bound to: 1 - type: integer 
	Parameter FRAME_PAUSE bound to: 1 - type: integer 
	Parameter PFC_ENABLE bound to: 1 - type: integer 
	Parameter LFC_ENABLE bound to: 1 - type: integer 
	Parameter MAC_CTRL_ENABLE bound to: 0 - type: integer 
	Parameter AXIS_DATA_WIDTH bound to: 64 - type: integer 
	Parameter AXIS_KEEP_WIDTH bound to: 8 - type: integer 
	Parameter AXIS_USER_WIDTH bound to: 17 - type: integer 
	Parameter PTP_TS_WIDTH bound to: 96 - type: integer 
	Parameter PTP_TS_ENABLE bound to: 1 - type: integer 
	Parameter PFC_ENABLE bound to: 1 - type: integer 
	Parameter LFC_ENABLE bound to: 1 - type: integer 
	Parameter MAC_CTRL_ENABLE bound to: 0 - type: integer 
	Parameter MAX_RX_SIZE bound to: 9214 - type: integer 
	Parameter APP_AXIS_DIRECT_ENABLE bound to: 1'b0 
	Parameter APP_AXIS_SYNC_ENABLE bound to: 1'b0 
	Parameter AXIS_DATA_WIDTH bound to: 64 - type: integer 
	Parameter AXIS_KEEP_WIDTH bound to: 8 - type: integer 
	Parameter AXIS_RX_USER_WIDTH bound to: 97 - type: integer 
	Parameter AXIS_RX_USE_READY bound to: 0 - type: integer 
	Parameter AXIS_RX_PIPELINE bound to: 0 - type: integer 
	Parameter AXIS_RX_FIFO_PIPELINE bound to: 2 - type: integer 
	Parameter AXIS_SYNC_DATA_WIDTH bound to: 128 - type: integer 
	Parameter AXIS_SYNC_KEEP_WIDTH bound to: 16 - type: integer 
	Parameter AXIS_SYNC_RX_USER_WIDTH bound to: 97 - type: integer 
	Parameter PFC_ENABLE bound to: 1 - type: integer 
	Parameter LFC_ENABLE bound to: 1 - type: integer 
	Parameter MAC_CTRL_ENABLE bound to: 0 - type: integer 
	Parameter AXIS_DATA_WIDTH bound to: 64 - type: integer 
	Parameter AXIS_KEEP_WIDTH bound to: 8 - type: integer 
	Parameter AXIS_USER_WIDTH bound to: 97 - type: integer 
	Parameter AXIS_USE_READY bound to: 0 - type: integer 
	Parameter DEPTH bound to: 512 - type: integer 
	Parameter S_DATA_WIDTH bound to: 64 - type: integer 
	Parameter S_KEEP_ENABLE bound to: 1'b1 
	Parameter S_KEEP_WIDTH bound to: 8 - type: integer 
	Parameter M_DATA_WIDTH bound to: 128 - type: integer 
	Parameter M_KEEP_ENABLE bound to: 1'b1 
	Parameter M_KEEP_WIDTH bound to: 16 - type: integer 
	Parameter ID_ENABLE bound to: 0 - type: integer 
	Parameter DEST_ENABLE bound to: 0 - type: integer 
	Parameter USER_ENABLE bound to: 1 - type: integer 
	Parameter USER_WIDTH bound to: 97 - type: integer 
	Parameter RAM_PIPELINE bound to: 0 - type: integer 
	Parameter FRAME_FIFO bound to: 0 - type: integer 
	Parameter USER_BAD_FRAME_VALUE bound to: 1'b1 
	Parameter USER_BAD_FRAME_MASK bound to: 1'b1 
	Parameter DROP_OVERSIZE_FRAME bound to: 0 - type: integer 
	Parameter DROP_BAD_FRAME bound to: 0 - type: integer 
	Parameter DROP_WHEN_FULL bound to: 0 - type: integer 
	Parameter MARK_WHEN_FULL bound to: 1'b1 
	Parameter PAUSE_ENABLE bound to: 1 - type: integer 
	Parameter FRAME_PAUSE bound to: 1 - type: integer 
	Parameter S_DATA_WIDTH bound to: 64 - type: integer 
	Parameter S_KEEP_ENABLE bound to: 1'b1 
	Parameter S_KEEP_WIDTH bound to: 8 - type: integer 
	Parameter M_DATA_WIDTH bound to: 128 - type: integer 
	Parameter M_KEEP_ENABLE bound to: 1'b1 
	Parameter M_KEEP_WIDTH bound to: 16 - type: integer 
	Parameter ID_ENABLE bound to: 0 - type: integer 
	Parameter ID_WIDTH bound to: 8 - type: integer 
	Parameter DEST_ENABLE bound to: 0 - type: integer 
	Parameter DEST_WIDTH bound to: 8 - type: integer 
	Parameter USER_ENABLE bound to: 1 - type: integer 
	Parameter USER_WIDTH bound to: 97 - type: integer 
	Parameter DEPTH bound to: 512 - type: integer 
	Parameter DATA_WIDTH bound to: 128 - type: integer 
	Parameter KEEP_ENABLE bound to: 1'b1 
	Parameter KEEP_WIDTH bound to: 16 - type: integer 
	Parameter LAST_ENABLE bound to: 1 - type: integer 
	Parameter ID_ENABLE bound to: 0 - type: integer 
	Parameter ID_WIDTH bound to: 8 - type: integer 
	Parameter DEST_ENABLE bound to: 0 - type: integer 
	Parameter DEST_WIDTH bound to: 8 - type: integer 
	Parameter USER_ENABLE bound to: 1 - type: integer 
	Parameter USER_WIDTH bound to: 97 - type: integer 
	Parameter RAM_PIPELINE bound to: 0 - type: integer 
	Parameter OUTPUT_FIFO_ENABLE bound to: 0 - type: integer 
	Parameter FRAME_FIFO bound to: 0 - type: integer 
	Parameter USER_BAD_FRAME_VALUE bound to: 1'b1 
	Parameter USER_BAD_FRAME_MASK bound to: 1'b1 
	Parameter DROP_OVERSIZE_FRAME bound to: 0 - type: integer 
	Parameter DROP_BAD_FRAME bound to: 0 - type: integer 
	Parameter DROP_WHEN_FULL bound to: 0 - type: integer 
	Parameter MARK_WHEN_FULL bound to: 1'b1 
	Parameter PAUSE_ENABLE bound to: 1 - type: integer 
	Parameter FRAME_PAUSE bound to: 1 - type: integer 
	Parameter DATA_WIDTH bound to: 128 - type: integer 
	Parameter KEEP_ENABLE bound to: 1'b1 
	Parameter KEEP_WIDTH bound to: 16 - type: integer 
	Parameter LAST_ENABLE bound to: 1 - type: integer 
	Parameter ID_ENABLE bound to: 0 - type: integer 
	Parameter DEST_ENABLE bound to: 0 - type: integer 
	Parameter USER_ENABLE bound to: 1 - type: integer 
	Parameter USER_WIDTH bound to: 97 - type: integer 
	Parameter LENGTH bound to: 0 - type: integer 
	Parameter DEPTH bound to: 128 - type: integer 
	Parameter DATA_WIDTH bound to: 6 - type: integer 
	Parameter KEEP_ENABLE bound to: 0 - type: integer 
	Parameter LAST_ENABLE bound to: 0 - type: integer 
	Parameter ID_ENABLE bound to: 0 - type: integer 
	Parameter DEST_ENABLE bound to: 0 - type: integer 
	Parameter USER_ENABLE bound to: 0 - type: integer 
	Parameter FRAME_FIFO bound to: 0 - type: integer 
WARNING: [Synth 8-7071] port 'pause_req' of module 'axis_fifo' is unconnected for instance 'irq_fifo' [/home/keshav/Documents/Workspace/corundum/fpga/mqnic/ADM_PCIE_9V3/fpga_25g/rtl/common/mqnic_interface.v:944]
WARNING: [Synth 8-7071] port 'pause_ack' of module 'axis_fifo' is unconnected for instance 'irq_fifo' [/home/keshav/Documents/Workspace/corundum/fpga/mqnic/ADM_PCIE_9V3/fpga_25g/rtl/common/mqnic_interface.v:944]
WARNING: [Synth 8-7071] port 'status_depth' of module 'axis_fifo' is unconnected for instance 'irq_fifo' [/home/keshav/Documents/Workspace/corundum/fpga/mqnic/ADM_PCIE_9V3/fpga_25g/rtl/common/mqnic_interface.v:944]
WARNING: [Synth 8-7071] port 'status_depth_commit' of module 'axis_fifo' is unconnected for instance 'irq_fifo' [/home/keshav/Documents/Workspace/corundum/fpga/mqnic/ADM_PCIE_9V3/fpga_25g/rtl/common/mqnic_interface.v:944]
WARNING: [Synth 8-7023] instance 'irq_fifo' of module 'axis_fifo' has 25 connections declared, but only 21 given [/home/keshav/Documents/Workspace/corundum/fpga/mqnic/ADM_PCIE_9V3/fpga_25g/rtl/common/mqnic_interface.v:944]
	Parameter DATA_WIDTH bound to: 32 - type: integer 
	Parameter ADDR_WIDTH bound to: 18 - type: integer 
	Parameter STRB_WIDTH bound to: 4 - type: integer 
	Parameter TIMEOUT bound to: 4 - type: integer 
	Parameter DATA_WIDTH bound to: 32 - type: integer 
	Parameter ADDR_WIDTH bound to: 18 - type: integer 
	Parameter STRB_WIDTH bound to: 4 - type: integer 
	Parameter TIMEOUT bound to: 4 - type: integer 
	Parameter DATA_WIDTH bound to: 32 - type: integer 
	Parameter ADDR_WIDTH bound to: 18 - type: integer 
	Parameter STRB_WIDTH bound to: 4 - type: integer 
	Parameter TIMEOUT bound to: 4 - type: integer 
WARNING: [Synth 8-689] width (23) of port connection 's_axil_awaddr' does not match port width (18) of module 'axil_reg_if' [/home/keshav/Documents/Workspace/corundum/fpga/mqnic/ADM_PCIE_9V3/fpga_25g/rtl/common/mqnic_interface.v:1000]
WARNING: [Synth 8-689] width (23) of port connection 's_axil_araddr' does not match port width (18) of module 'axil_reg_if' [/home/keshav/Documents/Workspace/corundum/fpga/mqnic/ADM_PCIE_9V3/fpga_25g/rtl/common/mqnic_interface.v:1011]
	Parameter S_COUNT bound to: 1 - type: integer 
	Parameter M_COUNT bound to: 8 - type: integer 
	Parameter DATA_WIDTH bound to: 32 - type: integer 
	Parameter ADDR_WIDTH bound to: 23 - type: integer 
	Parameter STRB_WIDTH bound to: 4 - type: integer 
	Parameter M_ADDR_WIDTH bound to: 256'b0000000000000000000000000001010000000000000000000000000000010100000000000000000000000000000101000000000000000000000000000001010000000000000000000000000000010010000000000000000000000000000100100000000000000000000000000001001000000000000000000000000000010010 
	Parameter M_CONNECT_READ bound to: 8'b11111111 
	Parameter M_CONNECT_WRITE bound to: 8'b11111111 
	Parameter S_COUNT bound to: 1 - type: integer 
	Parameter M_COUNT bound to: 8 - type: integer 
	Parameter DATA_WIDTH bound to: 32 - type: integer 
	Parameter ADDR_WIDTH bound to: 23 - type: integer 
	Parameter STRB_WIDTH bound to: 4 - type: integer 
	Parameter S_ACCEPT bound to: 16 - type: integer 
	Parameter M_REGIONS bound to: 1 - type: integer 
	Parameter M_BASE_ADDR bound to: 0 - type: integer 
	Parameter M_ADDR_WIDTH bound to: 256'b0000000000000000000000000001010000000000000000000000000000010100000000000000000000000000000101000000000000000000000000000001010000000000000000000000000000010010000000000000000000000000000100100000000000000000000000000001001000000000000000000000000000010010 
	Parameter M_CONNECT bound to: 8'b11111111 
	Parameter M_ISSUE bound to: 256'b0000000000000000000000000001000000000000000000000000000000010000000000000000000000000000000100000000000000000000000000000001000000000000000000000000000000010000000000000000000000000000000100000000000000000000000000000001000000000000000000000000000000010000 
	Parameter M_SECURE bound to: 8'b00000000 
	Parameter S_AW_REG_TYPE bound to: 2'b00 
	Parameter S_W_REG_TYPE bound to: 2'b00 
	Parameter S_B_REG_TYPE bound to: 2'b01 
	Parameter S bound to: 0 - type: integer 
	Parameter S_COUNT bound to: 1 - type: integer 
	Parameter M_COUNT bound to: 8 - type: integer 
	Parameter ADDR_WIDTH bound to: 23 - type: integer 
	Parameter M_REGIONS bound to: 1 - type: integer 
	Parameter M_BASE_ADDR bound to: 0 - type: integer 
	Parameter M_ADDR_WIDTH bound to: 256'b0000000000000000000000000001010000000000000000000000000000010100000000000000000000000000000101000000000000000000000000000001010000000000000000000000000000010010000000000000000000000000000100100000000000000000000000000001001000000000000000000000000000010010 
	Parameter M_CONNECT bound to: 8'b11111111 
	Parameter M_SECURE bound to: 8'b00000000 
	Parameter WC_OUTPUT bound to: 1 - type: integer 
INFO: [Synth 8-251] Addressing configuration for axil_crossbar_addr instance  [/home/keshav/Documents/Workspace/corundum/fpga/mqnic/ADM_PCIE_9V3/fpga_25g/lib/axi/rtl/axil_crossbar_addr.v:144]
INFO: [Synth 8-251] 0 (0): 0 / 18 -- 0-3ffff [/home/keshav/Documents/Workspace/corundum/fpga/mqnic/ADM_PCIE_9V3/fpga_25g/lib/axi/rtl/axil_crossbar_addr.v:147]
INFO: [Synth 8-251] 1 (0): 40000 / 18 -- 40000-7ffff [/home/keshav/Documents/Workspace/corundum/fpga/mqnic/ADM_PCIE_9V3/fpga_25g/lib/axi/rtl/axil_crossbar_addr.v:147]
INFO: [Synth 8-251] 2 (0): 80000 / 18 -- 80000-bffff [/home/keshav/Documents/Workspace/corundum/fpga/mqnic/ADM_PCIE_9V3/fpga_25g/lib/axi/rtl/axil_crossbar_addr.v:147]
INFO: [Synth 8-251] 3 (0): c0000 / 18 -- c0000-fffff [/home/keshav/Documents/Workspace/corundum/fpga/mqnic/ADM_PCIE_9V3/fpga_25g/lib/axi/rtl/axil_crossbar_addr.v:147]
INFO: [Synth 8-251] 4 (0): 100000 / 20 -- 100000-1fffff [/home/keshav/Documents/Workspace/corundum/fpga/mqnic/ADM_PCIE_9V3/fpga_25g/lib/axi/rtl/axil_crossbar_addr.v:147]
INFO: [Synth 8-251] 5 (0): 200000 / 20 -- 200000-2fffff [/home/keshav/Documents/Workspace/corundum/fpga/mqnic/ADM_PCIE_9V3/fpga_25g/lib/axi/rtl/axil_crossbar_addr.v:147]
INFO: [Synth 8-251] 6 (0): 300000 / 20 -- 300000-3fffff [/home/keshav/Documents/Workspace/corundum/fpga/mqnic/ADM_PCIE_9V3/fpga_25g/lib/axi/rtl/axil_crossbar_addr.v:147]
INFO: [Synth 8-251] 7 (0): 400000 / 20 -- 400000-4fffff [/home/keshav/Documents/Workspace/corundum/fpga/mqnic/ADM_PCIE_9V3/fpga_25g/lib/axi/rtl/axil_crossbar_addr.v:147]
INFO: [Synth 8-155] case statement is not full and has no default [/home/keshav/Documents/Workspace/corundum/fpga/mqnic/ADM_PCIE_9V3/fpga_25g/lib/axi/rtl/axil_crossbar_addr.v:242]
	Parameter DATA_WIDTH bound to: 32 - type: integer 
	Parameter ADDR_WIDTH bound to: 23 - type: integer 
	Parameter STRB_WIDTH bound to: 4 - type: integer 
	Parameter AW_REG_TYPE bound to: 2'b00 
	Parameter W_REG_TYPE bound to: 2'b00 
	Parameter B_REG_TYPE bound to: 2'b01 
	Parameter PORTS bound to: 1 - type: integer 
	Parameter ARB_TYPE_ROUND_ROBIN bound to: 1 - type: integer 
	Parameter ARB_BLOCK bound to: 1 - type: integer 
	Parameter ARB_BLOCK_ACK bound to: 1 - type: integer 
	Parameter ARB_LSB_HIGH_PRIORITY bound to: 1 - type: integer 
	Parameter WIDTH bound to: 1 - type: integer 
	Parameter LSB_HIGH_PRIORITY bound to: 1 - type: integer 
	Parameter DATA_WIDTH bound to: 32 - type: integer 
	Parameter ADDR_WIDTH bound to: 23 - type: integer 
	Parameter STRB_WIDTH bound to: 4 - type: integer 
	Parameter AW_REG_TYPE bound to: 2'b01 
	Parameter W_REG_TYPE bound to: 2'b10 
	Parameter B_REG_TYPE bound to: 2'b00 
	Parameter S_COUNT bound to: 1 - type: integer 
	Parameter M_COUNT bound to: 8 - type: integer 
	Parameter DATA_WIDTH bound to: 32 - type: integer 
	Parameter ADDR_WIDTH bound to: 23 - type: integer 
	Parameter STRB_WIDTH bound to: 4 - type: integer 
	Parameter S_ACCEPT bound to: 16 - type: integer 
	Parameter M_REGIONS bound to: 1 - type: integer 
	Parameter M_BASE_ADDR bound to: 0 - type: integer 
	Parameter M_ADDR_WIDTH bound to: 256'b0000000000000000000000000001010000000000000000000000000000010100000000000000000000000000000101000000000000000000000000000001010000000000000000000000000000010010000000000000000000000000000100100000000000000000000000000001001000000000000000000000000000010010 
	Parameter M_CONNECT bound to: 8'b11111111 
	Parameter M_ISSUE bound to: 256'b0000000000000000000000000001000000000000000000000000000000010000000000000000000000000000000100000000000000000000000000000001000000000000000000000000000000010000000000000000000000000000000100000000000000000000000000000001000000000000000000000000000000010000 
	Parameter M_SECURE bound to: 8'b00000000 
	Parameter S_AR_REG_TYPE bound to: 2'b00 
	Parameter S_R_REG_TYPE bound to: 2'b10 
	Parameter S bound to: 0 - type: integer 
	Parameter S_COUNT bound to: 1 - type: integer 
	Parameter M_COUNT bound to: 8 - type: integer 
	Parameter ADDR_WIDTH bound to: 23 - type: integer 
	Parameter M_REGIONS bound to: 1 - type: integer 
	Parameter M_BASE_ADDR bound to: 0 - type: integer 
	Parameter M_ADDR_WIDTH bound to: 256'b0000000000000000000000000001010000000000000000000000000000010100000000000000000000000000000101000000000000000000000000000001010000000000000000000000000000010010000000000000000000000000000100100000000000000000000000000001001000000000000000000000000000010010 
	Parameter M_CONNECT bound to: 8'b11111111 
	Parameter M_SECURE bound to: 8'b00000000 
	Parameter WC_OUTPUT bound to: 0 - type: integer 
INFO: [Synth 8-251] Addressing configuration for axil_crossbar_addr instance  [/home/keshav/Documents/Workspace/corundum/fpga/mqnic/ADM_PCIE_9V3/fpga_25g/lib/axi/rtl/axil_crossbar_addr.v:144]
INFO: [Synth 8-251] 0 (0): 0 / 18 -- 0-3ffff [/home/keshav/Documents/Workspace/corundum/fpga/mqnic/ADM_PCIE_9V3/fpga_25g/lib/axi/rtl/axil_crossbar_addr.v:147]
INFO: [Synth 8-251] 1 (0): 40000 / 18 -- 40000-7ffff [/home/keshav/Documents/Workspace/corundum/fpga/mqnic/ADM_PCIE_9V3/fpga_25g/lib/axi/rtl/axil_crossbar_addr.v:147]
INFO: [Synth 8-251] 2 (0): 80000 / 18 -- 80000-bffff [/home/keshav/Documents/Workspace/corundum/fpga/mqnic/ADM_PCIE_9V3/fpga_25g/lib/axi/rtl/axil_crossbar_addr.v:147]
INFO: [Synth 8-251] 3 (0): c0000 / 18 -- c0000-fffff [/home/keshav/Documents/Workspace/corundum/fpga/mqnic/ADM_PCIE_9V3/fpga_25g/lib/axi/rtl/axil_crossbar_addr.v:147]
INFO: [Synth 8-251] 4 (0): 100000 / 20 -- 100000-1fffff [/home/keshav/Documents/Workspace/corundum/fpga/mqnic/ADM_PCIE_9V3/fpga_25g/lib/axi/rtl/axil_crossbar_addr.v:147]
INFO: [Synth 8-251] 5 (0): 200000 / 20 -- 200000-2fffff [/home/keshav/Documents/Workspace/corundum/fpga/mqnic/ADM_PCIE_9V3/fpga_25g/lib/axi/rtl/axil_crossbar_addr.v:147]
INFO: [Synth 8-251] 6 (0): 300000 / 20 -- 300000-3fffff [/home/keshav/Documents/Workspace/corundum/fpga/mqnic/ADM_PCIE_9V3/fpga_25g/lib/axi/rtl/axil_crossbar_addr.v:147]
INFO: [Synth 8-251] 7 (0): 400000 / 20 -- 400000-4fffff [/home/keshav/Documents/Workspace/corundum/fpga/mqnic/ADM_PCIE_9V3/fpga_25g/lib/axi/rtl/axil_crossbar_addr.v:147]
INFO: [Synth 8-155] case statement is not full and has no default [/home/keshav/Documents/Workspace/corundum/fpga/mqnic/ADM_PCIE_9V3/fpga_25g/lib/axi/rtl/axil_crossbar_addr.v:242]
	Parameter DATA_WIDTH bound to: 32 - type: integer 
	Parameter ADDR_WIDTH bound to: 23 - type: integer 
	Parameter STRB_WIDTH bound to: 4 - type: integer 
	Parameter AR_REG_TYPE bound to: 2'b00 
	Parameter R_REG_TYPE bound to: 2'b10 
	Parameter DATA_WIDTH bound to: 32 - type: integer 
	Parameter ADDR_WIDTH bound to: 23 - type: integer 
	Parameter STRB_WIDTH bound to: 4 - type: integer 
	Parameter AR_REG_TYPE bound to: 2'b01 
	Parameter R_REG_TYPE bound to: 2'b00 
	Parameter PORTS bound to: 2 - type: integer 
	Parameter SEG_COUNT bound to: 2 - type: integer 
	Parameter SEG_DATA_WIDTH bound to: 512 - type: integer 
	Parameter SEG_ADDR_WIDTH bound to: 10 - type: integer 
	Parameter SEG_BE_WIDTH bound to: 64 - type: integer 
	Parameter S_RAM_SEL_WIDTH bound to: 0 - type: integer 
	Parameter M_RAM_SEL_WIDTH bound to: 1 - type: integer 
	Parameter RAM_ADDR_WIDTH bound to: 17 - type: integer 
	Parameter DMA_ADDR_WIDTH bound to: 64 - type: integer 
	Parameter IMM_ENABLE bound to: 0 - type: integer 
	Parameter IMM_WIDTH bound to: 32 - type: integer 
	Parameter LEN_WIDTH bound to: 16 - type: integer 
	Parameter S_TAG_WIDTH bound to: 13 - type: integer 
	Parameter M_TAG_WIDTH bound to: 14 - type: integer 
	Parameter ARB_TYPE_ROUND_ROBIN bound to: 0 - type: integer 
	Parameter ARB_LSB_HIGH_PRIORITY bound to: 1 - type: integer 
	Parameter PORTS bound to: 2 - type: integer 
	Parameter EXTEND_RAM_SEL bound to: 1 - type: integer 
	Parameter S_RAM_SEL_WIDTH bound to: 0 - type: integer 
	Parameter M_RAM_SEL_WIDTH bound to: 1 - type: integer 
	Parameter RAM_ADDR_WIDTH bound to: 17 - type: integer 
	Parameter DMA_ADDR_WIDTH bound to: 64 - type: integer 
	Parameter IMM_ENABLE bound to: 0 - type: integer 
	Parameter IMM_WIDTH bound to: 32 - type: integer 
	Parameter LEN_WIDTH bound to: 16 - type: integer 
	Parameter S_TAG_WIDTH bound to: 13 - type: integer 
	Parameter M_TAG_WIDTH bound to: 14 - type: integer 
	Parameter ARB_TYPE_ROUND_ROBIN bound to: 0 - type: integer 
	Parameter ARB_LSB_HIGH_PRIORITY bound to: 1 - type: integer 
	Parameter PORTS bound to: 2 - type: integer 
	Parameter ARB_TYPE_ROUND_ROBIN bound to: 0 - type: integer 
	Parameter ARB_BLOCK bound to: 1 - type: integer 
	Parameter ARB_BLOCK_ACK bound to: 1 - type: integer 
	Parameter ARB_LSB_HIGH_PRIORITY bound to: 1 - type: integer 
	Parameter PORTS bound to: 2 - type: integer 
	Parameter SEG_COUNT bound to: 2 - type: integer 
	Parameter SEG_DATA_WIDTH bound to: 512 - type: integer 
	Parameter SEG_ADDR_WIDTH bound to: 10 - type: integer 
	Parameter S_RAM_SEL_WIDTH bound to: 0 - type: integer 
	Parameter M_RAM_SEL_WIDTH bound to: 1 - type: integer 
WARNING: [Synth 8-689] width (4) of port connection 's_axis_write_desc_ram_sel' does not match port width (2) of module 'dma_if_mux_wr__parameterized0' [/home/keshav/Documents/Workspace/corundum/fpga/mqnic/ADM_PCIE_9V3/fpga_25g/rtl/common/mqnic_interface.v:1330]
WARNING: [Synth 8-689] width (4) of port connection 'ram_rd_cmd_sel' does not match port width (2) of module 'dma_if_mux_wr__parameterized0' [/home/keshav/Documents/Workspace/corundum/fpga/mqnic/ADM_PCIE_9V3/fpga_25g/rtl/common/mqnic_interface.v:1360]
	Parameter ADDR_WIDTH bound to: 64 - type: integer 
	Parameter REQ_TAG_WIDTH bound to: 7 - type: integer 
	Parameter OP_TABLE_SIZE bound to: 32 - type: integer 
	Parameter OP_TAG_WIDTH bound to: 6 - type: integer 
	Parameter QUEUE_INDEX_WIDTH bound to: 6 - type: integer 
	Parameter EVENT_WIDTH bound to: 6 - type: integer 
	Parameter QUEUE_PTR_WIDTH bound to: 16 - type: integer 
	Parameter LOG_QUEUE_SIZE_WIDTH bound to: 4 - type: integer 
	Parameter CPL_SIZE bound to: 32 - type: integer 
	Parameter PIPELINE bound to: 3 - type: integer 
	Parameter AXIL_DATA_WIDTH bound to: 32 - type: integer 
	Parameter AXIL_ADDR_WIDTH bound to: 18 - type: integer 
	Parameter AXIL_STRB_WIDTH bound to: 4 - type: integer 
WARNING: [Synth 8-689] width (14) of port connection 's_axis_enqueue_req_queue' does not match port width (6) of module 'cpl_queue_manager' [/home/keshav/Documents/Workspace/corundum/fpga/mqnic/ADM_PCIE_9V3/fpga_25g/rtl/common/mqnic_interface.v:1392]
WARNING: [Synth 8-689] width (23) of port connection 's_axil_awaddr' does not match port width (18) of module 'cpl_queue_manager' [/home/keshav/Documents/Workspace/corundum/fpga/mqnic/ADM_PCIE_9V3/fpga_25g/rtl/common/mqnic_interface.v:1430]
WARNING: [Synth 8-689] width (23) of port connection 's_axil_araddr' does not match port width (18) of module 'cpl_queue_manager' [/home/keshav/Documents/Workspace/corundum/fpga/mqnic/ADM_PCIE_9V3/fpga_25g/rtl/common/mqnic_interface.v:1441]
	Parameter PORTS bound to: 1 - type: integer 
	Parameter SELECT_WIDTH bound to: 1 - type: integer 
	Parameter SEG_COUNT bound to: 2 - type: integer 
	Parameter SEG_DATA_WIDTH bound to: 512 - type: integer 
	Parameter SEG_ADDR_WIDTH bound to: 10 - type: integer 
	Parameter SEG_BE_WIDTH bound to: 64 - type: integer 
	Parameter RAM_ADDR_WIDTH bound to: 17 - type: integer 
	Parameter RAM_PIPELINE bound to: 2 - type: integer 
	Parameter DMA_ADDR_WIDTH bound to: 64 - type: integer 
	Parameter DMA_LEN_WIDTH bound to: 16 - type: integer 
	Parameter DMA_TAG_WIDTH bound to: 13 - type: integer 
	Parameter REQ_TAG_WIDTH bound to: 7 - type: integer 
	Parameter QUEUE_REQ_TAG_WIDTH bound to: 7 - type: integer 
	Parameter QUEUE_OP_TAG_WIDTH bound to: 6 - type: integer 
	Parameter QUEUE_INDEX_WIDTH bound to: 6 - type: integer 
	Parameter CPL_SIZE bound to: 32 - type: integer 
	Parameter DESC_TABLE_SIZE bound to: 32 - type: integer 
WARNING: [Synth 8-689] width (14) of port connection 's_axis_req_queue' does not match port width (6) of module 'cpl_write' [/home/keshav/Documents/Workspace/corundum/fpga/mqnic/ADM_PCIE_9V3/fpga_25g/rtl/common/mqnic_interface.v:1483]
WARNING: [Synth 8-689] width (5) of port connection 's_axis_req_tag' does not match port width (7) of module 'cpl_write' [/home/keshav/Documents/Workspace/corundum/fpga/mqnic/ADM_PCIE_9V3/fpga_25g/rtl/common/mqnic_interface.v:1484]
WARNING: [Synth 8-689] width (5) of port connection 'm_axis_req_status_tag' does not match port width (7) of module 'cpl_write' [/home/keshav/Documents/Workspace/corundum/fpga/mqnic/ADM_PCIE_9V3/fpga_25g/rtl/common/mqnic_interface.v:1492]
WARNING: [Synth 8-689] width (14) of port connection 'm_axis_cpl_enqueue_req_queue' does not match port width (6) of module 'cpl_write' [/home/keshav/Documents/Workspace/corundum/fpga/mqnic/ADM_PCIE_9V3/fpga_25g/rtl/common/mqnic_interface.v:1500]
	Parameter DEPTH bound to: 1024 - type: integer 
	Parameter DATA_WIDTH bound to: 22 - type: integer 
	Parameter KEEP_ENABLE bound to: 0 - type: integer 
	Parameter LAST_ENABLE bound to: 0 - type: integer 
	Parameter ID_ENABLE bound to: 0 - type: integer 
	Parameter DEST_ENABLE bound to: 0 - type: integer 
	Parameter USER_ENABLE bound to: 0 - type: integer 
	Parameter FRAME_FIFO bound to: 0 - type: integer 
WARNING: [Synth 8-7071] port 'pause_req' of module 'axis_fifo' is unconnected for instance 'event_fifo' [/home/keshav/Documents/Workspace/corundum/fpga/mqnic/ADM_PCIE_9V3/fpga_25g/rtl/common/mqnic_interface.v:1575]
WARNING: [Synth 8-7071] port 'pause_ack' of module 'axis_fifo' is unconnected for instance 'event_fifo' [/home/keshav/Documents/Workspace/corundum/fpga/mqnic/ADM_PCIE_9V3/fpga_25g/rtl/common/mqnic_interface.v:1575]
WARNING: [Synth 8-7071] port 'status_depth' of module 'axis_fifo' is unconnected for instance 'event_fifo' [/home/keshav/Documents/Workspace/corundum/fpga/mqnic/ADM_PCIE_9V3/fpga_25g/rtl/common/mqnic_interface.v:1575]
WARNING: [Synth 8-7071] port 'status_depth_commit' of module 'axis_fifo' is unconnected for instance 'event_fifo' [/home/keshav/Documents/Workspace/corundum/fpga/mqnic/ADM_PCIE_9V3/fpga_25g/rtl/common/mqnic_interface.v:1575]
WARNING: [Synth 8-7023] instance 'event_fifo' of module 'axis_fifo' has 25 connections declared, but only 21 given [/home/keshav/Documents/Workspace/corundum/fpga/mqnic/ADM_PCIE_9V3/fpga_25g/rtl/common/mqnic_interface.v:1575]
	Parameter ADDR_WIDTH bound to: 64 - type: integer 
	Parameter REQ_TAG_WIDTH bound to: 7 - type: integer 
	Parameter OP_TABLE_SIZE bound to: 32 - type: integer 
	Parameter OP_TAG_WIDTH bound to: 6 - type: integer 
	Parameter QUEUE_INDEX_WIDTH bound to: 14 - type: integer 
	Parameter EVENT_WIDTH bound to: 6 - type: integer 
	Parameter QUEUE_PTR_WIDTH bound to: 16 - type: integer 
	Parameter LOG_QUEUE_SIZE_WIDTH bound to: 4 - type: integer 
	Parameter CPL_SIZE bound to: 32 - type: integer 
	Parameter PIPELINE bound to: 5 - type: integer 
	Parameter AXIL_DATA_WIDTH bound to: 32 - type: integer 
	Parameter AXIL_ADDR_WIDTH bound to: 20 - type: integer 
	Parameter AXIL_STRB_WIDTH bound to: 4 - type: integer 
WARNING: [Synth 8-689] width (16) of port connection 'm_axis_event_source' does not match port width (14) of module 'cpl_queue_manager__parameterized0' [/home/keshav/Documents/Workspace/corundum/fpga/mqnic/ADM_PCIE_9V3/fpga_25g/rtl/common/mqnic_interface.v:1659]
WARNING: [Synth 8-689] width (23) of port connection 's_axil_awaddr' does not match port width (20) of module 'cpl_queue_manager__parameterized0' [/home/keshav/Documents/Workspace/corundum/fpga/mqnic/ADM_PCIE_9V3/fpga_25g/rtl/common/mqnic_interface.v:1666]
WARNING: [Synth 8-689] width (23) of port connection 's_axil_araddr' does not match port width (20) of module 'cpl_queue_manager__parameterized0' [/home/keshav/Documents/Workspace/corundum/fpga/mqnic/ADM_PCIE_9V3/fpga_25g/rtl/common/mqnic_interface.v:1677]
	Parameter PORTS bound to: 2 - type: integer 
	Parameter SELECT_WIDTH bound to: 1 - type: integer 
	Parameter QUEUE_INDEX_WIDTH bound to: 14 - type: integer 
	Parameter S_REQ_TAG_WIDTH bound to: 5 - type: integer 
	Parameter M_REQ_TAG_WIDTH bound to: 7 - type: integer 
	Parameter CPL_SIZE bound to: 32 - type: integer 
	Parameter ARB_TYPE_ROUND_ROBIN bound to: 1 - type: integer 
	Parameter ARB_LSB_HIGH_PRIORITY bound to: 1 - type: integer 
	Parameter PORTS bound to: 1 - type: integer 
	Parameter SELECT_WIDTH bound to: 1 - type: integer 
	Parameter SEG_COUNT bound to: 2 - type: integer 
	Parameter SEG_DATA_WIDTH bound to: 512 - type: integer 
	Parameter SEG_ADDR_WIDTH bound to: 10 - type: integer 
	Parameter SEG_BE_WIDTH bound to: 64 - type: integer 
	Parameter RAM_ADDR_WIDTH bound to: 17 - type: integer 
	Parameter RAM_PIPELINE bound to: 2 - type: integer 
	Parameter DMA_ADDR_WIDTH bound to: 64 - type: integer 
	Parameter DMA_LEN_WIDTH bound to: 16 - type: integer 
	Parameter DMA_TAG_WIDTH bound to: 13 - type: integer 
	Parameter REQ_TAG_WIDTH bound to: 7 - type: integer 
	Parameter QUEUE_REQ_TAG_WIDTH bound to: 7 - type: integer 
	Parameter QUEUE_OP_TAG_WIDTH bound to: 6 - type: integer 
	Parameter QUEUE_INDEX_WIDTH bound to: 14 - type: integer 
	Parameter CPL_SIZE bound to: 32 - type: integer 
	Parameter DESC_TABLE_SIZE bound to: 32 - type: integer 
	Parameter ADDR_WIDTH bound to: 64 - type: integer 
	Parameter REQ_TAG_WIDTH bound to: 6 - type: integer 
	Parameter OP_TABLE_SIZE bound to: 32 - type: integer 
	Parameter OP_TAG_WIDTH bound to: 6 - type: integer 
	Parameter QUEUE_INDEX_WIDTH bound to: 13 - type: integer 
	Parameter CPL_INDEX_WIDTH bound to: 14 - type: integer 
	Parameter QUEUE_PTR_WIDTH bound to: 16 - type: integer 
	Parameter LOG_QUEUE_SIZE_WIDTH bound to: 4 - type: integer 
	Parameter DESC_SIZE bound to: 16 - type: integer 
	Parameter LOG_BLOCK_SIZE_WIDTH bound to: 2 - type: integer 
	Parameter PIPELINE bound to: 4 - type: integer 
	Parameter AXIL_DATA_WIDTH bound to: 32 - type: integer 
	Parameter AXIL_ADDR_WIDTH bound to: 20 - type: integer 
	Parameter AXIL_STRB_WIDTH bound to: 4 - type: integer 
INFO: [Synth 8-155] case statement is not full and has no default [/home/keshav/Documents/Workspace/corundum/fpga/mqnic/ADM_PCIE_9V3/fpga_25g/rtl/common/queue_manager.v:469]
INFO: [Synth 8-155] case statement is not full and has no default [/home/keshav/Documents/Workspace/corundum/fpga/mqnic/ADM_PCIE_9V3/fpga_25g/rtl/common/queue_manager.v:545]
WARNING: [Synth 8-689] width (23) of port connection 's_axil_awaddr' does not match port width (20) of module 'queue_manager' [/home/keshav/Documents/Workspace/corundum/fpga/mqnic/ADM_PCIE_9V3/fpga_25g/rtl/common/mqnic_interface.v:1904]
WARNING: [Synth 8-689] width (23) of port connection 's_axil_araddr' does not match port width (20) of module 'queue_manager' [/home/keshav/Documents/Workspace/corundum/fpga/mqnic/ADM_PCIE_9V3/fpga_25g/rtl/common/mqnic_interface.v:1915]
WARNING: [Synth 8-7071] port 'm_axis_dequeue_resp_phase' of module 'queue_manager' is unconnected for instance 'tx_qm_inst' [/home/keshav/Documents/Workspace/corundum/fpga/mqnic/ADM_PCIE_9V3/fpga_25g/rtl/common/mqnic_interface.v:1861]
WARNING: [Synth 8-7023] instance 'tx_qm_inst' of module 'queue_manager' has 43 connections declared, but only 42 given [/home/keshav/Documents/Workspace/corundum/fpga/mqnic/ADM_PCIE_9V3/fpga_25g/rtl/common/mqnic_interface.v:1861]
	Parameter ADDR_WIDTH bound to: 64 - type: integer 
	Parameter REQ_TAG_WIDTH bound to: 6 - type: integer 
	Parameter OP_TABLE_SIZE bound to: 32 - type: integer 
	Parameter OP_TAG_WIDTH bound to: 6 - type: integer 
	Parameter QUEUE_INDEX_WIDTH bound to: 8 - type: integer 
	Parameter CPL_INDEX_WIDTH bound to: 14 - type: integer 
	Parameter QUEUE_PTR_WIDTH bound to: 16 - type: integer 
	Parameter LOG_QUEUE_SIZE_WIDTH bound to: 4 - type: integer 
	Parameter DESC_SIZE bound to: 16 - type: integer 
	Parameter LOG_BLOCK_SIZE_WIDTH bound to: 2 - type: integer 
	Parameter PIPELINE bound to: 3 - type: integer 
	Parameter AXIL_DATA_WIDTH bound to: 32 - type: integer 
	Parameter AXIL_ADDR_WIDTH bound to: 20 - type: integer 
	Parameter AXIL_STRB_WIDTH bound to: 4 - type: integer 
INFO: [Synth 8-155] case statement is not full and has no default [/home/keshav/Documents/Workspace/corundum/fpga/mqnic/ADM_PCIE_9V3/fpga_25g/rtl/common/queue_manager.v:469]
INFO: [Synth 8-155] case statement is not full and has no default [/home/keshav/Documents/Workspace/corundum/fpga/mqnic/ADM_PCIE_9V3/fpga_25g/rtl/common/queue_manager.v:545]
WARNING: [Synth 8-689] width (13) of port connection 's_axis_dequeue_req_queue' does not match port width (8) of module 'queue_manager__parameterized0' [/home/keshav/Documents/Workspace/corundum/fpga/mqnic/ADM_PCIE_9V3/fpga_25g/rtl/common/mqnic_interface.v:1953]
WARNING: [Synth 8-689] width (13) of port connection 'm_axis_dequeue_resp_queue' does not match port width (8) of module 'queue_manager__parameterized0' [/home/keshav/Documents/Workspace/corundum/fpga/mqnic/ADM_PCIE_9V3/fpga_25g/rtl/common/mqnic_interface.v:1961]
WARNING: [Synth 8-689] width (23) of port connection 's_axil_awaddr' does not match port width (20) of module 'queue_manager__parameterized0' [/home/keshav/Documents/Workspace/corundum/fpga/mqnic/ADM_PCIE_9V3/fpga_25g/rtl/common/mqnic_interface.v:1989]
WARNING: [Synth 8-689] width (23) of port connection 's_axil_araddr' does not match port width (20) of module 'queue_manager__parameterized0' [/home/keshav/Documents/Workspace/corundum/fpga/mqnic/ADM_PCIE_9V3/fpga_25g/rtl/common/mqnic_interface.v:2000]
WARNING: [Synth 8-7071] port 'm_axis_dequeue_resp_phase' of module 'queue_manager' is unconnected for instance 'rx_qm_inst' [/home/keshav/Documents/Workspace/corundum/fpga/mqnic/ADM_PCIE_9V3/fpga_25g/rtl/common/mqnic_interface.v:1946]
WARNING: [Synth 8-7023] instance 'rx_qm_inst' of module 'queue_manager' has 43 connections declared, but only 42 given [/home/keshav/Documents/Workspace/corundum/fpga/mqnic/ADM_PCIE_9V3/fpga_25g/rtl/common/mqnic_interface.v:1946]
	Parameter PORTS bound to: 2 - type: integer 
	Parameter SELECT_WIDTH bound to: 1 - type: integer 
	Parameter QUEUE_INDEX_WIDTH bound to: 13 - type: integer 
	Parameter QUEUE_PTR_WIDTH bound to: 16 - type: integer 
	Parameter CPL_QUEUE_INDEX_WIDTH bound to: 14 - type: integer 
	Parameter S_REQ_TAG_WIDTH bound to: 5 - type: integer 
	Parameter M_REQ_TAG_WIDTH bound to: 6 - type: integer 
	Parameter AXIS_DATA_WIDTH bound to: 128 - type: integer 
	Parameter AXIS_KEEP_WIDTH bound to: 16 - type: integer 
	Parameter ARB_TYPE_ROUND_ROBIN bound to: 1 - type: integer 
	Parameter ARB_LSB_HIGH_PRIORITY bound to: 1 - type: integer 
	Parameter PORTS bound to: 2 - type: integer 
	Parameter SELECT_WIDTH bound to: 1 - type: integer 
	Parameter SEG_COUNT bound to: 2 - type: integer 
	Parameter SEG_DATA_WIDTH bound to: 512 - type: integer 
	Parameter SEG_ADDR_WIDTH bound to: 10 - type: integer 
	Parameter SEG_BE_WIDTH bound to: 64 - type: integer 
	Parameter RAM_ADDR_WIDTH bound to: 17 - type: integer 
	Parameter RAM_PIPELINE bound to: 2 - type: integer 
	Parameter DMA_ADDR_WIDTH bound to: 64 - type: integer 
	Parameter DMA_LEN_WIDTH bound to: 16 - type: integer 
	Parameter DMA_TAG_WIDTH bound to: 14 - type: integer 
	Parameter REQ_TAG_WIDTH bound to: 6 - type: integer 
	Parameter QUEUE_REQ_TAG_WIDTH bound to: 6 - type: integer 
	Parameter QUEUE_OP_TAG_WIDTH bound to: 6 - type: integer 
	Parameter QUEUE_INDEX_WIDTH bound to: 13 - type: integer 
	Parameter CPL_QUEUE_INDEX_WIDTH bound to: 14 - type: integer 
	Parameter QUEUE_PTR_WIDTH bound to: 16 - type: integer 
	Parameter DESC_SIZE bound to: 16 - type: integer 
	Parameter LOG_BLOCK_SIZE_WIDTH bound to: 2 - type: integer 
	Parameter DESC_TABLE_SIZE bound to: 32 - type: integer 
	Parameter AXIS_DATA_WIDTH bound to: 128 - type: integer 
	Parameter AXIS_KEEP_WIDTH bound to: 16 - type: integer 
	Parameter SIZE bound to: 4096 - type: integer 
	Parameter SEG_COUNT bound to: 2 - type: integer 
	Parameter SEG_DATA_WIDTH bound to: 512 - type: integer 
	Parameter SEG_BE_WIDTH bound to: 64 - type: integer 
	Parameter SEG_ADDR_WIDTH bound to: 10 - type: integer 
	Parameter PIPELINE bound to: 2 - type: integer 
	Parameter RAM_ADDR_WIDTH bound to: 17 - type: integer 
	Parameter SEG_COUNT bound to: 2 - type: integer 
	Parameter SEG_DATA_WIDTH bound to: 512 - type: integer 
	Parameter SEG_BE_WIDTH bound to: 64 - type: integer 
	Parameter SEG_ADDR_WIDTH bound to: 10 - type: integer 
	Parameter AXIS_DATA_WIDTH bound to: 128 - type: integer 
	Parameter AXIS_KEEP_ENABLE bound to: 1'b1 
	Parameter AXIS_KEEP_WIDTH bound to: 16 - type: integer 
	Parameter AXIS_LAST_ENABLE bound to: 1 - type: integer 
	Parameter AXIS_ID_ENABLE bound to: 1 - type: integer 
	Parameter AXIS_ID_WIDTH bound to: 6 - type: integer 
	Parameter AXIS_DEST_ENABLE bound to: 0 - type: integer 
	Parameter AXIS_USER_ENABLE bound to: 1 - type: integer 
	Parameter AXIS_USER_WIDTH bound to: 1 - type: integer 
	Parameter LEN_WIDTH bound to: 8 - type: integer 
	Parameter TAG_WIDTH bound to: 5 - type: integer 
	Parameter PORTS bound to: 1 - type: integer 
	Parameter PTP_TS_WIDTH bound to: 96 - type: integer 
	Parameter TX_QUEUE_INDEX_WIDTH bound to: 13 - type: integer 
	Parameter QUEUE_INDEX_WIDTH bound to: 13 - type: integer 
	Parameter CQN_WIDTH bound to: 14 - type: integer 
	Parameter QUEUE_PTR_WIDTH bound to: 16 - type: integer 
	Parameter LOG_QUEUE_SIZE_WIDTH bound to: 4 - type: integer 
	Parameter LOG_BLOCK_SIZE_WIDTH bound to: 2 - type: integer 
	Parameter TX_MAX_DESC_REQ bound to: 16 - type: integer 
	Parameter TX_DESC_FIFO_SIZE bound to: 128 - type: integer 
	Parameter DESC_SIZE bound to: 16 - type: integer 
	Parameter CPL_SIZE bound to: 32 - type: integer 
	Parameter AXIS_DESC_DATA_WIDTH bound to: 128 - type: integer 
	Parameter AXIS_DESC_KEEP_WIDTH bound to: 16 - type: integer 
	Parameter REQ_TAG_WIDTH bound to: 5 - type: integer 
	Parameter DESC_REQ_TAG_WIDTH bound to: 5 - type: integer 
	Parameter CPL_REQ_TAG_WIDTH bound to: 5 - type: integer 
	Parameter TX_DESC_TABLE_SIZE bound to: 32 - type: integer 
	Parameter DESC_TABLE_DMA_OP_COUNT_WIDTH bound to: 4 - type: integer 
	Parameter PTP_TS_ENABLE bound to: 1 - type: integer 
	Parameter TX_TAG_WIDTH bound to: 16 - type: integer 
	Parameter TX_CHECKSUM_ENABLE bound to: 1 - type: integer 
	Parameter MAX_TX_SIZE bound to: 9214 - type: integer 
	Parameter TX_RAM_SIZE bound to: 32768 - type: integer 
	Parameter DMA_ADDR_WIDTH bound to: 64 - type: integer 
	Parameter DMA_LEN_WIDTH bound to: 16 - type: integer 
	Parameter DMA_TAG_WIDTH bound to: 14 - type: integer 
	Parameter RAM_ADDR_WIDTH bound to: 17 - type: integer 
	Parameter RAM_SEG_COUNT bound to: 2 - type: integer 
	Parameter RAM_SEG_DATA_WIDTH bound to: 512 - type: integer 
	Parameter RAM_SEG_BE_WIDTH bound to: 64 - type: integer 
	Parameter RAM_SEG_ADDR_WIDTH bound to: 10 - type: integer 
	Parameter RAM_PIPELINE bound to: 2 - type: integer 
	Parameter AXIS_DATA_WIDTH bound to: 128 - type: integer 
	Parameter AXIS_KEEP_WIDTH bound to: 16 - type: integer 
	Parameter AXIS_TX_ID_WIDTH bound to: 13 - type: integer 
	Parameter AXIS_TX_DEST_WIDTH bound to: 4 - type: integer 
	Parameter AXIS_TX_USER_WIDTH bound to: 17 - type: integer 
	Parameter DEPTH bound to: 2048 - type: integer 
	Parameter DATA_WIDTH bound to: 128 - type: integer 
	Parameter KEEP_WIDTH bound to: 16 - type: integer 
	Parameter LAST_ENABLE bound to: 1 - type: integer 
	Parameter ID_ENABLE bound to: 1 - type: integer 
	Parameter ID_WIDTH bound to: 5 - type: integer 
	Parameter DEST_ENABLE bound to: 0 - type: integer 
	Parameter USER_ENABLE bound to: 0 - type: integer 
	Parameter RAM_PIPELINE bound to: 2 - type: integer 
	Parameter FRAME_FIFO bound to: 0 - type: integer 
WARNING: [Synth 8-7071] port 'pause_req' of module 'axis_fifo' is unconnected for instance 'tx_desc_fifo' [/home/keshav/Documents/Workspace/corundum/fpga/mqnic/ADM_PCIE_9V3/fpga_25g/rtl/common/mqnic_interface_tx.v:214]
WARNING: [Synth 8-7071] port 'pause_ack' of module 'axis_fifo' is unconnected for instance 'tx_desc_fifo' [/home/keshav/Documents/Workspace/corundum/fpga/mqnic/ADM_PCIE_9V3/fpga_25g/rtl/common/mqnic_interface_tx.v:214]
WARNING: [Synth 8-7071] port 'status_depth' of module 'axis_fifo' is unconnected for instance 'tx_desc_fifo' [/home/keshav/Documents/Workspace/corundum/fpga/mqnic/ADM_PCIE_9V3/fpga_25g/rtl/common/mqnic_interface_tx.v:214]
WARNING: [Synth 8-7071] port 'status_depth_commit' of module 'axis_fifo' is unconnected for instance 'tx_desc_fifo' [/home/keshav/Documents/Workspace/corundum/fpga/mqnic/ADM_PCIE_9V3/fpga_25g/rtl/common/mqnic_interface_tx.v:214]
WARNING: [Synth 8-7023] instance 'tx_desc_fifo' of module 'axis_fifo' has 25 connections declared, but only 21 given [/home/keshav/Documents/Workspace/corundum/fpga/mqnic/ADM_PCIE_9V3/fpga_25g/rtl/common/mqnic_interface_tx.v:214]
	Parameter RAM_ADDR_WIDTH bound to: 17 - type: integer 
	Parameter DMA_ADDR_WIDTH bound to: 64 - type: integer 
	Parameter DMA_LEN_WIDTH bound to: 16 - type: integer 
	Parameter DMA_CLIENT_LEN_WIDTH bound to: 16 - type: integer 
	Parameter REQ_TAG_WIDTH bound to: 5 - type: integer 
	Parameter DESC_REQ_TAG_WIDTH bound to: 5 - type: integer 
	Parameter CPL_REQ_TAG_WIDTH bound to: 5 - type: integer 
	Parameter DMA_TAG_WIDTH bound to: 14 - type: integer 
	Parameter DMA_CLIENT_TAG_WIDTH bound to: 5 - type: integer 
	Parameter QUEUE_INDEX_WIDTH bound to: 13 - type: integer 
	Parameter QUEUE_PTR_WIDTH bound to: 16 - type: integer 
	Parameter CQN_WIDTH bound to: 14 - type: integer 
	Parameter DESC_TABLE_SIZE bound to: 32 - type: integer 
	Parameter DESC_TABLE_DMA_OP_COUNT_WIDTH bound to: 4 - type: integer 
	Parameter MAX_TX_SIZE bound to: 9214 - type: integer 
	Parameter TX_BUFFER_OFFSET bound to: 0 - type: integer 
	Parameter TX_BUFFER_SIZE bound to: 32768 - type: integer 
	Parameter TX_BUFFER_STEP_SIZE bound to: 128 - type: integer 
	Parameter DESC_SIZE bound to: 16 - type: integer 
	Parameter CPL_SIZE bound to: 32 - type: integer 
	Parameter MAX_DESC_REQ bound to: 16 - type: integer 
	Parameter AXIS_DESC_DATA_WIDTH bound to: 128 - type: integer 
	Parameter AXIS_DESC_KEEP_WIDTH bound to: 16 - type: integer 
	Parameter PTP_TS_ENABLE bound to: 1 - type: integer 
	Parameter PTP_TS_WIDTH bound to: 96 - type: integer 
	Parameter TX_TAG_WIDTH bound to: 16 - type: integer 
	Parameter TX_CHECKSUM_ENABLE bound to: 1 - type: integer 
	Parameter AXIS_TX_ID_WIDTH bound to: 13 - type: integer 
	Parameter AXIS_TX_DEST_WIDTH bound to: 4 - type: integer 
	Parameter AXIS_TX_USER_WIDTH bound to: 17 - type: integer 
	Parameter SIZE bound to: 32768 - type: integer 
	Parameter SEG_COUNT bound to: 2 - type: integer 
	Parameter SEG_DATA_WIDTH bound to: 512 - type: integer 
	Parameter SEG_BE_WIDTH bound to: 64 - type: integer 
	Parameter SEG_ADDR_WIDTH bound to: 10 - type: integer 
	Parameter PIPELINE bound to: 2 - type: integer 
	Parameter RAM_ADDR_WIDTH bound to: 17 - type: integer 
	Parameter SEG_COUNT bound to: 2 - type: integer 
	Parameter SEG_DATA_WIDTH bound to: 512 - type: integer 
	Parameter SEG_BE_WIDTH bound to: 64 - type: integer 
	Parameter SEG_ADDR_WIDTH bound to: 10 - type: integer 
	Parameter AXIS_DATA_WIDTH bound to: 128 - type: integer 
	Parameter AXIS_KEEP_ENABLE bound to: 1'b1 
	Parameter AXIS_KEEP_WIDTH bound to: 16 - type: integer 
	Parameter AXIS_LAST_ENABLE bound to: 1 - type: integer 
	Parameter AXIS_ID_ENABLE bound to: 1 - type: integer 
	Parameter AXIS_ID_WIDTH bound to: 13 - type: integer 
	Parameter AXIS_DEST_ENABLE bound to: 1 - type: integer 
	Parameter AXIS_DEST_WIDTH bound to: 4 - type: integer 
	Parameter AXIS_USER_ENABLE bound to: 1 - type: integer 
	Parameter AXIS_USER_WIDTH bound to: 17 - type: integer 
	Parameter LEN_WIDTH bound to: 16 - type: integer 
	Parameter TAG_WIDTH bound to: 5 - type: integer 
	Parameter TX_CHECKSUM_ENABLE bound to: 1 - type: integer 
	Parameter AXIS_DATA_WIDTH bound to: 128 - type: integer 
	Parameter AXIS_KEEP_WIDTH bound to: 16 - type: integer 
	Parameter AXIS_ID_WIDTH bound to: 13 - type: integer 
	Parameter AXIS_DEST_WIDTH bound to: 4 - type: integer 
	Parameter AXIS_USER_WIDTH bound to: 17 - type: integer 
	Parameter MAX_TX_SIZE bound to: 9214 - type: integer 
	Parameter DEPTH bound to: 32 - type: integer 
	Parameter DATA_WIDTH bound to: 17 - type: integer 
	Parameter KEEP_ENABLE bound to: 0 - type: integer 
	Parameter LAST_ENABLE bound to: 0 - type: integer 
	Parameter ID_ENABLE bound to: 0 - type: integer 
	Parameter DEST_ENABLE bound to: 0 - type: integer 
	Parameter USER_ENABLE bound to: 0 - type: integer 
	Parameter FRAME_FIFO bound to: 0 - type: integer 
WARNING: [Synth 8-7071] port 'pause_req' of module 'axis_fifo' is unconnected for instance 'tx_csum_cmd_fifo' [/home/keshav/Documents/Workspace/corundum/fpga/mqnic/ADM_PCIE_9V3/fpga_25g/rtl/common/mqnic_egress.v:90]
WARNING: [Synth 8-7071] port 'pause_ack' of module 'axis_fifo' is unconnected for instance 'tx_csum_cmd_fifo' [/home/keshav/Documents/Workspace/corundum/fpga/mqnic/ADM_PCIE_9V3/fpga_25g/rtl/common/mqnic_egress.v:90]
WARNING: [Synth 8-7071] port 'status_depth' of module 'axis_fifo' is unconnected for instance 'tx_csum_cmd_fifo' [/home/keshav/Documents/Workspace/corundum/fpga/mqnic/ADM_PCIE_9V3/fpga_25g/rtl/common/mqnic_egress.v:90]
WARNING: [Synth 8-7071] port 'status_depth_commit' of module 'axis_fifo' is unconnected for instance 'tx_csum_cmd_fifo' [/home/keshav/Documents/Workspace/corundum/fpga/mqnic/ADM_PCIE_9V3/fpga_25g/rtl/common/mqnic_egress.v:90]
WARNING: [Synth 8-7023] instance 'tx_csum_cmd_fifo' of module 'axis_fifo' has 25 connections declared, but only 21 given [/home/keshav/Documents/Workspace/corundum/fpga/mqnic/ADM_PCIE_9V3/fpga_25g/rtl/common/mqnic_egress.v:90]
	Parameter DATA_WIDTH bound to: 128 - type: integer 
	Parameter ID_ENABLE bound to: 1 - type: integer 
	Parameter ID_WIDTH bound to: 13 - type: integer 
	Parameter DEST_ENABLE bound to: 1 - type: integer 
	Parameter DEST_WIDTH bound to: 4 - type: integer 
	Parameter USER_ENABLE bound to: 1 - type: integer 
	Parameter USER_WIDTH bound to: 17 - type: integer 
	Parameter USE_INIT_VALUE bound to: 0 - type: integer 
	Parameter DATA_FIFO_DEPTH bound to: 9214 - type: integer 
	Parameter CHECKSUM_FIFO_DEPTH bound to: 64 - type: integer 
	Parameter DEPTH bound to: 9214 - type: integer 
	Parameter DATA_WIDTH bound to: 128 - type: integer 
	Parameter KEEP_ENABLE bound to: 1 - type: integer 
	Parameter KEEP_WIDTH bound to: 16 - type: integer 
	Parameter LAST_ENABLE bound to: 1 - type: integer 
	Parameter ID_ENABLE bound to: 1 - type: integer 
	Parameter ID_WIDTH bound to: 13 - type: integer 
	Parameter DEST_ENABLE bound to: 1 - type: integer 
	Parameter DEST_WIDTH bound to: 4 - type: integer 
	Parameter USER_ENABLE bound to: 1 - type: integer 
	Parameter USER_WIDTH bound to: 17 - type: integer 
	Parameter FRAME_FIFO bound to: 0 - type: integer 
WARNING: [Synth 8-7071] port 'pause_req' of module 'axis_fifo' is unconnected for instance 'data_fifo' [/home/keshav/Documents/Workspace/corundum/fpga/mqnic/ADM_PCIE_9V3/fpga_25g/rtl/common/tx_checksum.v:183]
WARNING: [Synth 8-7071] port 'pause_ack' of module 'axis_fifo' is unconnected for instance 'data_fifo' [/home/keshav/Documents/Workspace/corundum/fpga/mqnic/ADM_PCIE_9V3/fpga_25g/rtl/common/tx_checksum.v:183]
WARNING: [Synth 8-7071] port 'status_depth' of module 'axis_fifo' is unconnected for instance 'data_fifo' [/home/keshav/Documents/Workspace/corundum/fpga/mqnic/ADM_PCIE_9V3/fpga_25g/rtl/common/tx_checksum.v:183]
WARNING: [Synth 8-7071] port 'status_depth_commit' of module 'axis_fifo' is unconnected for instance 'data_fifo' [/home/keshav/Documents/Workspace/corundum/fpga/mqnic/ADM_PCIE_9V3/fpga_25g/rtl/common/tx_checksum.v:183]
WARNING: [Synth 8-7023] instance 'data_fifo' of module 'axis_fifo' has 25 connections declared, but only 21 given [/home/keshav/Documents/Workspace/corundum/fpga/mqnic/ADM_PCIE_9V3/fpga_25g/rtl/common/tx_checksum.v:183]
	Parameter DEPTH bound to: 64 - type: integer 
	Parameter DATA_WIDTH bound to: 25 - type: integer 
	Parameter KEEP_ENABLE bound to: 0 - type: integer 
	Parameter LAST_ENABLE bound to: 0 - type: integer 
	Parameter ID_ENABLE bound to: 0 - type: integer 
	Parameter DEST_ENABLE bound to: 0 - type: integer 
	Parameter USER_ENABLE bound to: 0 - type: integer 
	Parameter FRAME_FIFO bound to: 0 - type: integer 
WARNING: [Synth 8-7071] port 'pause_req' of module 'axis_fifo' is unconnected for instance 'csum_fifo' [/home/keshav/Documents/Workspace/corundum/fpga/mqnic/ADM_PCIE_9V3/fpga_25g/rtl/common/tx_checksum.v:221]
WARNING: [Synth 8-7071] port 'pause_ack' of module 'axis_fifo' is unconnected for instance 'csum_fifo' [/home/keshav/Documents/Workspace/corundum/fpga/mqnic/ADM_PCIE_9V3/fpga_25g/rtl/common/tx_checksum.v:221]
WARNING: [Synth 8-7071] port 'status_depth' of module 'axis_fifo' is unconnected for instance 'csum_fifo' [/home/keshav/Documents/Workspace/corundum/fpga/mqnic/ADM_PCIE_9V3/fpga_25g/rtl/common/tx_checksum.v:221]
WARNING: [Synth 8-7071] port 'status_depth_commit' of module 'axis_fifo' is unconnected for instance 'csum_fifo' [/home/keshav/Documents/Workspace/corundum/fpga/mqnic/ADM_PCIE_9V3/fpga_25g/rtl/common/tx_checksum.v:221]
WARNING: [Synth 8-7023] instance 'csum_fifo' of module 'axis_fifo' has 25 connections declared, but only 21 given [/home/keshav/Documents/Workspace/corundum/fpga/mqnic/ADM_PCIE_9V3/fpga_25g/rtl/common/tx_checksum.v:221]
	Parameter PORTS bound to: 1 - type: integer 
	Parameter PTP_TS_WIDTH bound to: 96 - type: integer 
	Parameter RX_QUEUE_INDEX_WIDTH bound to: 8 - type: integer 
	Parameter QUEUE_INDEX_WIDTH bound to: 13 - type: integer 
	Parameter CQN_WIDTH bound to: 14 - type: integer 
	Parameter QUEUE_PTR_WIDTH bound to: 16 - type: integer 
	Parameter LOG_QUEUE_SIZE_WIDTH bound to: 4 - type: integer 
	Parameter LOG_BLOCK_SIZE_WIDTH bound to: 2 - type: integer 
	Parameter RX_MAX_DESC_REQ bound to: 16 - type: integer 
	Parameter RX_DESC_FIFO_SIZE bound to: 128 - type: integer 
	Parameter DESC_SIZE bound to: 16 - type: integer 
	Parameter CPL_SIZE bound to: 32 - type: integer 
	Parameter AXIS_DESC_DATA_WIDTH bound to: 128 - type: integer 
	Parameter AXIS_DESC_KEEP_WIDTH bound to: 16 - type: integer 
	Parameter DESC_REQ_TAG_WIDTH bound to: 5 - type: integer 
	Parameter CPL_REQ_TAG_WIDTH bound to: 5 - type: integer 
	Parameter RX_DESC_TABLE_SIZE bound to: 32 - type: integer 
	Parameter DESC_TABLE_DMA_OP_COUNT_WIDTH bound to: 4 - type: integer 
	Parameter RX_INDIR_TBL_ADDR_WIDTH bound to: 8 - type: integer 
	Parameter PTP_TS_ENABLE bound to: 1 - type: integer 
	Parameter RX_HASH_ENABLE bound to: 1 - type: integer 
	Parameter RX_CHECKSUM_ENABLE bound to: 1 - type: integer 
	Parameter MAX_RX_SIZE bound to: 9214 - type: integer 
	Parameter RX_RAM_SIZE bound to: 131072 - type: integer 
	Parameter DMA_ADDR_WIDTH bound to: 64 - type: integer 
	Parameter DMA_LEN_WIDTH bound to: 16 - type: integer 
	Parameter DMA_TAG_WIDTH bound to: 14 - type: integer 
	Parameter RAM_ADDR_WIDTH bound to: 17 - type: integer 
	Parameter RAM_SEG_COUNT bound to: 2 - type: integer 
	Parameter RAM_SEG_DATA_WIDTH bound to: 512 - type: integer 
	Parameter RAM_SEG_BE_WIDTH bound to: 64 - type: integer 
	Parameter RAM_SEG_ADDR_WIDTH bound to: 10 - type: integer 
	Parameter RAM_PIPELINE bound to: 2 - type: integer 
	Parameter REG_ADDR_WIDTH bound to: 18 - type: integer 
	Parameter REG_DATA_WIDTH bound to: 32 - type: integer 
	Parameter REG_STRB_WIDTH bound to: 4 - type: integer 
	Parameter RB_BASE_ADDR bound to: 262400 - type: integer 
	Parameter RB_NEXT_PTR bound to: 266240 - type: integer 
	Parameter AXIL_DATA_WIDTH bound to: 32 - type: integer 
	Parameter AXIL_ADDR_WIDTH bound to: 18 - type: integer 
	Parameter AXIL_STRB_WIDTH bound to: 4 - type: integer 
	Parameter AXIL_BASE_ADDR bound to: 524288 - type: integer 
	Parameter AXIS_DATA_WIDTH bound to: 128 - type: integer 
	Parameter AXIS_KEEP_WIDTH bound to: 16 - type: integer 
	Parameter AXIS_RX_ID_WIDTH bound to: 1 - type: integer 
	Parameter AXIS_RX_DEST_WIDTH bound to: 9 - type: integer 
	Parameter AXIS_RX_USER_WIDTH bound to: 97 - type: integer 
WARNING: [Synth 8-7071] port 'pause_req' of module 'axis_fifo' is unconnected for instance 'rx_desc_fifo' [/home/keshav/Documents/Workspace/corundum/fpga/mqnic/ADM_PCIE_9V3/fpga_25g/rtl/common/mqnic_interface_rx.v:250]
WARNING: [Synth 8-7071] port 'pause_ack' of module 'axis_fifo' is unconnected for instance 'rx_desc_fifo' [/home/keshav/Documents/Workspace/corundum/fpga/mqnic/ADM_PCIE_9V3/fpga_25g/rtl/common/mqnic_interface_rx.v:250]
WARNING: [Synth 8-7071] port 'status_depth' of module 'axis_fifo' is unconnected for instance 'rx_desc_fifo' [/home/keshav/Documents/Workspace/corundum/fpga/mqnic/ADM_PCIE_9V3/fpga_25g/rtl/common/mqnic_interface_rx.v:250]
WARNING: [Synth 8-7071] port 'status_depth_commit' of module 'axis_fifo' is unconnected for instance 'rx_desc_fifo' [/home/keshav/Documents/Workspace/corundum/fpga/mqnic/ADM_PCIE_9V3/fpga_25g/rtl/common/mqnic_interface_rx.v:250]
WARNING: [Synth 8-7023] instance 'rx_desc_fifo' of module 'axis_fifo' has 25 connections declared, but only 21 given [/home/keshav/Documents/Workspace/corundum/fpga/mqnic/ADM_PCIE_9V3/fpga_25g/rtl/common/mqnic_interface_rx.v:250]
	Parameter PORTS bound to: 1 - type: integer 
	Parameter RAM_ADDR_WIDTH bound to: 17 - type: integer 
	Parameter DMA_ADDR_WIDTH bound to: 64 - type: integer 
	Parameter DMA_LEN_WIDTH bound to: 16 - type: integer 
	Parameter DMA_CLIENT_LEN_WIDTH bound to: 16 - type: integer 
	Parameter REQ_TAG_WIDTH bound to: 5 - type: integer 
	Parameter DESC_REQ_TAG_WIDTH bound to: 5 - type: integer 
	Parameter CPL_REQ_TAG_WIDTH bound to: 5 - type: integer 
	Parameter DMA_TAG_WIDTH bound to: 14 - type: integer 
	Parameter DMA_CLIENT_TAG_WIDTH bound to: 5 - type: integer 
	Parameter QUEUE_INDEX_WIDTH bound to: 8 - type: integer 
	Parameter QUEUE_PTR_WIDTH bound to: 16 - type: integer 
	Parameter CQN_WIDTH bound to: 14 - type: integer 
	Parameter DESC_TABLE_SIZE bound to: 32 - type: integer 
	Parameter DESC_TABLE_DMA_OP_COUNT_WIDTH bound to: 4 - type: integer 
	Parameter INDIR_TBL_ADDR_WIDTH bound to: 8 - type: integer 
	Parameter MAX_RX_SIZE bound to: 9214 - type: integer 
	Parameter RX_BUFFER_OFFSET bound to: 0 - type: integer 
	Parameter RX_BUFFER_SIZE bound to: 131072 - type: integer 
	Parameter RX_BUFFER_STEP_SIZE bound to: 128 - type: integer 
	Parameter DESC_SIZE bound to: 16 - type: integer 
	Parameter CPL_SIZE bound to: 32 - type: integer 
	Parameter MAX_DESC_REQ bound to: 16 - type: integer 
	Parameter AXIS_DESC_DATA_WIDTH bound to: 128 - type: integer 
	Parameter AXIS_DESC_KEEP_WIDTH bound to: 16 - type: integer 
	Parameter PTP_TS_ENABLE bound to: 1 - type: integer 
	Parameter PTP_TS_WIDTH bound to: 96 - type: integer 
	Parameter RX_HASH_ENABLE bound to: 1 - type: integer 
	Parameter RX_CHECKSUM_ENABLE bound to: 1 - type: integer 
	Parameter REG_ADDR_WIDTH bound to: 18 - type: integer 
	Parameter REG_DATA_WIDTH bound to: 32 - type: integer 
	Parameter REG_STRB_WIDTH bound to: 4 - type: integer 
	Parameter RB_BASE_ADDR bound to: 262400 - type: integer 
	Parameter RB_NEXT_PTR bound to: 266240 - type: integer 
	Parameter AXIL_DATA_WIDTH bound to: 32 - type: integer 
	Parameter AXIL_ADDR_WIDTH bound to: 18 - type: integer 
	Parameter AXIL_STRB_WIDTH bound to: 4 - type: integer 
	Parameter AXIL_BASE_ADDR bound to: 524288 - type: integer 
	Parameter AXIS_RX_ID_WIDTH bound to: 1 - type: integer 
	Parameter AXIS_RX_DEST_WIDTH bound to: 9 - type: integer 
	Parameter AXIS_RX_USER_WIDTH bound to: 133 - type: integer 
	Parameter PORTS bound to: 1 - type: integer 
	Parameter QUEUE_INDEX_WIDTH bound to: 8 - type: integer 
	Parameter INDIR_TBL_ADDR_WIDTH bound to: 8 - type: integer 
	Parameter ID_WIDTH bound to: 1 - type: integer 
	Parameter DEST_WIDTH bound to: 9 - type: integer 
	Parameter HASH_WIDTH bound to: 32 - type: integer 
	Parameter TAG_WIDTH bound to: 6 - type: integer 
	Parameter REG_ADDR_WIDTH bound to: 18 - type: integer 
	Parameter REG_DATA_WIDTH bound to: 32 - type: integer 
	Parameter REG_STRB_WIDTH bound to: 4 - type: integer 
	Parameter RB_BASE_ADDR bound to: 262400 - type: integer 
	Parameter RB_NEXT_PTR bound to: 266240 - type: integer 
	Parameter AXIL_DATA_WIDTH bound to: 32 - type: integer 
	Parameter AXIL_ADDR_WIDTH bound to: 18 - type: integer 
	Parameter AXIL_STRB_WIDTH bound to: 4 - type: integer 
	Parameter AXIL_BASE_ADDR bound to: 524288 - type: integer 
WARNING: [Synth 8-689] width (133) of port connection 'req_hash' does not match port width (32) of module 'mqnic_rx_queue_map' [/home/keshav/Documents/Workspace/corundum/fpga/mqnic/ADM_PCIE_9V3/fpga_25g/rtl/common/rx_engine.v:557]
WARNING: [Synth 8-689] width (5) of port connection 'req_tag' does not match port width (6) of module 'mqnic_rx_queue_map' [/home/keshav/Documents/Workspace/corundum/fpga/mqnic/ADM_PCIE_9V3/fpga_25g/rtl/common/rx_engine.v:558]
WARNING: [Synth 8-689] width (13) of port connection 'm_axis_desc_req_queue' does not match port width (8) of module 'rx_engine' [/home/keshav/Documents/Workspace/corundum/fpga/mqnic/ADM_PCIE_9V3/fpga_25g/rtl/common/mqnic_interface_rx.v:432]
WARNING: [Synth 8-689] width (13) of port connection 's_axis_desc_req_status_queue' does not match port width (8) of module 'rx_engine' [/home/keshav/Documents/Workspace/corundum/fpga/mqnic/ADM_PCIE_9V3/fpga_25g/rtl/common/mqnic_interface_rx.v:440]
	Parameter SIZE bound to: 131072 - type: integer 
	Parameter SEG_COUNT bound to: 2 - type: integer 
	Parameter SEG_DATA_WIDTH bound to: 512 - type: integer 
	Parameter SEG_BE_WIDTH bound to: 64 - type: integer 
	Parameter SEG_ADDR_WIDTH bound to: 10 - type: integer 
	Parameter PIPELINE bound to: 2 - type: integer 
	Parameter REQ_TAG_WIDTH bound to: 5 - type: integer 
	Parameter RX_QUEUE_INDEX_WIDTH bound to: 8 - type: integer 
	Parameter RX_HASH_ENABLE bound to: 1 - type: integer 
	Parameter RX_CHECKSUM_ENABLE bound to: 1 - type: integer 
	Parameter AXIS_DATA_WIDTH bound to: 128 - type: integer 
	Parameter AXIS_KEEP_WIDTH bound to: 16 - type: integer 
	Parameter AXIS_ID_WIDTH bound to: 1 - type: integer 
	Parameter AXIS_DEST_WIDTH bound to: 9 - type: integer 
	Parameter S_AXIS_USER_WIDTH bound to: 97 - type: integer 
	Parameter M_AXIS_USER_WIDTH bound to: 133 - type: integer 
	Parameter MAX_RX_SIZE bound to: 9214 - type: integer 
	Parameter DATA_WIDTH bound to: 128 - type: integer 
	Parameter DEPTH bound to: 32 - type: integer 
	Parameter DATA_WIDTH bound to: 36 - type: integer 
	Parameter KEEP_ENABLE bound to: 0 - type: integer 
	Parameter LAST_ENABLE bound to: 0 - type: integer 
	Parameter ID_ENABLE bound to: 0 - type: integer 
	Parameter DEST_ENABLE bound to: 0 - type: integer 
	Parameter USER_ENABLE bound to: 0 - type: integer 
	Parameter FRAME_FIFO bound to: 0 - type: integer 
WARNING: [Synth 8-7071] port 'pause_req' of module 'axis_fifo' is unconnected for instance 'rx_hash_fifo' [/home/keshav/Documents/Workspace/corundum/fpga/mqnic/ADM_PCIE_9V3/fpga_25g/rtl/common/mqnic_ingress.v:123]
WARNING: [Synth 8-7071] port 'pause_ack' of module 'axis_fifo' is unconnected for instance 'rx_hash_fifo' [/home/keshav/Documents/Workspace/corundum/fpga/mqnic/ADM_PCIE_9V3/fpga_25g/rtl/common/mqnic_ingress.v:123]
WARNING: [Synth 8-7071] port 'status_depth' of module 'axis_fifo' is unconnected for instance 'rx_hash_fifo' [/home/keshav/Documents/Workspace/corundum/fpga/mqnic/ADM_PCIE_9V3/fpga_25g/rtl/common/mqnic_ingress.v:123]
WARNING: [Synth 8-7071] port 'status_depth_commit' of module 'axis_fifo' is unconnected for instance 'rx_hash_fifo' [/home/keshav/Documents/Workspace/corundum/fpga/mqnic/ADM_PCIE_9V3/fpga_25g/rtl/common/mqnic_ingress.v:123]
WARNING: [Synth 8-7023] instance 'rx_hash_fifo' of module 'axis_fifo' has 25 connections declared, but only 21 given [/home/keshav/Documents/Workspace/corundum/fpga/mqnic/ADM_PCIE_9V3/fpga_25g/rtl/common/mqnic_ingress.v:123]
	Parameter DATA_WIDTH bound to: 128 - type: integer 
	Parameter DEPTH bound to: 32 - type: integer 
	Parameter DATA_WIDTH bound to: 16 - type: integer 
	Parameter KEEP_ENABLE bound to: 0 - type: integer 
	Parameter LAST_ENABLE bound to: 0 - type: integer 
	Parameter ID_ENABLE bound to: 0 - type: integer 
	Parameter DEST_ENABLE bound to: 0 - type: integer 
	Parameter USER_ENABLE bound to: 0 - type: integer 
	Parameter FRAME_FIFO bound to: 0 - type: integer 
WARNING: [Synth 8-7071] port 'pause_req' of module 'axis_fifo' is unconnected for instance 'rx_csum_fifo' [/home/keshav/Documents/Workspace/corundum/fpga/mqnic/ADM_PCIE_9V3/fpga_25g/rtl/common/mqnic_ingress.v:190]
WARNING: [Synth 8-7071] port 'pause_ack' of module 'axis_fifo' is unconnected for instance 'rx_csum_fifo' [/home/keshav/Documents/Workspace/corundum/fpga/mqnic/ADM_PCIE_9V3/fpga_25g/rtl/common/mqnic_ingress.v:190]
WARNING: [Synth 8-7071] port 'status_depth' of module 'axis_fifo' is unconnected for instance 'rx_csum_fifo' [/home/keshav/Documents/Workspace/corundum/fpga/mqnic/ADM_PCIE_9V3/fpga_25g/rtl/common/mqnic_ingress.v:190]
WARNING: [Synth 8-7071] port 'status_depth_commit' of module 'axis_fifo' is unconnected for instance 'rx_csum_fifo' [/home/keshav/Documents/Workspace/corundum/fpga/mqnic/ADM_PCIE_9V3/fpga_25g/rtl/common/mqnic_ingress.v:190]
WARNING: [Synth 8-7023] instance 'rx_csum_fifo' of module 'axis_fifo' has 25 connections declared, but only 21 given [/home/keshav/Documents/Workspace/corundum/fpga/mqnic/ADM_PCIE_9V3/fpga_25g/rtl/common/mqnic_ingress.v:190]
	Parameter DEPTH bound to: 512 - type: integer 
	Parameter DATA_WIDTH bound to: 128 - type: integer 
	Parameter KEEP_ENABLE bound to: 1'b1 
	Parameter KEEP_WIDTH bound to: 16 - type: integer 
	Parameter LAST_ENABLE bound to: 1 - type: integer 
	Parameter ID_ENABLE bound to: 1 - type: integer 
	Parameter ID_WIDTH bound to: 1 - type: integer 
	Parameter DEST_ENABLE bound to: 1 - type: integer 
	Parameter DEST_WIDTH bound to: 9 - type: integer 
	Parameter USER_ENABLE bound to: 1 - type: integer 
	Parameter USER_WIDTH bound to: 97 - type: integer 
	Parameter FRAME_FIFO bound to: 0 - type: integer 
WARNING: [Synth 8-7071] port 'pause_req' of module 'axis_fifo' is unconnected for instance 'rx_hash_data_fifo' [/home/keshav/Documents/Workspace/corundum/fpga/mqnic/ADM_PCIE_9V3/fpga_25g/rtl/common/mqnic_ingress.v:252]
WARNING: [Synth 8-7071] port 'pause_ack' of module 'axis_fifo' is unconnected for instance 'rx_hash_data_fifo' [/home/keshav/Documents/Workspace/corundum/fpga/mqnic/ADM_PCIE_9V3/fpga_25g/rtl/common/mqnic_ingress.v:252]
WARNING: [Synth 8-7071] port 'status_depth' of module 'axis_fifo' is unconnected for instance 'rx_hash_data_fifo' [/home/keshav/Documents/Workspace/corundum/fpga/mqnic/ADM_PCIE_9V3/fpga_25g/rtl/common/mqnic_ingress.v:252]
WARNING: [Synth 8-7071] port 'status_depth_commit' of module 'axis_fifo' is unconnected for instance 'rx_hash_data_fifo' [/home/keshav/Documents/Workspace/corundum/fpga/mqnic/ADM_PCIE_9V3/fpga_25g/rtl/common/mqnic_ingress.v:252]
WARNING: [Synth 8-7023] instance 'rx_hash_data_fifo' of module 'axis_fifo' has 25 connections declared, but only 21 given [/home/keshav/Documents/Workspace/corundum/fpga/mqnic/ADM_PCIE_9V3/fpga_25g/rtl/common/mqnic_ingress.v:252]
	Parameter RAM_ADDR_WIDTH bound to: 17 - type: integer 
	Parameter SEG_COUNT bound to: 2 - type: integer 
	Parameter SEG_DATA_WIDTH bound to: 512 - type: integer 
	Parameter SEG_BE_WIDTH bound to: 64 - type: integer 
	Parameter SEG_ADDR_WIDTH bound to: 10 - type: integer 
	Parameter AXIS_DATA_WIDTH bound to: 128 - type: integer 
	Parameter AXIS_KEEP_ENABLE bound to: 1'b1 
	Parameter AXIS_KEEP_WIDTH bound to: 16 - type: integer 
	Parameter AXIS_LAST_ENABLE bound to: 1 - type: integer 
	Parameter AXIS_ID_ENABLE bound to: 1 - type: integer 
	Parameter AXIS_ID_WIDTH bound to: 1 - type: integer 
	Parameter AXIS_DEST_ENABLE bound to: 1 - type: integer 
	Parameter AXIS_DEST_WIDTH bound to: 9 - type: integer 
	Parameter AXIS_USER_ENABLE bound to: 1 - type: integer 
	Parameter AXIS_USER_WIDTH bound to: 133 - type: integer 
	Parameter LEN_WIDTH bound to: 16 - type: integer 
	Parameter TAG_WIDTH bound to: 5 - type: integer 
INFO: [Synth 8-155] case statement is not full and has no default [/home/keshav/Documents/Workspace/corundum/fpga/mqnic/ADM_PCIE_9V3/fpga_25g/lib/pcie/rtl/dma_client_axis_sink.v:314]
WARNING: [Synth 8-689] width (23) of port connection 's_axil_awaddr' does not match port width (18) of module 'mqnic_interface_rx' [/home/keshav/Documents/Workspace/corundum/fpga/mqnic/ADM_PCIE_9V3/fpga_25g/rtl/common/mqnic_interface.v:2745]
WARNING: [Synth 8-689] width (23) of port connection 's_axil_araddr' does not match port width (18) of module 'mqnic_interface_rx' [/home/keshav/Documents/Workspace/corundum/fpga/mqnic/ADM_PCIE_9V3/fpga_25g/rtl/common/mqnic_interface.v:2756]
	Parameter FIFO_DEPTH bound to: 32768 - type: integer 
	Parameter FIFO_DEPTH_WIDTH bound to: 16 - type: integer 
	Parameter PORTS bound to: 1 - type: integer 
	Parameter S_DATA_WIDTH bound to: 128 - type: integer 
	Parameter S_KEEP_ENABLE bound to: 1'b1 
	Parameter S_KEEP_WIDTH bound to: 16 - type: integer 
	Parameter M_DATA_WIDTH bound to: 128 - type: integer 
	Parameter M_KEEP_ENABLE bound to: 1'b1 
	Parameter M_KEEP_WIDTH bound to: 16 - type: integer 
	Parameter ID_ENABLE bound to: 1 - type: integer 
	Parameter ID_WIDTH bound to: 13 - type: integer 
	Parameter M_DEST_WIDTH bound to: 4 - type: integer 
	Parameter S_DEST_WIDTH bound to: 4 - type: integer 
	Parameter USER_ENABLE bound to: 1 - type: integer 
	Parameter USER_WIDTH bound to: 17 - type: integer 
	Parameter RAM_PIPELINE bound to: 2 - type: integer 
	Parameter DEPTH bound to: 32768 - type: integer 
	Parameter S_DATA_WIDTH bound to: 128 - type: integer 
	Parameter S_KEEP_ENABLE bound to: 1'b1 
	Parameter S_KEEP_WIDTH bound to: 16 - type: integer 
	Parameter M_DATA_WIDTH bound to: 128 - type: integer 
	Parameter M_KEEP_ENABLE bound to: 1'b1 
	Parameter M_KEEP_WIDTH bound to: 16 - type: integer 
	Parameter ID_ENABLE bound to: 1 - type: integer 
	Parameter ID_WIDTH bound to: 13 - type: integer 
	Parameter DEST_ENABLE bound to: 1 - type: integer 
	Parameter DEST_WIDTH bound to: 4 - type: integer 
	Parameter USER_ENABLE bound to: 1 - type: integer 
	Parameter USER_WIDTH bound to: 17 - type: integer 
	Parameter RAM_PIPELINE bound to: 2 - type: integer 
	Parameter FRAME_FIFO bound to: 1 - type: integer 
	Parameter USER_BAD_FRAME_VALUE bound to: 1'b1 
	Parameter USER_BAD_FRAME_MASK bound to: 1'b1 
	Parameter DROP_OVERSIZE_FRAME bound to: 1 - type: integer 
	Parameter DROP_BAD_FRAME bound to: 1 - type: integer 
	Parameter DROP_WHEN_FULL bound to: 0 - type: integer 
	Parameter MARK_WHEN_FULL bound to: 0 - type: integer 
	Parameter PAUSE_ENABLE bound to: 0 - type: integer 
	Parameter FRAME_PAUSE bound to: 1 - type: integer 
	Parameter DEPTH bound to: 32768 - type: integer 
	Parameter DATA_WIDTH bound to: 128 - type: integer 
	Parameter KEEP_ENABLE bound to: 1'b1 
	Parameter KEEP_WIDTH bound to: 16 - type: integer 
	Parameter LAST_ENABLE bound to: 1 - type: integer 
	Parameter ID_ENABLE bound to: 1 - type: integer 
	Parameter ID_WIDTH bound to: 13 - type: integer 
	Parameter DEST_ENABLE bound to: 1 - type: integer 
	Parameter DEST_WIDTH bound to: 4 - type: integer 
	Parameter USER_ENABLE bound to: 1 - type: integer 
	Parameter USER_WIDTH bound to: 17 - type: integer 
	Parameter RAM_PIPELINE bound to: 2 - type: integer 
	Parameter OUTPUT_FIFO_ENABLE bound to: 0 - type: integer 
	Parameter FRAME_FIFO bound to: 1 - type: integer 
	Parameter USER_BAD_FRAME_VALUE bound to: 1'b1 
	Parameter USER_BAD_FRAME_MASK bound to: 1'b1 
	Parameter DROP_OVERSIZE_FRAME bound to: 1 - type: integer 
	Parameter DROP_BAD_FRAME bound to: 1 - type: integer 
	Parameter DROP_WHEN_FULL bound to: 0 - type: integer 
	Parameter MARK_WHEN_FULL bound to: 0 - type: integer 
	Parameter PAUSE_ENABLE bound to: 0 - type: integer 
	Parameter FRAME_PAUSE bound to: 1 - type: integer 
WARNING: [Synth 8-689] width (17) of port connection 'status_depth' does not match port width (16) of module 'tx_fifo' [/home/keshav/Documents/Workspace/corundum/fpga/mqnic/ADM_PCIE_9V3/fpga_25g/rtl/common/mqnic_interface.v:3061]
	Parameter FIFO_DEPTH bound to: 65536 - type: integer 
	Parameter FIFO_DEPTH_WIDTH bound to: 17 - type: integer 
	Parameter PORTS bound to: 1 - type: integer 
	Parameter S_DATA_WIDTH bound to: 128 - type: integer 
	Parameter S_KEEP_ENABLE bound to: 1'b1 
	Parameter S_KEEP_WIDTH bound to: 16 - type: integer 
	Parameter M_DATA_WIDTH bound to: 128 - type: integer 
	Parameter M_KEEP_ENABLE bound to: 1'b1 
	Parameter M_KEEP_WIDTH bound to: 16 - type: integer 
	Parameter ID_ENABLE bound to: 1 - type: integer 
	Parameter M_ID_WIDTH bound to: 1 - type: integer 
	Parameter DEST_WIDTH bound to: 9 - type: integer 
	Parameter USER_ENABLE bound to: 1 - type: integer 
	Parameter USER_WIDTH bound to: 97 - type: integer 
	Parameter RAM_PIPELINE bound to: 2 - type: integer 
	Parameter DEPTH bound to: 65536 - type: integer 
	Parameter S_DATA_WIDTH bound to: 128 - type: integer 
	Parameter S_KEEP_ENABLE bound to: 1'b1 
	Parameter S_KEEP_WIDTH bound to: 16 - type: integer 
	Parameter M_DATA_WIDTH bound to: 128 - type: integer 
	Parameter M_KEEP_ENABLE bound to: 1'b1 
	Parameter M_KEEP_WIDTH bound to: 16 - type: integer 
	Parameter ID_ENABLE bound to: 1 - type: integer 
	Parameter ID_WIDTH bound to: 1 - type: integer 
	Parameter DEST_ENABLE bound to: 0 - type: integer 
	Parameter DEST_WIDTH bound to: 9 - type: integer 
	Parameter USER_ENABLE bound to: 1 - type: integer 
	Parameter USER_WIDTH bound to: 97 - type: integer 
	Parameter RAM_PIPELINE bound to: 2 - type: integer 
	Parameter FRAME_FIFO bound to: 1 - type: integer 
	Parameter USER_BAD_FRAME_VALUE bound to: 1'b1 
	Parameter USER_BAD_FRAME_MASK bound to: 1'b1 
	Parameter DROP_OVERSIZE_FRAME bound to: 1 - type: integer 
	Parameter DROP_BAD_FRAME bound to: 1 - type: integer 
	Parameter DROP_WHEN_FULL bound to: 0 - type: integer 
	Parameter MARK_WHEN_FULL bound to: 0 - type: integer 
	Parameter PAUSE_ENABLE bound to: 0 - type: integer 
	Parameter FRAME_PAUSE bound to: 1 - type: integer 
	Parameter DEPTH bound to: 65536 - type: integer 
	Parameter DATA_WIDTH bound to: 128 - type: integer 
	Parameter KEEP_ENABLE bound to: 1'b1 
	Parameter KEEP_WIDTH bound to: 16 - type: integer 
	Parameter LAST_ENABLE bound to: 1 - type: integer 
	Parameter ID_ENABLE bound to: 1 - type: integer 
	Parameter ID_WIDTH bound to: 1 - type: integer 
	Parameter DEST_ENABLE bound to: 0 - type: integer 
	Parameter DEST_WIDTH bound to: 9 - type: integer 
	Parameter USER_ENABLE bound to: 1 - type: integer 
	Parameter USER_WIDTH bound to: 97 - type: integer 
	Parameter RAM_PIPELINE bound to: 2 - type: integer 
	Parameter OUTPUT_FIFO_ENABLE bound to: 0 - type: integer 
	Parameter FRAME_FIFO bound to: 1 - type: integer 
	Parameter USER_BAD_FRAME_VALUE bound to: 1'b1 
	Parameter USER_BAD_FRAME_MASK bound to: 1'b1 
	Parameter DROP_OVERSIZE_FRAME bound to: 1 - type: integer 
	Parameter DROP_BAD_FRAME bound to: 1 - type: integer 
	Parameter DROP_WHEN_FULL bound to: 0 - type: integer 
	Parameter MARK_WHEN_FULL bound to: 0 - type: integer 
	Parameter PAUSE_ENABLE bound to: 0 - type: integer 
	Parameter FRAME_PAUSE bound to: 1 - type: integer 
WARNING: [Synth 8-689] width (24) of port connection 's_axil_awaddr' does not match port width (23) of module 'mqnic_interface' [/home/keshav/Documents/Workspace/corundum/fpga/mqnic/ADM_PCIE_9V3/fpga_25g/rtl/common/mqnic_core.v:3240]
WARNING: [Synth 8-689] width (24) of port connection 's_axil_araddr' does not match port width (23) of module 'mqnic_interface' [/home/keshav/Documents/Workspace/corundum/fpga/mqnic/ADM_PCIE_9V3/fpga_25g/rtl/common/mqnic_core.v:3251]
WARNING: [Synth 8-689] width (18) of port connection 'm_axil_csr_awaddr' does not match port width (23) of module 'mqnic_interface' [/home/keshav/Documents/Workspace/corundum/fpga/mqnic/ADM_PCIE_9V3/fpga_25g/rtl/common/mqnic_core.v:3263]
WARNING: [Synth 8-689] width (18) of port connection 'm_axil_csr_araddr' does not match port width (23) of module 'mqnic_interface' [/home/keshav/Documents/Workspace/corundum/fpga/mqnic/ADM_PCIE_9V3/fpga_25g/rtl/common/mqnic_core.v:3274]
WARNING: [Synth 8-689] width (24) of port connection 's_axil_awaddr' does not match port width (23) of module 'mqnic_interface' [/home/keshav/Documents/Workspace/corundum/fpga/mqnic/ADM_PCIE_9V3/fpga_25g/rtl/common/mqnic_core.v:3240]
WARNING: [Synth 8-689] width (24) of port connection 's_axil_araddr' does not match port width (23) of module 'mqnic_interface' [/home/keshav/Documents/Workspace/corundum/fpga/mqnic/ADM_PCIE_9V3/fpga_25g/rtl/common/mqnic_core.v:3251]
WARNING: [Synth 8-689] width (18) of port connection 'm_axil_csr_awaddr' does not match port width (23) of module 'mqnic_interface' [/home/keshav/Documents/Workspace/corundum/fpga/mqnic/ADM_PCIE_9V3/fpga_25g/rtl/common/mqnic_core.v:3263]
WARNING: [Synth 8-689] width (18) of port connection 'm_axil_csr_araddr' does not match port width (23) of module 'mqnic_interface' [/home/keshav/Documents/Workspace/corundum/fpga/mqnic/ADM_PCIE_9V3/fpga_25g/rtl/common/mqnic_core.v:3274]
	Parameter PTP_CLK_PERIOD_NS_NUM bound to: 1024 - type: integer 
	Parameter PTP_CLK_PERIOD_NS_DENOM bound to: 165 - type: integer 
	Parameter PTP_CLOCK_CDC_PIPELINE bound to: 0 - type: integer 
	Parameter PTP_PEROUT_ENABLE bound to: 0 - type: integer 
	Parameter PTP_PEROUT_COUNT bound to: 1 - type: integer 
	Parameter REG_ADDR_WIDTH bound to: 24 - type: integer 
	Parameter REG_DATA_WIDTH bound to: 32 - type: integer 
	Parameter REG_STRB_WIDTH bound to: 4 - type: integer 
	Parameter RB_BASE_ADDR bound to: 256 - type: integer 
	Parameter RB_NEXT_PTR bound to: 512 - type: integer 
	Parameter PTP_CLK_PERIOD_NS_NUM bound to: 1024 - type: integer 
	Parameter PTP_CLK_PERIOD_NS_DENOM bound to: 165 - type: integer 
	Parameter PTP_CLOCK_CDC_PIPELINE bound to: 0 - type: integer 
	Parameter REG_ADDR_WIDTH bound to: 24 - type: integer 
	Parameter REG_DATA_WIDTH bound to: 32 - type: integer 
	Parameter REG_STRB_WIDTH bound to: 4 - type: integer 
	Parameter RB_BASE_ADDR bound to: 256 - type: integer 
	Parameter RB_NEXT_PTR bound to: 512 - type: integer 
	Parameter PERIOD_NS_NUM bound to: 1024 - type: integer 
	Parameter PERIOD_NS_DENOM bound to: 165 - type: integer 
INFO: [Synth 8-226] default block is never used [/home/keshav/Documents/Workspace/corundum/fpga/mqnic/ADM_PCIE_9V3/fpga_25g/lib/eth/rtl/ptp_td_phc.v:270]
INFO: [Synth 8-155] case statement is not full and has no default [/home/keshav/Documents/Workspace/corundum/fpga/mqnic/ADM_PCIE_9V3/fpga_25g/lib/eth/rtl/ptp_td_phc.v:522]
	Parameter TS_REL_EN bound to: 1 - type: integer 
	Parameter TS_TOD_EN bound to: 1 - type: integer 
	Parameter TS_FNS_W bound to: 16 - type: integer 
	Parameter TS_REL_NS_W bound to: 48 - type: integer 
	Parameter TS_TOD_S_W bound to: 48 - type: integer 
	Parameter TS_REL_W bound to: 64 - type: integer 
	Parameter TS_TOD_W bound to: 96 - type: integer 
	Parameter TD_SDI_PIPELINE bound to: 0 - type: integer 
INFO: [Synth 8-226] default block is never used [/home/keshav/Documents/Workspace/corundum/fpga/mqnic/ADM_PCIE_9V3/fpga_25g/lib/eth/rtl/ptp_td_leaf.v:430]
INFO: [Synth 8-226] default block is never used [/home/keshav/Documents/Workspace/corundum/fpga/mqnic/ADM_PCIE_9V3/fpga_25g/lib/eth/rtl/ptp_td_leaf.v:858]
WARNING: [Synth 8-689] width (18) of port connection 'reg_wr_addr' does not match port width (24) of module 'mqnic_ptp' [/home/keshav/Documents/Workspace/corundum/fpga/mqnic/ADM_PCIE_9V3/fpga_25g/rtl/common/mqnic_core.v:844]
WARNING: [Synth 8-689] width (18) of port connection 'reg_rd_addr' does not match port width (24) of module 'mqnic_ptp' [/home/keshav/Documents/Workspace/corundum/fpga/mqnic/ADM_PCIE_9V3/fpga_25g/rtl/common/mqnic_core.v:850]
WARNING: [Synth 8-689] width (97) of port connection 'ptp_sync_ts_tod' does not match port width (96) of module 'mqnic_ptp' [/home/keshav/Documents/Workspace/corundum/fpga/mqnic/ADM_PCIE_9V3/fpga_25g/rtl/common/mqnic_core.v:868]
	Parameter CLK_PERIOD_NS_NUM bound to: 4 - type: integer 
	Parameter CLK_PERIOD_NS_DENOM bound to: 1 - type: integer 
	Parameter REF_CLK_PERIOD_NS_NUM bound to: 1024 - type: integer 
	Parameter REF_CLK_PERIOD_NS_DENOM bound to: 165 - type: integer 
	Parameter CH_CNT bound to: 4 - type: integer 
	Parameter REG_ADDR_WIDTH bound to: 24 - type: integer 
	Parameter REG_DATA_WIDTH bound to: 32 - type: integer 
	Parameter REG_STRB_WIDTH bound to: 4 - type: integer 
	Parameter RB_BASE_ADDR bound to: 512 - type: integer 
	Parameter RB_NEXT_PTR bound to: 16'b0001000000000000 
WARNING: [Synth 8-689] width (18) of port connection 'reg_wr_addr' does not match port width (24) of module 'mqnic_rb_clk_info' [/home/keshav/Documents/Workspace/corundum/fpga/mqnic/ADM_PCIE_9V3/fpga_25g/rtl/common/mqnic_core.v:900]
WARNING: [Synth 8-689] width (18) of port connection 'reg_rd_addr' does not match port width (24) of module 'mqnic_rb_clk_info' [/home/keshav/Documents/Workspace/corundum/fpga/mqnic/ADM_PCIE_9V3/fpga_25g/rtl/common/mqnic_core.v:906]
	Parameter S_COUNT bound to: 1 - type: integer 
	Parameter M_COUNT bound to: 2 - type: integer 
	Parameter DATA_WIDTH bound to: 32 - type: integer 
	Parameter ADDR_WIDTH bound to: 24 - type: integer 
	Parameter M_BASE_ADDR bound to: 0 - type: integer 
	Parameter M_ADDR_WIDTH bound to: 64'b0000000000000000000000000001011100000000000000000000000000010111 
	Parameter M_CONNECT_READ bound to: 2'b11 
	Parameter M_CONNECT_WRITE bound to: 2'b11 
	Parameter S_COUNT bound to: 1 - type: integer 
	Parameter M_COUNT bound to: 2 - type: integer 
	Parameter DATA_WIDTH bound to: 32 - type: integer 
	Parameter ADDR_WIDTH bound to: 24 - type: integer 
	Parameter STRB_WIDTH bound to: 4 - type: integer 
	Parameter S_ACCEPT bound to: 16 - type: integer 
	Parameter M_REGIONS bound to: 1 - type: integer 
	Parameter M_BASE_ADDR bound to: 0 - type: integer 
	Parameter M_ADDR_WIDTH bound to: 64'b0000000000000000000000000001011100000000000000000000000000010111 
	Parameter M_CONNECT bound to: 2'b11 
	Parameter M_ISSUE bound to: 64'b0000000000000000000000000001000000000000000000000000000000010000 
	Parameter M_SECURE bound to: 2'b00 
	Parameter S_AW_REG_TYPE bound to: 2'b00 
	Parameter S_W_REG_TYPE bound to: 2'b00 
	Parameter S_B_REG_TYPE bound to: 2'b01 
	Parameter S bound to: 0 - type: integer 
	Parameter S_COUNT bound to: 1 - type: integer 
	Parameter M_COUNT bound to: 2 - type: integer 
	Parameter ADDR_WIDTH bound to: 24 - type: integer 
	Parameter M_REGIONS bound to: 1 - type: integer 
	Parameter M_BASE_ADDR bound to: 0 - type: integer 
	Parameter M_ADDR_WIDTH bound to: 64'b0000000000000000000000000001011100000000000000000000000000010111 
	Parameter M_CONNECT bound to: 2'b11 
	Parameter M_SECURE bound to: 2'b00 
	Parameter WC_OUTPUT bound to: 1 - type: integer 
INFO: [Synth 8-251] Addressing configuration for axil_crossbar_addr instance  [/home/keshav/Documents/Workspace/corundum/fpga/mqnic/ADM_PCIE_9V3/fpga_25g/lib/axi/rtl/axil_crossbar_addr.v:144]
INFO: [Synth 8-251] 0 (0): 0 / 23 -- 0-7fffff [/home/keshav/Documents/Workspace/corundum/fpga/mqnic/ADM_PCIE_9V3/fpga_25g/lib/axi/rtl/axil_crossbar_addr.v:147]
INFO: [Synth 8-251] 1 (0): 800000 / 23 -- 800000-ffffff [/home/keshav/Documents/Workspace/corundum/fpga/mqnic/ADM_PCIE_9V3/fpga_25g/lib/axi/rtl/axil_crossbar_addr.v:147]
INFO: [Synth 8-155] case statement is not full and has no default [/home/keshav/Documents/Workspace/corundum/fpga/mqnic/ADM_PCIE_9V3/fpga_25g/lib/axi/rtl/axil_crossbar_addr.v:242]
	Parameter DATA_WIDTH bound to: 32 - type: integer 
	Parameter ADDR_WIDTH bound to: 24 - type: integer 
	Parameter STRB_WIDTH bound to: 4 - type: integer 
	Parameter AW_REG_TYPE bound to: 2'b00 
	Parameter W_REG_TYPE bound to: 2'b00 
	Parameter B_REG_TYPE bound to: 2'b01 
	Parameter DATA_WIDTH bound to: 32 - type: integer 
	Parameter ADDR_WIDTH bound to: 24 - type: integer 
	Parameter STRB_WIDTH bound to: 4 - type: integer 
	Parameter AW_REG_TYPE bound to: 2'b01 
	Parameter W_REG_TYPE bound to: 2'b10 
	Parameter B_REG_TYPE bound to: 2'b00 
	Parameter S_COUNT bound to: 1 - type: integer 
	Parameter M_COUNT bound to: 2 - type: integer 
	Parameter DATA_WIDTH bound to: 32 - type: integer 
	Parameter ADDR_WIDTH bound to: 24 - type: integer 
	Parameter STRB_WIDTH bound to: 4 - type: integer 
	Parameter S_ACCEPT bound to: 16 - type: integer 
	Parameter M_REGIONS bound to: 1 - type: integer 
	Parameter M_BASE_ADDR bound to: 0 - type: integer 
	Parameter M_ADDR_WIDTH bound to: 64'b0000000000000000000000000001011100000000000000000000000000010111 
	Parameter M_CONNECT bound to: 2'b11 
	Parameter M_ISSUE bound to: 64'b0000000000000000000000000001000000000000000000000000000000010000 
	Parameter M_SECURE bound to: 2'b00 
	Parameter S_AR_REG_TYPE bound to: 2'b00 
	Parameter S_R_REG_TYPE bound to: 2'b10 
	Parameter S bound to: 0 - type: integer 
	Parameter S_COUNT bound to: 1 - type: integer 
	Parameter M_COUNT bound to: 2 - type: integer 
	Parameter ADDR_WIDTH bound to: 24 - type: integer 
	Parameter M_REGIONS bound to: 1 - type: integer 
	Parameter M_BASE_ADDR bound to: 0 - type: integer 
	Parameter M_ADDR_WIDTH bound to: 64'b0000000000000000000000000001011100000000000000000000000000010111 
	Parameter M_CONNECT bound to: 2'b11 
	Parameter M_SECURE bound to: 2'b00 
	Parameter WC_OUTPUT bound to: 0 - type: integer 
INFO: [Synth 8-251] Addressing configuration for axil_crossbar_addr instance  [/home/keshav/Documents/Workspace/corundum/fpga/mqnic/ADM_PCIE_9V3/fpga_25g/lib/axi/rtl/axil_crossbar_addr.v:144]
INFO: [Synth 8-251] 0 (0): 0 / 23 -- 0-7fffff [/home/keshav/Documents/Workspace/corundum/fpga/mqnic/ADM_PCIE_9V3/fpga_25g/lib/axi/rtl/axil_crossbar_addr.v:147]
INFO: [Synth 8-251] 1 (0): 800000 / 23 -- 800000-ffffff [/home/keshav/Documents/Workspace/corundum/fpga/mqnic/ADM_PCIE_9V3/fpga_25g/lib/axi/rtl/axil_crossbar_addr.v:147]
INFO: [Synth 8-155] case statement is not full and has no default [/home/keshav/Documents/Workspace/corundum/fpga/mqnic/ADM_PCIE_9V3/fpga_25g/lib/axi/rtl/axil_crossbar_addr.v:242]
	Parameter DATA_WIDTH bound to: 32 - type: integer 
	Parameter ADDR_WIDTH bound to: 24 - type: integer 
	Parameter STRB_WIDTH bound to: 4 - type: integer 
	Parameter AR_REG_TYPE bound to: 2'b00 
	Parameter R_REG_TYPE bound to: 2'b10 
	Parameter DATA_WIDTH bound to: 32 - type: integer 
	Parameter ADDR_WIDTH bound to: 24 - type: integer 
	Parameter STRB_WIDTH bound to: 4 - type: integer 
	Parameter AR_REG_TYPE bound to: 2'b01 
	Parameter R_REG_TYPE bound to: 2'b00 
	Parameter S_COUNT bound to: 2 - type: integer 
	Parameter M_COUNT bound to: 3 - type: integer 
	Parameter DATA_WIDTH bound to: 32 - type: integer 
	Parameter ADDR_WIDTH bound to: 18 - type: integer 
	Parameter M_BASE_ADDR bound to: 0 - type: integer 
	Parameter M_ADDR_WIDTH bound to: 96'b000000000000000000000000000100000000000000000000000000000001000000000000000000000000000000010000 
	Parameter M_CONNECT_READ bound to: 6'b111111 
	Parameter M_CONNECT_WRITE bound to: 6'b111111 
	Parameter S_COUNT bound to: 2 - type: integer 
	Parameter M_COUNT bound to: 3 - type: integer 
	Parameter DATA_WIDTH bound to: 32 - type: integer 
	Parameter ADDR_WIDTH bound to: 18 - type: integer 
	Parameter STRB_WIDTH bound to: 4 - type: integer 
	Parameter S_ACCEPT bound to: 64'b0000000000000000000000000001000000000000000000000000000000010000 
	Parameter M_REGIONS bound to: 1 - type: integer 
	Parameter M_BASE_ADDR bound to: 0 - type: integer 
	Parameter M_ADDR_WIDTH bound to: 96'b000000000000000000000000000100000000000000000000000000000001000000000000000000000000000000010000 
	Parameter M_CONNECT bound to: 6'b111111 
	Parameter M_ISSUE bound to: 96'b000000000000000000000000000100000000000000000000000000000001000000000000000000000000000000010000 
	Parameter M_SECURE bound to: 3'b000 
	Parameter S_AW_REG_TYPE bound to: 4'b0000 
	Parameter S_W_REG_TYPE bound to: 4'b0000 
	Parameter S_B_REG_TYPE bound to: 4'b0101 
	Parameter S bound to: 0 - type: integer 
	Parameter S_COUNT bound to: 2 - type: integer 
	Parameter M_COUNT bound to: 3 - type: integer 
	Parameter ADDR_WIDTH bound to: 18 - type: integer 
	Parameter M_REGIONS bound to: 1 - type: integer 
	Parameter M_BASE_ADDR bound to: 0 - type: integer 
	Parameter M_ADDR_WIDTH bound to: 96'b000000000000000000000000000100000000000000000000000000000001000000000000000000000000000000010000 
	Parameter M_CONNECT bound to: 6'b111111 
	Parameter M_SECURE bound to: 3'b000 
	Parameter WC_OUTPUT bound to: 1 - type: integer 
INFO: [Synth 8-251] Addressing configuration for axil_crossbar_addr instance  [/home/keshav/Documents/Workspace/corundum/fpga/mqnic/ADM_PCIE_9V3/fpga_25g/lib/axi/rtl/axil_crossbar_addr.v:144]
INFO: [Synth 8-251] 0 (0): 0 / 16 -- 0-ffff [/home/keshav/Documents/Workspace/corundum/fpga/mqnic/ADM_PCIE_9V3/fpga_25g/lib/axi/rtl/axil_crossbar_addr.v:147]
INFO: [Synth 8-251] 1 (0): 10000 / 16 -- 10000-1ffff [/home/keshav/Documents/Workspace/corundum/fpga/mqnic/ADM_PCIE_9V3/fpga_25g/lib/axi/rtl/axil_crossbar_addr.v:147]
INFO: [Synth 8-251] 2 (0): 20000 / 16 -- 20000-2ffff [/home/keshav/Documents/Workspace/corundum/fpga/mqnic/ADM_PCIE_9V3/fpga_25g/lib/axi/rtl/axil_crossbar_addr.v:147]
INFO: [Synth 8-155] case statement is not full and has no default [/home/keshav/Documents/Workspace/corundum/fpga/mqnic/ADM_PCIE_9V3/fpga_25g/lib/axi/rtl/axil_crossbar_addr.v:242]
	Parameter DATA_WIDTH bound to: 32 - type: integer 
	Parameter ADDR_WIDTH bound to: 18 - type: integer 
	Parameter STRB_WIDTH bound to: 4 - type: integer 
	Parameter AW_REG_TYPE bound to: 2'b00 
	Parameter W_REG_TYPE bound to: 2'b00 
	Parameter B_REG_TYPE bound to: 2'b01 
	Parameter S bound to: 1 - type: integer 
	Parameter S_COUNT bound to: 2 - type: integer 
	Parameter M_COUNT bound to: 3 - type: integer 
	Parameter ADDR_WIDTH bound to: 18 - type: integer 
	Parameter M_REGIONS bound to: 1 - type: integer 
	Parameter M_BASE_ADDR bound to: 0 - type: integer 
	Parameter M_ADDR_WIDTH bound to: 96'b000000000000000000000000000100000000000000000000000000000001000000000000000000000000000000010000 
	Parameter M_CONNECT bound to: 6'b111111 
	Parameter M_SECURE bound to: 3'b000 
	Parameter WC_OUTPUT bound to: 1 - type: integer 
INFO: [Synth 8-251] Addressing configuration for axil_crossbar_addr instance  [/home/keshav/Documents/Workspace/corundum/fpga/mqnic/ADM_PCIE_9V3/fpga_25g/lib/axi/rtl/axil_crossbar_addr.v:144]
INFO: [Synth 8-251] 0 (0): 0 / 16 -- 0-ffff [/home/keshav/Documents/Workspace/corundum/fpga/mqnic/ADM_PCIE_9V3/fpga_25g/lib/axi/rtl/axil_crossbar_addr.v:147]
INFO: [Synth 8-251] 1 (0): 10000 / 16 -- 10000-1ffff [/home/keshav/Documents/Workspace/corundum/fpga/mqnic/ADM_PCIE_9V3/fpga_25g/lib/axi/rtl/axil_crossbar_addr.v:147]
INFO: [Synth 8-251] 2 (0): 20000 / 16 -- 20000-2ffff [/home/keshav/Documents/Workspace/corundum/fpga/mqnic/ADM_PCIE_9V3/fpga_25g/lib/axi/rtl/axil_crossbar_addr.v:147]
INFO: [Synth 8-155] case statement is not full and has no default [/home/keshav/Documents/Workspace/corundum/fpga/mqnic/ADM_PCIE_9V3/fpga_25g/lib/axi/rtl/axil_crossbar_addr.v:242]
	Parameter DATA_WIDTH bound to: 32 - type: integer 
	Parameter ADDR_WIDTH bound to: 18 - type: integer 
	Parameter STRB_WIDTH bound to: 4 - type: integer 
	Parameter AW_REG_TYPE bound to: 2'b01 
	Parameter W_REG_TYPE bound to: 2'b10 
	Parameter B_REG_TYPE bound to: 2'b00 
	Parameter S_COUNT bound to: 2 - type: integer 
	Parameter M_COUNT bound to: 3 - type: integer 
	Parameter DATA_WIDTH bound to: 32 - type: integer 
	Parameter ADDR_WIDTH bound to: 18 - type: integer 
	Parameter STRB_WIDTH bound to: 4 - type: integer 
	Parameter S_ACCEPT bound to: 64'b0000000000000000000000000001000000000000000000000000000000010000 
	Parameter M_REGIONS bound to: 1 - type: integer 
	Parameter M_BASE_ADDR bound to: 0 - type: integer 
	Parameter M_ADDR_WIDTH bound to: 96'b000000000000000000000000000100000000000000000000000000000001000000000000000000000000000000010000 
	Parameter M_CONNECT bound to: 6'b111111 
	Parameter M_ISSUE bound to: 96'b000000000000000000000000000100000000000000000000000000000001000000000000000000000000000000010000 
	Parameter M_SECURE bound to: 3'b000 
	Parameter S_AR_REG_TYPE bound to: 4'b0000 
	Parameter S_R_REG_TYPE bound to: 4'b1010 
	Parameter S bound to: 0 - type: integer 
	Parameter S_COUNT bound to: 2 - type: integer 
	Parameter M_COUNT bound to: 3 - type: integer 
	Parameter ADDR_WIDTH bound to: 18 - type: integer 
	Parameter M_REGIONS bound to: 1 - type: integer 
	Parameter M_BASE_ADDR bound to: 0 - type: integer 
	Parameter M_ADDR_WIDTH bound to: 96'b000000000000000000000000000100000000000000000000000000000001000000000000000000000000000000010000 
	Parameter M_CONNECT bound to: 6'b111111 
	Parameter M_SECURE bound to: 3'b000 
	Parameter WC_OUTPUT bound to: 0 - type: integer 
INFO: [Synth 8-251] Addressing configuration for axil_crossbar_addr instance  [/home/keshav/Documents/Workspace/corundum/fpga/mqnic/ADM_PCIE_9V3/fpga_25g/lib/axi/rtl/axil_crossbar_addr.v:144]
INFO: [Synth 8-251] 0 (0): 0 / 16 -- 0-ffff [/home/keshav/Documents/Workspace/corundum/fpga/mqnic/ADM_PCIE_9V3/fpga_25g/lib/axi/rtl/axil_crossbar_addr.v:147]
INFO: [Synth 8-251] 1 (0): 10000 / 16 -- 10000-1ffff [/home/keshav/Documents/Workspace/corundum/fpga/mqnic/ADM_PCIE_9V3/fpga_25g/lib/axi/rtl/axil_crossbar_addr.v:147]
INFO: [Synth 8-251] 2 (0): 20000 / 16 -- 20000-2ffff [/home/keshav/Documents/Workspace/corundum/fpga/mqnic/ADM_PCIE_9V3/fpga_25g/lib/axi/rtl/axil_crossbar_addr.v:147]
INFO: [Synth 8-155] case statement is not full and has no default [/home/keshav/Documents/Workspace/corundum/fpga/mqnic/ADM_PCIE_9V3/fpga_25g/lib/axi/rtl/axil_crossbar_addr.v:242]
	Parameter DATA_WIDTH bound to: 32 - type: integer 
	Parameter ADDR_WIDTH bound to: 18 - type: integer 
	Parameter STRB_WIDTH bound to: 4 - type: integer 
	Parameter AR_REG_TYPE bound to: 2'b00 
	Parameter R_REG_TYPE bound to: 2'b10 
	Parameter S bound to: 1 - type: integer 
	Parameter S_COUNT bound to: 2 - type: integer 
	Parameter M_COUNT bound to: 3 - type: integer 
	Parameter ADDR_WIDTH bound to: 18 - type: integer 
	Parameter M_REGIONS bound to: 1 - type: integer 
	Parameter M_BASE_ADDR bound to: 0 - type: integer 
	Parameter M_ADDR_WIDTH bound to: 96'b000000000000000000000000000100000000000000000000000000000001000000000000000000000000000000010000 
	Parameter M_CONNECT bound to: 6'b111111 
	Parameter M_SECURE bound to: 3'b000 
	Parameter WC_OUTPUT bound to: 0 - type: integer 
INFO: [Synth 8-251] Addressing configuration for axil_crossbar_addr instance  [/home/keshav/Documents/Workspace/corundum/fpga/mqnic/ADM_PCIE_9V3/fpga_25g/lib/axi/rtl/axil_crossbar_addr.v:144]
INFO: [Synth 8-251] 0 (0): 0 / 16 -- 0-ffff [/home/keshav/Documents/Workspace/corundum/fpga/mqnic/ADM_PCIE_9V3/fpga_25g/lib/axi/rtl/axil_crossbar_addr.v:147]
INFO: [Synth 8-251] 1 (0): 10000 / 16 -- 10000-1ffff [/home/keshav/Documents/Workspace/corundum/fpga/mqnic/ADM_PCIE_9V3/fpga_25g/lib/axi/rtl/axil_crossbar_addr.v:147]
INFO: [Synth 8-251] 2 (0): 20000 / 16 -- 20000-2ffff [/home/keshav/Documents/Workspace/corundum/fpga/mqnic/ADM_PCIE_9V3/fpga_25g/lib/axi/rtl/axil_crossbar_addr.v:147]
INFO: [Synth 8-155] case statement is not full and has no default [/home/keshav/Documents/Workspace/corundum/fpga/mqnic/ADM_PCIE_9V3/fpga_25g/lib/axi/rtl/axil_crossbar_addr.v:242]
	Parameter DATA_WIDTH bound to: 32 - type: integer 
	Parameter ADDR_WIDTH bound to: 18 - type: integer 
	Parameter STRB_WIDTH bound to: 4 - type: integer 
	Parameter AR_REG_TYPE bound to: 2'b01 
	Parameter R_REG_TYPE bound to: 2'b00 
	Parameter PORTS bound to: 2 - type: integer 
	Parameter SEG_COUNT bound to: 2 - type: integer 
	Parameter SEG_DATA_WIDTH bound to: 512 - type: integer 
	Parameter SEG_ADDR_WIDTH bound to: 10 - type: integer 
	Parameter SEG_BE_WIDTH bound to: 64 - type: integer 
	Parameter S_RAM_SEL_WIDTH bound to: 2 - type: integer 
	Parameter M_RAM_SEL_WIDTH bound to: 3 - type: integer 
	Parameter RAM_ADDR_WIDTH bound to: 17 - type: integer 
	Parameter DMA_ADDR_WIDTH bound to: 64 - type: integer 
	Parameter IMM_ENABLE bound to: 0 - type: integer 
	Parameter IMM_WIDTH bound to: 32 - type: integer 
	Parameter LEN_WIDTH bound to: 16 - type: integer 
	Parameter S_TAG_WIDTH bound to: 15 - type: integer 
	Parameter M_TAG_WIDTH bound to: 16 - type: integer 
	Parameter ARB_TYPE_ROUND_ROBIN bound to: 0 - type: integer 
	Parameter ARB_LSB_HIGH_PRIORITY bound to: 1 - type: integer 
	Parameter PORTS bound to: 2 - type: integer 
	Parameter SEG_COUNT bound to: 2 - type: integer 
	Parameter SEG_DATA_WIDTH bound to: 512 - type: integer 
	Parameter SEG_ADDR_WIDTH bound to: 10 - type: integer 
	Parameter SEG_BE_WIDTH bound to: 64 - type: integer 
	Parameter S_RAM_SEL_WIDTH bound to: 2 - type: integer 
	Parameter M_RAM_SEL_WIDTH bound to: 3 - type: integer 
	Parameter RAM_ADDR_WIDTH bound to: 17 - type: integer 
	Parameter DMA_ADDR_WIDTH bound to: 64 - type: integer 
	Parameter LEN_WIDTH bound to: 16 - type: integer 
	Parameter S_TAG_WIDTH bound to: 15 - type: integer 
	Parameter M_TAG_WIDTH bound to: 16 - type: integer 
	Parameter ARB_TYPE_ROUND_ROBIN bound to: 0 - type: integer 
	Parameter ARB_LSB_HIGH_PRIORITY bound to: 1 - type: integer 
	Parameter PORTS bound to: 2 - type: integer 
	Parameter EXTEND_RAM_SEL bound to: 1 - type: integer 
	Parameter S_RAM_SEL_WIDTH bound to: 2 - type: integer 
	Parameter M_RAM_SEL_WIDTH bound to: 3 - type: integer 
	Parameter RAM_ADDR_WIDTH bound to: 17 - type: integer 
	Parameter DMA_ADDR_WIDTH bound to: 64 - type: integer 
	Parameter IMM_ENABLE bound to: 0 - type: integer 
	Parameter LEN_WIDTH bound to: 16 - type: integer 
	Parameter S_TAG_WIDTH bound to: 15 - type: integer 
	Parameter M_TAG_WIDTH bound to: 16 - type: integer 
	Parameter ARB_TYPE_ROUND_ROBIN bound to: 0 - type: integer 
	Parameter ARB_LSB_HIGH_PRIORITY bound to: 1 - type: integer 
	Parameter PORTS bound to: 2 - type: integer 
	Parameter SEG_COUNT bound to: 2 - type: integer 
	Parameter SEG_DATA_WIDTH bound to: 512 - type: integer 
	Parameter SEG_BE_WIDTH bound to: 64 - type: integer 
	Parameter SEG_ADDR_WIDTH bound to: 10 - type: integer 
	Parameter S_RAM_SEL_WIDTH bound to: 2 - type: integer 
	Parameter M_RAM_SEL_WIDTH bound to: 3 - type: integer 
	Parameter PORTS bound to: 2 - type: integer 
	Parameter SEG_COUNT bound to: 2 - type: integer 
	Parameter SEG_DATA_WIDTH bound to: 512 - type: integer 
	Parameter SEG_ADDR_WIDTH bound to: 10 - type: integer 
	Parameter SEG_BE_WIDTH bound to: 64 - type: integer 
	Parameter S_RAM_SEL_WIDTH bound to: 2 - type: integer 
	Parameter M_RAM_SEL_WIDTH bound to: 3 - type: integer 
	Parameter RAM_ADDR_WIDTH bound to: 17 - type: integer 
	Parameter DMA_ADDR_WIDTH bound to: 64 - type: integer 
	Parameter IMM_ENABLE bound to: 0 - type: integer 
	Parameter IMM_WIDTH bound to: 32 - type: integer 
	Parameter LEN_WIDTH bound to: 16 - type: integer 
	Parameter S_TAG_WIDTH bound to: 15 - type: integer 
	Parameter M_TAG_WIDTH bound to: 16 - type: integer 
	Parameter ARB_TYPE_ROUND_ROBIN bound to: 0 - type: integer 
	Parameter ARB_LSB_HIGH_PRIORITY bound to: 1 - type: integer 
	Parameter PORTS bound to: 2 - type: integer 
	Parameter EXTEND_RAM_SEL bound to: 1 - type: integer 
	Parameter S_RAM_SEL_WIDTH bound to: 2 - type: integer 
	Parameter M_RAM_SEL_WIDTH bound to: 3 - type: integer 
	Parameter RAM_ADDR_WIDTH bound to: 17 - type: integer 
	Parameter DMA_ADDR_WIDTH bound to: 64 - type: integer 
	Parameter IMM_ENABLE bound to: 0 - type: integer 
	Parameter IMM_WIDTH bound to: 32 - type: integer 
	Parameter LEN_WIDTH bound to: 16 - type: integer 
	Parameter S_TAG_WIDTH bound to: 15 - type: integer 
	Parameter M_TAG_WIDTH bound to: 16 - type: integer 
	Parameter ARB_TYPE_ROUND_ROBIN bound to: 0 - type: integer 
	Parameter ARB_LSB_HIGH_PRIORITY bound to: 1 - type: integer 
	Parameter PORTS bound to: 2 - type: integer 
	Parameter SEG_COUNT bound to: 2 - type: integer 
	Parameter SEG_DATA_WIDTH bound to: 512 - type: integer 
	Parameter SEG_ADDR_WIDTH bound to: 10 - type: integer 
	Parameter S_RAM_SEL_WIDTH bound to: 2 - type: integer 
	Parameter M_RAM_SEL_WIDTH bound to: 3 - type: integer 
	Parameter IRQ_INDEX_WIDTH bound to: 6 - type: integer 
WARNING: [Synth 8-689] width (4) of port connection 'rcb_128b' does not match port width (1) of module 'mqnic_core_pcie' [/home/keshav/Documents/Workspace/corundum/fpga/mqnic/ADM_PCIE_9V3/fpga_25g/rtl/common/mqnic_core_pcie_us.v:1158]
WARNING: [Synth 8-689] width (96) of port connection 'ptp_sync_ts_tod' does not match port width (97) of module 'mqnic_core_pcie_us' [/home/keshav/Documents/Workspace/corundum/fpga/mqnic/ADM_PCIE_9V3/fpga_25g/rtl/fpga_core.v:1573]
WARNING: [Synth 8-689] width (4) of port connection 'pcie_tfc_nph_av' does not match port width (2) of module 'fpga_core' [/home/keshav/Documents/Workspace/corundum/fpga/mqnic/ADM_PCIE_9V3/fpga_25g/rtl/fpga.v:1916]
WARNING: [Synth 8-689] width (4) of port connection 'pcie_tfc_npd_av' does not match port width (2) of module 'fpga_core' [/home/keshav/Documents/Workspace/corundum/fpga/mqnic/ADM_PCIE_9V3/fpga_25g/rtl/fpga.v:1917]
WARNING: [Synth 8-6014] Unused sequential element qpll0_pd_reg_reg was removed.  [/home/keshav/Documents/Workspace/corundum/fpga/mqnic/ADM_PCIE_9V3/fpga_25g/rtl/common/eth_xcvr_phy_10g_gty_wrapper.v:244]
WARNING: [Synth 8-6014] Unused sequential element qpll0_reset_reg_reg was removed.  [/home/keshav/Documents/Workspace/corundum/fpga/mqnic/ADM_PCIE_9V3/fpga_25g/rtl/common/eth_xcvr_phy_10g_gty_wrapper.v:245]
WARNING: [Synth 8-6014] Unused sequential element qpll0_reset_counter_reg_reg was removed.  [/home/keshav/Documents/Workspace/corundum/fpga/mqnic/ADM_PCIE_9V3/fpga_25g/rtl/common/eth_xcvr_phy_10g_gty_wrapper.v:247]
WARNING: [Synth 8-6014] Unused sequential element qpll1_pd_reg_reg was removed.  [/home/keshav/Documents/Workspace/corundum/fpga/mqnic/ADM_PCIE_9V3/fpga_25g/rtl/common/eth_xcvr_phy_10g_gty_wrapper.v:284]
WARNING: [Synth 8-6014] Unused sequential element qpll1_reset_reg_reg was removed.  [/home/keshav/Documents/Workspace/corundum/fpga/mqnic/ADM_PCIE_9V3/fpga_25g/rtl/common/eth_xcvr_phy_10g_gty_wrapper.v:285]
WARNING: [Synth 8-6014] Unused sequential element qpll1_reset_counter_reg_reg was removed.  [/home/keshav/Documents/Workspace/corundum/fpga/mqnic/ADM_PCIE_9V3/fpga_25g/rtl/common/eth_xcvr_phy_10g_gty_wrapper.v:287]
WARNING: [Synth 8-6014] Unused sequential element drp_en_reg_2_reg was removed.  [/home/keshav/Documents/Workspace/corundum/fpga/mqnic/ADM_PCIE_9V3/fpga_25g/rtl/common/eth_xcvr_phy_10g_gty_wrapper.v:729]
WARNING: [Synth 8-6014] Unused sequential element qpll0_reset_drp_reg_reg was removed.  [/home/keshav/Documents/Workspace/corundum/fpga/mqnic/ADM_PCIE_9V3/fpga_25g/rtl/common/eth_xcvr_phy_10g_gty_wrapper.v:949]
WARNING: [Synth 8-6014] Unused sequential element qpll0_pd_drp_reg_reg was removed.  [/home/keshav/Documents/Workspace/corundum/fpga/mqnic/ADM_PCIE_9V3/fpga_25g/rtl/common/eth_xcvr_phy_10g_gty_wrapper.v:950]
WARNING: [Synth 8-6014] Unused sequential element qpll1_reset_drp_reg_reg was removed.  [/home/keshav/Documents/Workspace/corundum/fpga/mqnic/ADM_PCIE_9V3/fpga_25g/rtl/common/eth_xcvr_phy_10g_gty_wrapper.v:951]
WARNING: [Synth 8-6014] Unused sequential element qpll1_pd_drp_reg_reg was removed.  [/home/keshav/Documents/Workspace/corundum/fpga/mqnic/ADM_PCIE_9V3/fpga_25g/rtl/common/eth_xcvr_phy_10g_gty_wrapper.v:952]
WARNING: [Synth 8-6014] Unused sequential element m_axis_tid_reg_reg was removed.  [/home/keshav/Documents/Workspace/corundum/fpga/mqnic/ADM_PCIE_9V3/fpga_25g/lib/eth/rtl/mac_ctrl_tx.v:391]
WARNING: [Synth 8-6014] Unused sequential element m_axis_tdest_reg_reg was removed.  [/home/keshav/Documents/Workspace/corundum/fpga/mqnic/ADM_PCIE_9V3/fpga_25g/lib/eth/rtl/mac_ctrl_tx.v:392]
WARNING: [Synth 8-6014] Unused sequential element temp_m_axis_tid_reg_reg was removed.  [/home/keshav/Documents/Workspace/corundum/fpga/mqnic/ADM_PCIE_9V3/fpga_25g/lib/eth/rtl/mac_ctrl_tx.v:398]
WARNING: [Synth 8-6014] Unused sequential element temp_m_axis_tdest_reg_reg was removed.  [/home/keshav/Documents/Workspace/corundum/fpga/mqnic/ADM_PCIE_9V3/fpga_25g/lib/eth/rtl/mac_ctrl_tx.v:399]
WARNING: [Synth 8-6014] Unused sequential element m_axis_tid_reg_reg was removed.  [/home/keshav/Documents/Workspace/corundum/fpga/mqnic/ADM_PCIE_9V3/fpga_25g/lib/eth/rtl/mac_ctrl_rx.v:418]
WARNING: [Synth 8-6014] Unused sequential element m_axis_tdest_reg_reg was removed.  [/home/keshav/Documents/Workspace/corundum/fpga/mqnic/ADM_PCIE_9V3/fpga_25g/lib/eth/rtl/mac_ctrl_rx.v:419]
WARNING: [Synth 8-6014] Unused sequential element temp_m_axis_tid_reg_reg was removed.  [/home/keshav/Documents/Workspace/corundum/fpga/mqnic/ADM_PCIE_9V3/fpga_25g/lib/eth/rtl/mac_ctrl_rx.v:425]
WARNING: [Synth 8-6014] Unused sequential element temp_m_axis_tdest_reg_reg was removed.  [/home/keshav/Documents/Workspace/corundum/fpga/mqnic/ADM_PCIE_9V3/fpga_25g/lib/eth/rtl/mac_ctrl_rx.v:426]
WARNING: [Synth 8-6014] Unused sequential element stat_rx_mcf_reg_reg was removed.  [/home/keshav/Documents/Workspace/corundum/fpga/mqnic/ADM_PCIE_9V3/fpga_25g/lib/eth/rtl/mac_ctrl_rx.v:194]
WARNING: [Synth 8-6014] Unused sequential element watermark_reg_reg was removed.  [/home/keshav/Documents/Workspace/corundum/fpga/mqnic/ADM_PCIE_9V3/fpga_25g/lib/pcie/rtl/pcie_tlp_fifo_raw.v:258]
WARNING: [Synth 8-6014] Unused sequential element watermark_ctrl_reg_reg was removed.  [/home/keshav/Documents/Workspace/corundum/fpga/mqnic/ADM_PCIE_9V3/fpga_25g/lib/pcie/rtl/pcie_tlp_fifo_raw.v:258]
WARNING: [Synth 8-6014] Unused sequential element out_fifo_out_tlp_valid_reg was removed. 
WARNING: [Synth 8-6014] Unused sequential element tlp_frame_reg_reg was removed.  [/home/keshav/Documents/Workspace/corundum/fpga/mqnic/ADM_PCIE_9V3/fpga_25g/lib/pcie/rtl/pcie_us_if_rc.v:472]
WARNING: [Synth 8-6014] Unused sequential element rc_frame_reg_reg was removed.  [/home/keshav/Documents/Workspace/corundum/fpga/mqnic/ADM_PCIE_9V3/fpga_25g/lib/pcie/rtl/pcie_us_if_rc.v:474]
WARNING: [Synth 8-6014] Unused sequential element full_cur_ctrl_reg_reg was removed.  [/home/keshav/Documents/Workspace/corundum/fpga/mqnic/ADM_PCIE_9V3/fpga_25g/lib/pcie/rtl/pcie_tlp_fifo_raw.v:381]
WARNING: [Synth 8-6014] Unused sequential element half_full_ctrl_reg_reg was removed.  [/home/keshav/Documents/Workspace/corundum/fpga/mqnic/ADM_PCIE_9V3/fpga_25g/lib/pcie/rtl/pcie_tlp_fifo_raw.v:382]
WARNING: [Synth 8-6014] Unused sequential element watermark_ctrl_reg_reg was removed.  [/home/keshav/Documents/Workspace/corundum/fpga/mqnic/ADM_PCIE_9V3/fpga_25g/lib/pcie/rtl/pcie_tlp_fifo_raw.v:383]
WARNING: [Synth 8-6014] Unused sequential element rd_ptr_ctrl_reg_reg was removed.  [/home/keshav/Documents/Workspace/corundum/fpga/mqnic/ADM_PCIE_9V3/fpga_25g/lib/pcie/rtl/pcie_tlp_fifo_raw.v:767]
WARNING: [Synth 8-6014] Unused sequential element count_ctrl_reg_reg was removed.  [/home/keshav/Documents/Workspace/corundum/fpga/mqnic/ADM_PCIE_9V3/fpga_25g/lib/pcie/rtl/pcie_tlp_fifo_raw.v:769]
WARNING: [Synth 8-6014] Unused sequential element seg_ctrl_mem_rd_addr_reg_reg was removed.  [/home/keshav/Documents/Workspace/corundum/fpga/mqnic/ADM_PCIE_9V3/fpga_25g/lib/pcie/rtl/pcie_tlp_fifo_raw.v:772]
WARNING: [Synth 8-6014] Unused sequential element ctrl_mem_rd_data_valid_reg_reg was removed.  [/home/keshav/Documents/Workspace/corundum/fpga/mqnic/ADM_PCIE_9V3/fpga_25g/lib/pcie/rtl/pcie_tlp_fifo_raw.v:775]
WARNING: [Synth 8-6014] Unused sequential element out_ctrl_tlp_ready_int_reg_reg was removed.  [/home/keshav/Documents/Workspace/corundum/fpga/mqnic/ADM_PCIE_9V3/fpga_25g/lib/pcie/rtl/pcie_tlp_fifo_raw.v:797]
WARNING: [Synth 8-6014] Unused sequential element temp_out_ctrl_tlp_strb_reg_reg was removed.  [/home/keshav/Documents/Workspace/corundum/fpga/mqnic/ADM_PCIE_9V3/fpga_25g/lib/pcie/rtl/pcie_tlp_fifo_raw.v:799]
WARNING: [Synth 8-6014] Unused sequential element temp_out_ctrl_tlp_hdr_reg_reg was removed.  [/home/keshav/Documents/Workspace/corundum/fpga/mqnic/ADM_PCIE_9V3/fpga_25g/lib/pcie/rtl/pcie_tlp_fifo_raw.v:800]
WARNING: [Synth 8-6014] Unused sequential element temp_out_ctrl_tlp_valid_reg_reg was removed.  [/home/keshav/Documents/Workspace/corundum/fpga/mqnic/ADM_PCIE_9V3/fpga_25g/lib/pcie/rtl/pcie_tlp_fifo_raw.v:801]
WARNING: [Synth 8-6014] Unused sequential element temp_out_ctrl_tlp_sop_reg_reg was removed.  [/home/keshav/Documents/Workspace/corundum/fpga/mqnic/ADM_PCIE_9V3/fpga_25g/lib/pcie/rtl/pcie_tlp_fifo_raw.v:802]
WARNING: [Synth 8-6014] Unused sequential element temp_out_ctrl_tlp_eop_reg_reg was removed.  [/home/keshav/Documents/Workspace/corundum/fpga/mqnic/ADM_PCIE_9V3/fpga_25g/lib/pcie/rtl/pcie_tlp_fifo_raw.v:803]
WARNING: [Synth 8-6014] Unused sequential element pipe_out_ctrl_tlp_strb_reg_reg was removed.  [/home/keshav/Documents/Workspace/corundum/fpga/mqnic/ADM_PCIE_9V3/fpga_25g/lib/pcie/rtl/pcie_tlp_fifo_raw.v:805]
WARNING: [Synth 8-6014] Unused sequential element pipe_out_ctrl_tlp_hdr_reg_reg was removed.  [/home/keshav/Documents/Workspace/corundum/fpga/mqnic/ADM_PCIE_9V3/fpga_25g/lib/pcie/rtl/pcie_tlp_fifo_raw.v:806]
WARNING: [Synth 8-6014] Unused sequential element pipe_out_ctrl_tlp_valid_reg_reg was removed.  [/home/keshav/Documents/Workspace/corundum/fpga/mqnic/ADM_PCIE_9V3/fpga_25g/lib/pcie/rtl/pcie_tlp_fifo_raw.v:807]
WARNING: [Synth 8-6014] Unused sequential element pipe_out_ctrl_tlp_sop_reg_reg was removed.  [/home/keshav/Documents/Workspace/corundum/fpga/mqnic/ADM_PCIE_9V3/fpga_25g/lib/pcie/rtl/pcie_tlp_fifo_raw.v:808]
WARNING: [Synth 8-6014] Unused sequential element pipe_out_ctrl_tlp_eop_reg_reg was removed.  [/home/keshav/Documents/Workspace/corundum/fpga/mqnic/ADM_PCIE_9V3/fpga_25g/lib/pcie/rtl/pcie_tlp_fifo_raw.v:809]
WARNING: [Synth 8-6014] Unused sequential element watermark_reg_reg was removed.  [/home/keshav/Documents/Workspace/corundum/fpga/mqnic/ADM_PCIE_9V3/fpga_25g/lib/pcie/rtl/pcie_tlp_fifo_raw.v:258]
WARNING: [Synth 8-6014] Unused sequential element tlp_hdr2_reg_reg was removed.  [/home/keshav/Documents/Workspace/corundum/fpga/mqnic/ADM_PCIE_9V3/fpga_25g/lib/pcie/rtl/pcie_us_if_rq.v:877]
WARNING: [Synth 8-3936] Found unconnected internal register 'out_tlp_be_reg' and it is trimmed from '16' to '12' bits. [/home/keshav/Documents/Workspace/corundum/fpga/mqnic/ADM_PCIE_9V3/fpga_25g/lib/pcie/rtl/pcie_us_if_rq.v:645]
WARNING: [Synth 8-3936] Found unconnected internal register 'out_tlp_seq_reg' and it is trimmed from '12' to '6' bits. [/home/keshav/Documents/Workspace/corundum/fpga/mqnic/ADM_PCIE_9V3/fpga_25g/lib/pcie/rtl/pcie_us_if_rq.v:646]
WARNING: [Synth 8-3936] Found unconnected internal register 'out_tlp_hdr1_reg' and it is trimmed from '2' to '1' bits. [/home/keshav/Documents/Workspace/corundum/fpga/mqnic/ADM_PCIE_9V3/fpga_25g/lib/pcie/rtl/pcie_us_if_rq.v:493]
WARNING: [Synth 8-3936] Found unconnected internal register 'out_sop_reg' and it is trimmed from '2' to '1' bits. [/home/keshav/Documents/Workspace/corundum/fpga/mqnic/ADM_PCIE_9V3/fpga_25g/lib/pcie/rtl/pcie_us_if_rq.v:491]
WARNING: [Synth 8-3936] Found unconnected internal register 'out_tlp_split2_reg' and it is trimmed from '2' to '1' bits. [/home/keshav/Documents/Workspace/corundum/fpga/mqnic/ADM_PCIE_9V3/fpga_25g/lib/pcie/rtl/pcie_us_if_rq.v:496]
WARNING: [Synth 8-6014] Unused sequential element watermark_reg_reg was removed.  [/home/keshav/Documents/Workspace/corundum/fpga/mqnic/ADM_PCIE_9V3/fpga_25g/lib/pcie/rtl/pcie_tlp_fifo_raw.v:258]
WARNING: [Synth 8-6014] Unused sequential element watermark_ctrl_reg_reg was removed.  [/home/keshav/Documents/Workspace/corundum/fpga/mqnic/ADM_PCIE_9V3/fpga_25g/lib/pcie/rtl/pcie_tlp_fifo_raw.v:258]
WARNING: [Synth 8-6014] Unused sequential element out_fifo_out_tlp_valid_reg was removed. 
WARNING: [Synth 8-6014] Unused sequential element tlp_frame_reg_reg was removed.  [/home/keshav/Documents/Workspace/corundum/fpga/mqnic/ADM_PCIE_9V3/fpga_25g/lib/pcie/rtl/pcie_us_if_cq.v:500]
WARNING: [Synth 8-6014] Unused sequential element cq_frame_reg_reg was removed.  [/home/keshav/Documents/Workspace/corundum/fpga/mqnic/ADM_PCIE_9V3/fpga_25g/lib/pcie/rtl/pcie_us_if_cq.v:502]
WARNING: [Synth 8-3936] Found unconnected internal register 'tlp_func_num_reg' and it is trimmed from '16' to '8' bits. [/home/keshav/Documents/Workspace/corundum/fpga/mqnic/ADM_PCIE_9V3/fpga_25g/lib/pcie/rtl/pcie_us_if_cq.v:409]
WARNING: [Synth 8-3936] Found unconnected internal register 'tlp_bar_id_reg' and it is trimmed from '6' to '3' bits. [/home/keshav/Documents/Workspace/corundum/fpga/mqnic/ADM_PCIE_9V3/fpga_25g/lib/pcie/rtl/pcie_us_if_cq.v:408]
WARNING: [Synth 8-6014] Unused sequential element full_cur_ctrl_reg_reg was removed.  [/home/keshav/Documents/Workspace/corundum/fpga/mqnic/ADM_PCIE_9V3/fpga_25g/lib/pcie/rtl/pcie_tlp_fifo_raw.v:381]
WARNING: [Synth 8-6014] Unused sequential element half_full_ctrl_reg_reg was removed.  [/home/keshav/Documents/Workspace/corundum/fpga/mqnic/ADM_PCIE_9V3/fpga_25g/lib/pcie/rtl/pcie_tlp_fifo_raw.v:382]
WARNING: [Synth 8-6014] Unused sequential element watermark_ctrl_reg_reg was removed.  [/home/keshav/Documents/Workspace/corundum/fpga/mqnic/ADM_PCIE_9V3/fpga_25g/lib/pcie/rtl/pcie_tlp_fifo_raw.v:383]
WARNING: [Synth 8-6014] Unused sequential element rd_ptr_ctrl_reg_reg was removed.  [/home/keshav/Documents/Workspace/corundum/fpga/mqnic/ADM_PCIE_9V3/fpga_25g/lib/pcie/rtl/pcie_tlp_fifo_raw.v:767]
WARNING: [Synth 8-6014] Unused sequential element count_ctrl_reg_reg was removed.  [/home/keshav/Documents/Workspace/corundum/fpga/mqnic/ADM_PCIE_9V3/fpga_25g/lib/pcie/rtl/pcie_tlp_fifo_raw.v:769]
WARNING: [Synth 8-6014] Unused sequential element seg_ctrl_mem_rd_addr_reg_reg was removed.  [/home/keshav/Documents/Workspace/corundum/fpga/mqnic/ADM_PCIE_9V3/fpga_25g/lib/pcie/rtl/pcie_tlp_fifo_raw.v:772]
WARNING: [Synth 8-6014] Unused sequential element ctrl_mem_rd_data_valid_reg_reg was removed.  [/home/keshav/Documents/Workspace/corundum/fpga/mqnic/ADM_PCIE_9V3/fpga_25g/lib/pcie/rtl/pcie_tlp_fifo_raw.v:775]
WARNING: [Synth 8-6014] Unused sequential element out_ctrl_tlp_ready_int_reg_reg was removed.  [/home/keshav/Documents/Workspace/corundum/fpga/mqnic/ADM_PCIE_9V3/fpga_25g/lib/pcie/rtl/pcie_tlp_fifo_raw.v:797]
WARNING: [Synth 8-6014] Unused sequential element temp_out_ctrl_tlp_strb_reg_reg was removed.  [/home/keshav/Documents/Workspace/corundum/fpga/mqnic/ADM_PCIE_9V3/fpga_25g/lib/pcie/rtl/pcie_tlp_fifo_raw.v:799]
WARNING: [Synth 8-6014] Unused sequential element temp_out_ctrl_tlp_hdr_reg_reg was removed.  [/home/keshav/Documents/Workspace/corundum/fpga/mqnic/ADM_PCIE_9V3/fpga_25g/lib/pcie/rtl/pcie_tlp_fifo_raw.v:800]
WARNING: [Synth 8-6014] Unused sequential element temp_out_ctrl_tlp_valid_reg_reg was removed.  [/home/keshav/Documents/Workspace/corundum/fpga/mqnic/ADM_PCIE_9V3/fpga_25g/lib/pcie/rtl/pcie_tlp_fifo_raw.v:801]
WARNING: [Synth 8-6014] Unused sequential element temp_out_ctrl_tlp_sop_reg_reg was removed.  [/home/keshav/Documents/Workspace/corundum/fpga/mqnic/ADM_PCIE_9V3/fpga_25g/lib/pcie/rtl/pcie_tlp_fifo_raw.v:802]
WARNING: [Synth 8-6014] Unused sequential element temp_out_ctrl_tlp_eop_reg_reg was removed.  [/home/keshav/Documents/Workspace/corundum/fpga/mqnic/ADM_PCIE_9V3/fpga_25g/lib/pcie/rtl/pcie_tlp_fifo_raw.v:803]
WARNING: [Synth 8-6014] Unused sequential element pipe_out_ctrl_tlp_strb_reg_reg was removed.  [/home/keshav/Documents/Workspace/corundum/fpga/mqnic/ADM_PCIE_9V3/fpga_25g/lib/pcie/rtl/pcie_tlp_fifo_raw.v:805]
WARNING: [Synth 8-6014] Unused sequential element pipe_out_ctrl_tlp_hdr_reg_reg was removed.  [/home/keshav/Documents/Workspace/corundum/fpga/mqnic/ADM_PCIE_9V3/fpga_25g/lib/pcie/rtl/pcie_tlp_fifo_raw.v:806]
WARNING: [Synth 8-6014] Unused sequential element pipe_out_ctrl_tlp_valid_reg_reg was removed.  [/home/keshav/Documents/Workspace/corundum/fpga/mqnic/ADM_PCIE_9V3/fpga_25g/lib/pcie/rtl/pcie_tlp_fifo_raw.v:807]
WARNING: [Synth 8-6014] Unused sequential element pipe_out_ctrl_tlp_sop_reg_reg was removed.  [/home/keshav/Documents/Workspace/corundum/fpga/mqnic/ADM_PCIE_9V3/fpga_25g/lib/pcie/rtl/pcie_tlp_fifo_raw.v:808]
WARNING: [Synth 8-6014] Unused sequential element pipe_out_ctrl_tlp_eop_reg_reg was removed.  [/home/keshav/Documents/Workspace/corundum/fpga/mqnic/ADM_PCIE_9V3/fpga_25g/lib/pcie/rtl/pcie_tlp_fifo_raw.v:809]
WARNING: [Synth 8-6014] Unused sequential element watermark_reg_reg was removed.  [/home/keshav/Documents/Workspace/corundum/fpga/mqnic/ADM_PCIE_9V3/fpga_25g/lib/pcie/rtl/pcie_tlp_fifo_raw.v:258]
WARNING: [Synth 8-6014] Unused sequential element tlp_hdr2_reg_reg was removed.  [/home/keshav/Documents/Workspace/corundum/fpga/mqnic/ADM_PCIE_9V3/fpga_25g/lib/pcie/rtl/pcie_us_if_cc.v:540]
WARNING: [Synth 8-3936] Found unconnected internal register 'seg_tlp_hdr_reg' and it is trimmed from '128' to '119' bits. [/home/keshav/Documents/Workspace/corundum/fpga/mqnic/ADM_PCIE_9V3/fpga_25g/lib/pcie/rtl/pcie_us_if_cc.v:389]
WARNING: [Synth 8-3936] Found unconnected internal register 'out_tlp_hdr1_reg' and it is trimmed from '2' to '1' bits. [/home/keshav/Documents/Workspace/corundum/fpga/mqnic/ADM_PCIE_9V3/fpga_25g/lib/pcie/rtl/pcie_us_if_cc.v:290]
WARNING: [Synth 8-3936] Found unconnected internal register 'out_sop_reg' and it is trimmed from '2' to '1' bits. [/home/keshav/Documents/Workspace/corundum/fpga/mqnic/ADM_PCIE_9V3/fpga_25g/lib/pcie/rtl/pcie_us_if_cc.v:288]
WARNING: [Synth 8-3936] Found unconnected internal register 'out_tlp_split2_reg' and it is trimmed from '2' to '1' bits. [/home/keshav/Documents/Workspace/corundum/fpga/mqnic/ADM_PCIE_9V3/fpga_25g/lib/pcie/rtl/pcie_us_if_cc.v:293]
WARNING: [Synth 8-6014] Unused sequential element tlp_eop_reg_reg was removed.  [/home/keshav/Documents/Workspace/corundum/fpga/mqnic/ADM_PCIE_9V3/fpga_25g/rtl/common/stats_pcie_tlp.v:132]
WARNING: [Synth 8-6014] Unused sequential element s_axis_tkeep_reg_reg was removed.  [/home/keshav/Documents/Workspace/corundum/fpga/mqnic/ADM_PCIE_9V3/fpga_25g/lib/axis/rtl/axis_arb_mux.v:145]
WARNING: [Synth 8-6014] Unused sequential element s_axis_tlast_reg_reg was removed.  [/home/keshav/Documents/Workspace/corundum/fpga/mqnic/ADM_PCIE_9V3/fpga_25g/lib/axis/rtl/axis_arb_mux.v:148]
WARNING: [Synth 8-6014] Unused sequential element s_axis_tdest_reg_reg was removed.  [/home/keshav/Documents/Workspace/corundum/fpga/mqnic/ADM_PCIE_9V3/fpga_25g/lib/axis/rtl/axis_arb_mux.v:150]
WARNING: [Synth 8-6014] Unused sequential element s_axis_tuser_reg_reg was removed.  [/home/keshav/Documents/Workspace/corundum/fpga/mqnic/ADM_PCIE_9V3/fpga_25g/lib/axis/rtl/axis_arb_mux.v:151]
WARNING: [Synth 8-6014] Unused sequential element m_axis_tkeep_reg_reg was removed.  [/home/keshav/Documents/Workspace/corundum/fpga/mqnic/ADM_PCIE_9V3/fpga_25g/lib/axis/rtl/axis_arb_mux.v:278]
WARNING: [Synth 8-6014] Unused sequential element m_axis_tlast_reg_reg was removed.  [/home/keshav/Documents/Workspace/corundum/fpga/mqnic/ADM_PCIE_9V3/fpga_25g/lib/axis/rtl/axis_arb_mux.v:279]
WARNING: [Synth 8-6014] Unused sequential element m_axis_tdest_reg_reg was removed.  [/home/keshav/Documents/Workspace/corundum/fpga/mqnic/ADM_PCIE_9V3/fpga_25g/lib/axis/rtl/axis_arb_mux.v:281]
WARNING: [Synth 8-6014] Unused sequential element m_axis_tuser_reg_reg was removed.  [/home/keshav/Documents/Workspace/corundum/fpga/mqnic/ADM_PCIE_9V3/fpga_25g/lib/axis/rtl/axis_arb_mux.v:282]
WARNING: [Synth 8-6014] Unused sequential element temp_m_axis_tkeep_reg_reg was removed.  [/home/keshav/Documents/Workspace/corundum/fpga/mqnic/ADM_PCIE_9V3/fpga_25g/lib/axis/rtl/axis_arb_mux.v:285]
WARNING: [Synth 8-6014] Unused sequential element temp_m_axis_tlast_reg_reg was removed.  [/home/keshav/Documents/Workspace/corundum/fpga/mqnic/ADM_PCIE_9V3/fpga_25g/lib/axis/rtl/axis_arb_mux.v:286]
WARNING: [Synth 8-6014] Unused sequential element temp_m_axis_tdest_reg_reg was removed.  [/home/keshav/Documents/Workspace/corundum/fpga/mqnic/ADM_PCIE_9V3/fpga_25g/lib/axis/rtl/axis_arb_mux.v:288]
WARNING: [Synth 8-6014] Unused sequential element temp_m_axis_tuser_reg_reg was removed.  [/home/keshav/Documents/Workspace/corundum/fpga/mqnic/ADM_PCIE_9V3/fpga_25g/lib/axis/rtl/axis_arb_mux.v:289]
WARNING: [Synth 8-6014] Unused sequential element req_first_be_reg_reg was removed.  [/home/keshav/Documents/Workspace/corundum/fpga/mqnic/ADM_PCIE_9V3/fpga_25g/lib/pcie/rtl/pcie_axil_master.v:953]
WARNING: [Synth 8-3936] Found unconnected internal register 'rx_req_tlp_hdr_fmt_reg' and it is trimmed from '3' to '2' bits. [/home/keshav/Documents/Workspace/corundum/fpga/mqnic/ADM_PCIE_9V3/fpga_25g/lib/pcie/rtl/pcie_axil_master.v:351]
WARNING: [Synth 8-6014] Unused sequential element error_code_reg_reg was removed.  [/home/keshav/Documents/Workspace/corundum/fpga/mqnic/ADM_PCIE_9V3/fpga_25g/lib/pcie/rtl/dma_if_pcie_rd.v:1413]
WARNING: [Synth 8-6014] Unused sequential element zero_len_reg_reg was removed.  [/home/keshav/Documents/Workspace/corundum/fpga/mqnic/ADM_PCIE_9V3/fpga_25g/lib/pcie/rtl/dma_if_pcie_rd.v:1418]
WARNING: [Synth 8-6014] Unused sequential element ram_mask_0_reg_reg was removed.  [/home/keshav/Documents/Workspace/corundum/fpga/mqnic/ADM_PCIE_9V3/fpga_25g/lib/pcie/rtl/dma_if_pcie_rd.v:1420]
WARNING: [Synth 8-6014] Unused sequential element cycle_byte_count_reg_reg was removed.  [/home/keshav/Documents/Workspace/corundum/fpga/mqnic/ADM_PCIE_9V3/fpga_25g/lib/pcie/rtl/dma_if_pcie_rd.v:1423]
WARNING: [Synth 8-6014] Unused sequential element op_dword_count_reg_reg was removed.  [/home/keshav/Documents/Workspace/corundum/fpga/mqnic/ADM_PCIE_9V3/fpga_25g/lib/pcie/rtl/dma_if_pcie_rd.v:1426]
WARNING: [Synth 8-6014] Unused sequential element active_tag_count_reg_reg was removed.  [/home/keshav/Documents/Workspace/corundum/fpga/mqnic/ADM_PCIE_9V3/fpga_25g/lib/pcie/rtl/dma_if_pcie_rd.v:1507]
WARNING: [Synth 8-3936] Found unconnected internal register 'rx_cpl_tlp_hdr_tag_reg' and it is trimmed from '10' to '8' bits. [/home/keshav/Documents/Workspace/corundum/fpga/mqnic/ADM_PCIE_9V3/fpga_25g/lib/pcie/rtl/dma_if_pcie_rd.v:973]
WARNING: [Synth 8-3936] Found unconnected internal register 'rx_cpl_tlp_hdr_requester_id_reg' and it is trimmed from '16' to '8' bits. [/home/keshav/Documents/Workspace/corundum/fpga/mqnic/ADM_PCIE_9V3/fpga_25g/lib/pcie/rtl/dma_if_pcie_rd.v:990]
WARNING: [Synth 8-3936] Found unconnected internal register 'rx_cpl_tlp_hdr_lower_addr_reg' and it is trimmed from '7' to '2' bits. [/home/keshav/Documents/Workspace/corundum/fpga/mqnic/ADM_PCIE_9V3/fpga_25g/lib/pcie/rtl/dma_if_pcie_rd.v:992]
WARNING: [Synth 8-6014] Unused sequential element m_axis_read_desc_status_valid_reg_reg was removed.  [/home/keshav/Documents/Workspace/corundum/fpga/mqnic/ADM_PCIE_9V3/fpga_25g/lib/pcie/rtl/dma_if_pcie_rd.v:491]
WARNING: [Synth 8-6014] Unused sequential element stat_rd_req_start_valid_reg_reg was removed.  [/home/keshav/Documents/Workspace/corundum/fpga/mqnic/ADM_PCIE_9V3/fpga_25g/lib/pcie/rtl/dma_if_pcie_rd.v:505]
WARNING: [Synth 8-6014] Unused sequential element stat_rd_req_finish_valid_reg_reg was removed.  [/home/keshav/Documents/Workspace/corundum/fpga/mqnic/ADM_PCIE_9V3/fpga_25g/lib/pcie/rtl/dma_if_pcie_rd.v:508]
WARNING: [Synth 8-6014] Unused sequential element imm_reg_reg was removed.  [/home/keshav/Documents/Workspace/corundum/fpga/mqnic/ADM_PCIE_9V3/fpga_25g/lib/pcie/rtl/dma_if_pcie_wr.v:1031]
WARNING: [Synth 8-6014] Unused sequential element imm_en_reg_reg was removed.  [/home/keshav/Documents/Workspace/corundum/fpga/mqnic/ADM_PCIE_9V3/fpga_25g/lib/pcie/rtl/dma_if_pcie_wr.v:1032]
WARNING: [Synth 8-6014] Unused sequential element tr_count_reg_reg was removed.  [/home/keshav/Documents/Workspace/corundum/fpga/mqnic/ADM_PCIE_9V3/fpga_25g/lib/pcie/rtl/dma_if_pcie_wr.v:1034]
WARNING: [Synth 8-6014] Unused sequential element read_pcie_addr_reg_reg was removed.  [/home/keshav/Documents/Workspace/corundum/fpga/mqnic/ADM_PCIE_9V3/fpga_25g/lib/pcie/rtl/dma_if_pcie_wr.v:1039]
WARNING: [Synth 8-6014] Unused sequential element read_imm_en_reg_reg was removed.  [/home/keshav/Documents/Workspace/corundum/fpga/mqnic/ADM_PCIE_9V3/fpga_25g/lib/pcie/rtl/dma_if_pcie_wr.v:1042]
WARNING: [Synth 8-6014] Unused sequential element read_ram_mask_0_reg_reg was removed.  [/home/keshav/Documents/Workspace/corundum/fpga/mqnic/ADM_PCIE_9V3/fpga_25g/lib/pcie/rtl/dma_if_pcie_wr.v:1045]
WARNING: [Synth 8-6014] Unused sequential element ram_wrap_reg_reg was removed.  [/home/keshav/Documents/Workspace/corundum/fpga/mqnic/ADM_PCIE_9V3/fpga_25g/lib/pcie/rtl/dma_if_pcie_wr.v:1047]
INFO: [Common 17-14] Message 'Synth 8-6014' appears 100 times and further instances of the messages will be disabled. Use the Tcl command set_msg_config to change the current settings.
WARNING: [Synth 8-4767] Trying to implement RAM 'pba_mem_reg' in registers. Block RAM or DRAM implementation is not possible; see log for reasons. [/home/keshav/Documents/Workspace/corundum/fpga/mqnic/ADM_PCIE_9V3/fpga_25g/lib/pcie/rtl/pcie_msix.v:532]
Reason is one or more of the following :
	1: Only 1 word in RAM 
WARNING: [Synth 8-3936] Found unconnected internal register 'write_data_pipeline_reg_reg[3]' and it is trimmed from '32' to '2' bits. [/home/keshav/Documents/Workspace/corundum/fpga/mqnic/ADM_PCIE_9V3/fpga_25g/rtl/common/tx_scheduler_rr.v:824]
WARNING: [Synth 8-3936] Found unconnected internal register 'write_data_pipeline_next_reg[3]' and it is trimmed from '32' to '2' bits. [/home/keshav/Documents/Workspace/corundum/fpga/mqnic/ADM_PCIE_9V3/fpga_25g/rtl/common/tx_scheduler_rr.v:396]
WARNING: [Synth 8-3936] Found unconnected internal register 'write_data_pipeline_reg_reg[2]' and it is trimmed from '32' to '2' bits. [/home/keshav/Documents/Workspace/corundum/fpga/mqnic/ADM_PCIE_9V3/fpga_25g/rtl/common/tx_scheduler_rr.v:824]
WARNING: [Synth 8-3936] Found unconnected internal register 'write_data_pipeline_next_reg[2]' and it is trimmed from '32' to '2' bits. [/home/keshav/Documents/Workspace/corundum/fpga/mqnic/ADM_PCIE_9V3/fpga_25g/rtl/common/tx_scheduler_rr.v:396]
WARNING: [Synth 8-3936] Found unconnected internal register 'write_data_pipeline_reg_reg[1]' and it is trimmed from '32' to '2' bits. [/home/keshav/Documents/Workspace/corundum/fpga/mqnic/ADM_PCIE_9V3/fpga_25g/rtl/common/tx_scheduler_rr.v:824]
WARNING: [Synth 8-3936] Found unconnected internal register 'write_data_pipeline_next_reg[1]' and it is trimmed from '32' to '2' bits. [/home/keshav/Documents/Workspace/corundum/fpga/mqnic/ADM_PCIE_9V3/fpga_25g/rtl/common/tx_scheduler_rr.v:396]
WARNING: [Synth 8-3936] Found unconnected internal register 'write_data_pipeline_reg_reg[0]' and it is trimmed from '32' to '2' bits. [/home/keshav/Documents/Workspace/corundum/fpga/mqnic/ADM_PCIE_9V3/fpga_25g/rtl/common/tx_scheduler_rr.v:824]
WARNING: [Synth 8-3936] Found unconnected internal register 'write_strobe_pipeline_reg_reg[3]' and it is trimmed from '4' to '1' bits. [/home/keshav/Documents/Workspace/corundum/fpga/mqnic/ADM_PCIE_9V3/fpga_25g/rtl/common/tx_scheduler_rr.v:825]
WARNING: [Synth 8-3936] Found unconnected internal register 'write_strobe_pipeline_next_reg[3]' and it is trimmed from '4' to '1' bits. [/home/keshav/Documents/Workspace/corundum/fpga/mqnic/ADM_PCIE_9V3/fpga_25g/rtl/common/tx_scheduler_rr.v:397]
WARNING: [Synth 8-3936] Found unconnected internal register 'write_strobe_pipeline_reg_reg[2]' and it is trimmed from '4' to '1' bits. [/home/keshav/Documents/Workspace/corundum/fpga/mqnic/ADM_PCIE_9V3/fpga_25g/rtl/common/tx_scheduler_rr.v:825]
WARNING: [Synth 8-3936] Found unconnected internal register 'write_strobe_pipeline_next_reg[2]' and it is trimmed from '4' to '1' bits. [/home/keshav/Documents/Workspace/corundum/fpga/mqnic/ADM_PCIE_9V3/fpga_25g/rtl/common/tx_scheduler_rr.v:397]
WARNING: [Synth 8-3936] Found unconnected internal register 'write_strobe_pipeline_reg_reg[1]' and it is trimmed from '4' to '1' bits. [/home/keshav/Documents/Workspace/corundum/fpga/mqnic/ADM_PCIE_9V3/fpga_25g/rtl/common/tx_scheduler_rr.v:825]
WARNING: [Synth 8-3936] Found unconnected internal register 'write_strobe_pipeline_next_reg[1]' and it is trimmed from '4' to '1' bits. [/home/keshav/Documents/Workspace/corundum/fpga/mqnic/ADM_PCIE_9V3/fpga_25g/rtl/common/tx_scheduler_rr.v:397]
WARNING: [Synth 8-3936] Found unconnected internal register 'write_strobe_pipeline_reg_reg[0]' and it is trimmed from '4' to '1' bits. [/home/keshav/Documents/Workspace/corundum/fpga/mqnic/ADM_PCIE_9V3/fpga_25g/rtl/common/tx_scheduler_rr.v:825]
WARNING: [Synth 8-4767] Trying to implement RAM 'op_table_doorbell_reg' in registers. Block RAM or DRAM implementation is not possible; see log for reasons. [/home/keshav/Documents/Workspace/corundum/fpga/mqnic/ADM_PCIE_9V3/fpga_25g/rtl/common/tx_scheduler_rr.v:856]
Reason is one or more of the following :
	1: RAM has multiple writes via different ports in same process. If RAM inferencing intended, write to one port per process. 
	2: Invalid write to RAM. 
	3: Invalid write to RAM. 
	4: No valid clock found for write to RAM. 
WARNING: [Synth 8-3848] Net axil_csr_awready in module/entity fpga_core does not have driver. [/home/keshav/Documents/Workspace/corundum/fpga/mqnic/ADM_PCIE_9V3/fpga_25g/rtl/fpga_core.v:505]
WARNING: [Synth 8-3848] Net axil_csr_wready in module/entity fpga_core does not have driver. [/home/keshav/Documents/Workspace/corundum/fpga/mqnic/ADM_PCIE_9V3/fpga_25g/rtl/fpga_core.v:509]
WARNING: [Synth 8-3848] Net axil_csr_bresp in module/entity fpga_core does not have driver. [/home/keshav/Documents/Workspace/corundum/fpga/mqnic/ADM_PCIE_9V3/fpga_25g/rtl/fpga_core.v:510]
WARNING: [Synth 8-3848] Net axil_csr_bvalid in module/entity fpga_core does not have driver. [/home/keshav/Documents/Workspace/corundum/fpga/mqnic/ADM_PCIE_9V3/fpga_25g/rtl/fpga_core.v:511]
WARNING: [Synth 8-3848] Net axil_csr_arready in module/entity fpga_core does not have driver. [/home/keshav/Documents/Workspace/corundum/fpga/mqnic/ADM_PCIE_9V3/fpga_25g/rtl/fpga_core.v:516]
WARNING: [Synth 8-3848] Net axil_csr_rdata in module/entity fpga_core does not have driver. [/home/keshav/Documents/Workspace/corundum/fpga/mqnic/ADM_PCIE_9V3/fpga_25g/rtl/fpga_core.v:517]
WARNING: [Synth 8-3848] Net axil_csr_rresp in module/entity fpga_core does not have driver. [/home/keshav/Documents/Workspace/corundum/fpga/mqnic/ADM_PCIE_9V3/fpga_25g/rtl/fpga_core.v:518]
WARNING: [Synth 8-3848] Net axil_csr_rvalid in module/entity fpga_core does not have driver. [/home/keshav/Documents/Workspace/corundum/fpga/mqnic/ADM_PCIE_9V3/fpga_25g/rtl/fpga_core.v:519]
WARNING: [Synth 8-3917] design fpga has port ddr4_c0_par driven by constant 0
WARNING: [Synth 8-3917] design fpga has port ddr4_c0_reset_n driven by constant 0
WARNING: [Synth 8-3917] design fpga has port ddr4_c0_ten driven by constant 0
WARNING: [Synth 8-3917] design fpga has port ddr4_c1_par driven by constant 0
WARNING: [Synth 8-3917] design fpga has port ddr4_c1_reset_n driven by constant 0
WARNING: [Synth 8-3917] design fpga has port ddr4_c1_ten driven by constant 0
WARNING: [Synth 8-7129] Port s_axis_desc_imm[63] in module dma_if_desc_mux__parameterized2 is either unconnected or has no load
WARNING: [Synth 8-7129] Port s_axis_desc_imm[62] in module dma_if_desc_mux__parameterized2 is either unconnected or has no load
WARNING: [Synth 8-7129] Port s_axis_desc_imm[61] in module dma_if_desc_mux__parameterized2 is either unconnected or has no load
WARNING: [Synth 8-7129] Port s_axis_desc_imm[60] in module dma_if_desc_mux__parameterized2 is either unconnected or has no load
WARNING: [Synth 8-7129] Port s_axis_desc_imm[59] in module dma_if_desc_mux__parameterized2 is either unconnected or has no load
WARNING: [Synth 8-7129] Port s_axis_desc_imm[58] in module dma_if_desc_mux__parameterized2 is either unconnected or has no load
WARNING: [Synth 8-7129] Port s_axis_desc_imm[57] in module dma_if_desc_mux__parameterized2 is either unconnected or has no load
WARNING: [Synth 8-7129] Port s_axis_desc_imm[56] in module dma_if_desc_mux__parameterized2 is either unconnected or has no load
WARNING: [Synth 8-7129] Port s_axis_desc_imm[55] in module dma_if_desc_mux__parameterized2 is either unconnected or has no load
WARNING: [Synth 8-7129] Port s_axis_desc_imm[54] in module dma_if_desc_mux__parameterized2 is either unconnected or has no load
WARNING: [Synth 8-7129] Port s_axis_desc_imm[53] in module dma_if_desc_mux__parameterized2 is either unconnected or has no load
WARNING: [Synth 8-7129] Port s_axis_desc_imm[52] in module dma_if_desc_mux__parameterized2 is either unconnected or has no load
WARNING: [Synth 8-7129] Port s_axis_desc_imm[51] in module dma_if_desc_mux__parameterized2 is either unconnected or has no load
WARNING: [Synth 8-7129] Port s_axis_desc_imm[50] in module dma_if_desc_mux__parameterized2 is either unconnected or has no load
WARNING: [Synth 8-7129] Port s_axis_desc_imm[49] in module dma_if_desc_mux__parameterized2 is either unconnected or has no load
WARNING: [Synth 8-7129] Port s_axis_desc_imm[48] in module dma_if_desc_mux__parameterized2 is either unconnected or has no load
WARNING: [Synth 8-7129] Port s_axis_desc_imm[47] in module dma_if_desc_mux__parameterized2 is either unconnected or has no load
WARNING: [Synth 8-7129] Port s_axis_desc_imm[46] in module dma_if_desc_mux__parameterized2 is either unconnected or has no load
WARNING: [Synth 8-7129] Port s_axis_desc_imm[45] in module dma_if_desc_mux__parameterized2 is either unconnected or has no load
WARNING: [Synth 8-7129] Port s_axis_desc_imm[44] in module dma_if_desc_mux__parameterized2 is either unconnected or has no load
WARNING: [Synth 8-7129] Port s_axis_desc_imm[43] in module dma_if_desc_mux__parameterized2 is either unconnected or has no load
WARNING: [Synth 8-7129] Port s_axis_desc_imm[42] in module dma_if_desc_mux__parameterized2 is either unconnected or has no load
WARNING: [Synth 8-7129] Port s_axis_desc_imm[41] in module dma_if_desc_mux__parameterized2 is either unconnected or has no load
WARNING: [Synth 8-7129] Port s_axis_desc_imm[40] in module dma_if_desc_mux__parameterized2 is either unconnected or has no load
WARNING: [Synth 8-7129] Port s_axis_desc_imm[39] in module dma_if_desc_mux__parameterized2 is either unconnected or has no load
WARNING: [Synth 8-7129] Port s_axis_desc_imm[38] in module dma_if_desc_mux__parameterized2 is either unconnected or has no load
WARNING: [Synth 8-7129] Port s_axis_desc_imm[37] in module dma_if_desc_mux__parameterized2 is either unconnected or has no load
WARNING: [Synth 8-7129] Port s_axis_desc_imm[36] in module dma_if_desc_mux__parameterized2 is either unconnected or has no load
WARNING: [Synth 8-7129] Port s_axis_desc_imm[35] in module dma_if_desc_mux__parameterized2 is either unconnected or has no load
WARNING: [Synth 8-7129] Port s_axis_desc_imm[34] in module dma_if_desc_mux__parameterized2 is either unconnected or has no load
WARNING: [Synth 8-7129] Port s_axis_desc_imm[33] in module dma_if_desc_mux__parameterized2 is either unconnected or has no load
WARNING: [Synth 8-7129] Port s_axis_desc_imm[32] in module dma_if_desc_mux__parameterized2 is either unconnected or has no load
WARNING: [Synth 8-7129] Port s_axis_desc_imm[31] in module dma_if_desc_mux__parameterized2 is either unconnected or has no load
WARNING: [Synth 8-7129] Port s_axis_desc_imm[30] in module dma_if_desc_mux__parameterized2 is either unconnected or has no load
WARNING: [Synth 8-7129] Port s_axis_desc_imm[29] in module dma_if_desc_mux__parameterized2 is either unconnected or has no load
WARNING: [Synth 8-7129] Port s_axis_desc_imm[28] in module dma_if_desc_mux__parameterized2 is either unconnected or has no load
WARNING: [Synth 8-7129] Port s_axis_desc_imm[27] in module dma_if_desc_mux__parameterized2 is either unconnected or has no load
WARNING: [Synth 8-7129] Port s_axis_desc_imm[26] in module dma_if_desc_mux__parameterized2 is either unconnected or has no load
WARNING: [Synth 8-7129] Port s_axis_desc_imm[25] in module dma_if_desc_mux__parameterized2 is either unconnected or has no load
WARNING: [Synth 8-7129] Port s_axis_desc_imm[24] in module dma_if_desc_mux__parameterized2 is either unconnected or has no load
WARNING: [Synth 8-7129] Port s_axis_desc_imm[23] in module dma_if_desc_mux__parameterized2 is either unconnected or has no load
WARNING: [Synth 8-7129] Port s_axis_desc_imm[22] in module dma_if_desc_mux__parameterized2 is either unconnected or has no load
WARNING: [Synth 8-7129] Port s_axis_desc_imm[21] in module dma_if_desc_mux__parameterized2 is either unconnected or has no load
WARNING: [Synth 8-7129] Port s_axis_desc_imm[20] in module dma_if_desc_mux__parameterized2 is either unconnected or has no load
WARNING: [Synth 8-7129] Port s_axis_desc_imm[19] in module dma_if_desc_mux__parameterized2 is either unconnected or has no load
WARNING: [Synth 8-7129] Port s_axis_desc_imm[18] in module dma_if_desc_mux__parameterized2 is either unconnected or has no load
WARNING: [Synth 8-7129] Port s_axis_desc_imm[17] in module dma_if_desc_mux__parameterized2 is either unconnected or has no load
WARNING: [Synth 8-7129] Port s_axis_desc_imm[16] in module dma_if_desc_mux__parameterized2 is either unconnected or has no load
WARNING: [Synth 8-7129] Port s_axis_desc_imm[15] in module dma_if_desc_mux__parameterized2 is either unconnected or has no load
WARNING: [Synth 8-7129] Port s_axis_desc_imm[14] in module dma_if_desc_mux__parameterized2 is either unconnected or has no load
WARNING: [Synth 8-7129] Port s_axis_desc_imm[13] in module dma_if_desc_mux__parameterized2 is either unconnected or has no load
WARNING: [Synth 8-7129] Port s_axis_desc_imm[12] in module dma_if_desc_mux__parameterized2 is either unconnected or has no load
WARNING: [Synth 8-7129] Port s_axis_desc_imm[11] in module dma_if_desc_mux__parameterized2 is either unconnected or has no load
WARNING: [Synth 8-7129] Port s_axis_desc_imm[10] in module dma_if_desc_mux__parameterized2 is either unconnected or has no load
WARNING: [Synth 8-7129] Port s_axis_desc_imm[9] in module dma_if_desc_mux__parameterized2 is either unconnected or has no load
WARNING: [Synth 8-7129] Port s_axis_desc_imm[8] in module dma_if_desc_mux__parameterized2 is either unconnected or has no load
WARNING: [Synth 8-7129] Port s_axis_desc_imm[7] in module dma_if_desc_mux__parameterized2 is either unconnected or has no load
WARNING: [Synth 8-7129] Port s_axis_desc_imm[6] in module dma_if_desc_mux__parameterized2 is either unconnected or has no load
WARNING: [Synth 8-7129] Port s_axis_desc_imm[5] in module dma_if_desc_mux__parameterized2 is either unconnected or has no load
WARNING: [Synth 8-7129] Port s_axis_desc_imm[4] in module dma_if_desc_mux__parameterized2 is either unconnected or has no load
WARNING: [Synth 8-7129] Port s_axis_desc_imm[3] in module dma_if_desc_mux__parameterized2 is either unconnected or has no load
WARNING: [Synth 8-7129] Port s_axis_desc_imm[2] in module dma_if_desc_mux__parameterized2 is either unconnected or has no load
WARNING: [Synth 8-7129] Port s_axis_desc_imm[1] in module dma_if_desc_mux__parameterized2 is either unconnected or has no load
WARNING: [Synth 8-7129] Port s_axis_desc_imm[0] in module dma_if_desc_mux__parameterized2 is either unconnected or has no load
WARNING: [Synth 8-7129] Port s_axis_desc_imm_en[1] in module dma_if_desc_mux__parameterized2 is either unconnected or has no load
WARNING: [Synth 8-7129] Port s_axis_desc_imm_en[0] in module dma_if_desc_mux__parameterized2 is either unconnected or has no load
WARNING: [Synth 8-7129] Port s_axil_aprot[2] in module axil_crossbar_addr__parameterized5 is either unconnected or has no load
WARNING: [Synth 8-7129] Port s_axil_aprot[1] in module axil_crossbar_addr__parameterized5 is either unconnected or has no load
WARNING: [Synth 8-7129] Port s_axil_aprot[0] in module axil_crossbar_addr__parameterized5 is either unconnected or has no load
WARNING: [Synth 8-7129] Port s_axil_aprot[2] in module axil_crossbar_addr__parameterized3 is either unconnected or has no load
WARNING: [Synth 8-7129] Port s_axil_aprot[1] in module axil_crossbar_addr__parameterized3 is either unconnected or has no load
WARNING: [Synth 8-7129] Port s_axil_aprot[0] in module axil_crossbar_addr__parameterized3 is either unconnected or has no load
WARNING: [Synth 8-7129] Port s_axil_aprot[2] in module axil_crossbar_addr__parameterized2 is either unconnected or has no load
WARNING: [Synth 8-7129] Port s_axil_aprot[1] in module axil_crossbar_addr__parameterized2 is either unconnected or has no load
WARNING: [Synth 8-7129] Port s_axil_aprot[0] in module axil_crossbar_addr__parameterized2 is either unconnected or has no load
WARNING: [Synth 8-7129] Port s_axil_aprot[2] in module axil_crossbar_addr__parameterized1 is either unconnected or has no load
WARNING: [Synth 8-7129] Port s_axil_aprot[1] in module axil_crossbar_addr__parameterized1 is either unconnected or has no load
WARNING: [Synth 8-7129] Port s_axil_aprot[0] in module axil_crossbar_addr__parameterized1 is either unconnected or has no load
WARNING: [Synth 8-7129] Port reg_wr_addr[23] in module mqnic_rb_clk_info is either unconnected or has no load
WARNING: [Synth 8-7129] Port reg_wr_addr[22] in module mqnic_rb_clk_info is either unconnected or has no load
WARNING: [Synth 8-7129] Port reg_wr_addr[21] in module mqnic_rb_clk_info is either unconnected or has no load
WARNING: [Synth 8-7129] Port reg_wr_addr[20] in module mqnic_rb_clk_info is either unconnected or has no load
WARNING: [Synth 8-7129] Port reg_wr_addr[19] in module mqnic_rb_clk_info is either unconnected or has no load
WARNING: [Synth 8-7129] Port reg_wr_addr[18] in module mqnic_rb_clk_info is either unconnected or has no load
WARNING: [Synth 8-7129] Port reg_wr_addr[17] in module mqnic_rb_clk_info is either unconnected or has no load
WARNING: [Synth 8-7129] Port reg_wr_addr[16] in module mqnic_rb_clk_info is either unconnected or has no load
WARNING: [Synth 8-7129] Port reg_wr_addr[15] in module mqnic_rb_clk_info is either unconnected or has no load
WARNING: [Synth 8-7129] Port reg_wr_addr[14] in module mqnic_rb_clk_info is either unconnected or has no load
WARNING: [Synth 8-7129] Port reg_wr_addr[13] in module mqnic_rb_clk_info is either unconnected or has no load
WARNING: [Synth 8-7129] Port reg_wr_addr[12] in module mqnic_rb_clk_info is either unconnected or has no load
WARNING: [Synth 8-7129] Port reg_wr_addr[11] in module mqnic_rb_clk_info is either unconnected or has no load
WARNING: [Synth 8-7129] Port reg_wr_addr[10] in module mqnic_rb_clk_info is either unconnected or has no load
WARNING: [Synth 8-7129] Port reg_wr_addr[9] in module mqnic_rb_clk_info is either unconnected or has no load
WARNING: [Synth 8-7129] Port reg_wr_addr[8] in module mqnic_rb_clk_info is either unconnected or has no load
WARNING: [Synth 8-7129] Port reg_wr_addr[7] in module mqnic_rb_clk_info is either unconnected or has no load
WARNING: [Synth 8-7129] Port reg_wr_addr[6] in module mqnic_rb_clk_info is either unconnected or has no load
WARNING: [Synth 8-7129] Port reg_wr_addr[5] in module mqnic_rb_clk_info is either unconnected or has no load
WARNING: [Synth 8-7129] Port reg_wr_addr[4] in module mqnic_rb_clk_info is either unconnected or has no load
WARNING: [Synth 8-7129] Port reg_wr_addr[3] in module mqnic_rb_clk_info is either unconnected or has no load
WARNING: [Synth 8-7129] Port reg_wr_addr[2] in module mqnic_rb_clk_info is either unconnected or has no load
INFO: [Common 17-14] Message 'Synth 8-7129' appears 100 times and further instances of the messages will be disabled. Use the Tcl command set_msg_config to change the current settings.
---------------------------------------------------------------------------------
Finished RTL Elaboration : Time (s): cpu = 00:02:14 ; elapsed = 00:02:16 . Memory (MB): peak = 7056.695 ; gain = 4329.367 ; free physical = 42365 ; free virtual = 87258
---------------------------------------------------------------------------------
---------------------------------------------------------------------------------
Start Handling Custom Attributes
---------------------------------------------------------------------------------
---------------------------------------------------------------------------------
Finished Handling Custom Attributes : Time (s): cpu = 00:02:15 ; elapsed = 00:02:16 . Memory (MB): peak = 7056.695 ; gain = 4329.367 ; free physical = 42380 ; free virtual = 87274
---------------------------------------------------------------------------------
---------------------------------------------------------------------------------
Finished RTL Optimization Phase 1 : Time (s): cpu = 00:02:15 ; elapsed = 00:02:16 . Memory (MB): peak = 7056.695 ; gain = 4329.367 ; free physical = 42380 ; free virtual = 87274
---------------------------------------------------------------------------------
Netlist sorting complete. Time (s): cpu = 00:00:01 ; elapsed = 00:00:01 . Memory (MB): peak = 7056.695 ; gain = 0.000 ; free physical = 42373 ; free virtual = 87262
INFO: [Netlist 29-17] Analyzing 6 Unisim elements for replacement
INFO: [Netlist 29-28] Unisim Transformation completed in 0 CPU seconds
INFO: [Project 1-570] Preparing netlist for logic optimization

Processing XDC Constraints
Initializing timing engine
Parsing XDC File [/home/keshav/Documents/Workspace/corundum/fpga/mqnic/ADM_PCIE_9V3/fpga_25g/fpga/fpga.gen/sources_1/ip/pcie4_uscale_plus_0/pcie4_uscale_plus_0/pcie4_uscale_plus_0_in_context.xdc] for cell 'pcie4_uscale_plus_inst'
Finished Parsing XDC File [/home/keshav/Documents/Workspace/corundum/fpga/mqnic/ADM_PCIE_9V3/fpga_25g/fpga/fpga.gen/sources_1/ip/pcie4_uscale_plus_0/pcie4_uscale_plus_0/pcie4_uscale_plus_0_in_context.xdc] for cell 'pcie4_uscale_plus_inst'
Parsing XDC File [/home/keshav/Documents/Workspace/corundum/fpga/mqnic/ADM_PCIE_9V3/fpga_25g/fpga/fpga.gen/sources_1/ip/eth_xcvr_gty_full/eth_xcvr_gty_full/eth_xcvr_gty_full_in_context.xdc] for cell 'qsfp_0_phy_quad_inst/phy1.eth_xcvr_phy_1/xcvr_gty_com_usp.eth_xcvr_gty_full_inst'
Finished Parsing XDC File [/home/keshav/Documents/Workspace/corundum/fpga/mqnic/ADM_PCIE_9V3/fpga_25g/fpga/fpga.gen/sources_1/ip/eth_xcvr_gty_full/eth_xcvr_gty_full/eth_xcvr_gty_full_in_context.xdc] for cell 'qsfp_0_phy_quad_inst/phy1.eth_xcvr_phy_1/xcvr_gty_com_usp.eth_xcvr_gty_full_inst'
Parsing XDC File [/home/keshav/Documents/Workspace/corundum/fpga/mqnic/ADM_PCIE_9V3/fpga_25g/fpga/fpga.gen/sources_1/ip/eth_xcvr_gty_full/eth_xcvr_gty_full/eth_xcvr_gty_full_in_context.xdc] for cell 'qsfp_1_phy_quad_inst/phy1.eth_xcvr_phy_1/xcvr_gty_com_usp.eth_xcvr_gty_full_inst'
Finished Parsing XDC File [/home/keshav/Documents/Workspace/corundum/fpga/mqnic/ADM_PCIE_9V3/fpga_25g/fpga/fpga.gen/sources_1/ip/eth_xcvr_gty_full/eth_xcvr_gty_full/eth_xcvr_gty_full_in_context.xdc] for cell 'qsfp_1_phy_quad_inst/phy1.eth_xcvr_phy_1/xcvr_gty_com_usp.eth_xcvr_gty_full_inst'
Parsing XDC File [/home/keshav/Documents/Workspace/corundum/fpga/mqnic/ADM_PCIE_9V3/fpga_25g/fpga/fpga.gen/sources_1/ip/eth_xcvr_gty_channel/eth_xcvr_gty_channel/eth_xcvr_gty_channel_in_context.xdc] for cell 'qsfp_0_phy_quad_inst/phy2.eth_xcvr_phy_2/xcvr_gty.eth_xcvr_gty_channel_inst'
Finished Parsing XDC File [/home/keshav/Documents/Workspace/corundum/fpga/mqnic/ADM_PCIE_9V3/fpga_25g/fpga/fpga.gen/sources_1/ip/eth_xcvr_gty_channel/eth_xcvr_gty_channel/eth_xcvr_gty_channel_in_context.xdc] for cell 'qsfp_0_phy_quad_inst/phy2.eth_xcvr_phy_2/xcvr_gty.eth_xcvr_gty_channel_inst'
Parsing XDC File [/home/keshav/Documents/Workspace/corundum/fpga/mqnic/ADM_PCIE_9V3/fpga_25g/fpga/fpga.gen/sources_1/ip/eth_xcvr_gty_channel/eth_xcvr_gty_channel/eth_xcvr_gty_channel_in_context.xdc] for cell 'qsfp_0_phy_quad_inst/phy3.eth_xcvr_phy_3/xcvr_gty.eth_xcvr_gty_channel_inst'
Finished Parsing XDC File [/home/keshav/Documents/Workspace/corundum/fpga/mqnic/ADM_PCIE_9V3/fpga_25g/fpga/fpga.gen/sources_1/ip/eth_xcvr_gty_channel/eth_xcvr_gty_channel/eth_xcvr_gty_channel_in_context.xdc] for cell 'qsfp_0_phy_quad_inst/phy3.eth_xcvr_phy_3/xcvr_gty.eth_xcvr_gty_channel_inst'
Parsing XDC File [/home/keshav/Documents/Workspace/corundum/fpga/mqnic/ADM_PCIE_9V3/fpga_25g/fpga/fpga.gen/sources_1/ip/eth_xcvr_gty_channel/eth_xcvr_gty_channel/eth_xcvr_gty_channel_in_context.xdc] for cell 'qsfp_0_phy_quad_inst/phy4.eth_xcvr_phy_4/xcvr_gty.eth_xcvr_gty_channel_inst'
Finished Parsing XDC File [/home/keshav/Documents/Workspace/corundum/fpga/mqnic/ADM_PCIE_9V3/fpga_25g/fpga/fpga.gen/sources_1/ip/eth_xcvr_gty_channel/eth_xcvr_gty_channel/eth_xcvr_gty_channel_in_context.xdc] for cell 'qsfp_0_phy_quad_inst/phy4.eth_xcvr_phy_4/xcvr_gty.eth_xcvr_gty_channel_inst'
Parsing XDC File [/home/keshav/Documents/Workspace/corundum/fpga/mqnic/ADM_PCIE_9V3/fpga_25g/fpga/fpga.gen/sources_1/ip/eth_xcvr_gty_channel/eth_xcvr_gty_channel/eth_xcvr_gty_channel_in_context.xdc] for cell 'qsfp_1_phy_quad_inst/phy2.eth_xcvr_phy_2/xcvr_gty.eth_xcvr_gty_channel_inst'
Finished Parsing XDC File [/home/keshav/Documents/Workspace/corundum/fpga/mqnic/ADM_PCIE_9V3/fpga_25g/fpga/fpga.gen/sources_1/ip/eth_xcvr_gty_channel/eth_xcvr_gty_channel/eth_xcvr_gty_channel_in_context.xdc] for cell 'qsfp_1_phy_quad_inst/phy2.eth_xcvr_phy_2/xcvr_gty.eth_xcvr_gty_channel_inst'
Parsing XDC File [/home/keshav/Documents/Workspace/corundum/fpga/mqnic/ADM_PCIE_9V3/fpga_25g/fpga/fpga.gen/sources_1/ip/eth_xcvr_gty_channel/eth_xcvr_gty_channel/eth_xcvr_gty_channel_in_context.xdc] for cell 'qsfp_1_phy_quad_inst/phy3.eth_xcvr_phy_3/xcvr_gty.eth_xcvr_gty_channel_inst'
Finished Parsing XDC File [/home/keshav/Documents/Workspace/corundum/fpga/mqnic/ADM_PCIE_9V3/fpga_25g/fpga/fpga.gen/sources_1/ip/eth_xcvr_gty_channel/eth_xcvr_gty_channel/eth_xcvr_gty_channel_in_context.xdc] for cell 'qsfp_1_phy_quad_inst/phy3.eth_xcvr_phy_3/xcvr_gty.eth_xcvr_gty_channel_inst'
Parsing XDC File [/home/keshav/Documents/Workspace/corundum/fpga/mqnic/ADM_PCIE_9V3/fpga_25g/fpga/fpga.gen/sources_1/ip/eth_xcvr_gty_channel/eth_xcvr_gty_channel/eth_xcvr_gty_channel_in_context.xdc] for cell 'qsfp_1_phy_quad_inst/phy4.eth_xcvr_phy_4/xcvr_gty.eth_xcvr_gty_channel_inst'
Finished Parsing XDC File [/home/keshav/Documents/Workspace/corundum/fpga/mqnic/ADM_PCIE_9V3/fpga_25g/fpga/fpga.gen/sources_1/ip/eth_xcvr_gty_channel/eth_xcvr_gty_channel/eth_xcvr_gty_channel_in_context.xdc] for cell 'qsfp_1_phy_quad_inst/phy4.eth_xcvr_phy_4/xcvr_gty.eth_xcvr_gty_channel_inst'
Parsing XDC File [/home/keshav/Documents/Workspace/corundum/fpga/mqnic/ADM_PCIE_9V3/fpga_25g/fpga.xdc]
INFO: [Constraints 18-632] set_output_delay: No clock object specified, the clocks will be automatically identified [/home/keshav/Documents/Workspace/corundum/fpga/mqnic/ADM_PCIE_9V3/fpga_25g/fpga.xdc:38]
INFO: [Constraints 18-632] set_input_delay: No clock object specified, the clocks will be automatically identified [/home/keshav/Documents/Workspace/corundum/fpga/mqnic/ADM_PCIE_9V3/fpga_25g/fpga.xdc:45]
INFO: [Constraints 18-632] set_output_delay: No clock object specified, the clocks will be automatically identified [/home/keshav/Documents/Workspace/corundum/fpga/mqnic/ADM_PCIE_9V3/fpga_25g/fpga.xdc:108]
INFO: [Constraints 18-632] set_input_delay: No clock object specified, the clocks will be automatically identified [/home/keshav/Documents/Workspace/corundum/fpga/mqnic/ADM_PCIE_9V3/fpga_25g/fpga.xdc:110]
INFO: [Constraints 18-632] set_output_delay: No clock object specified, the clocks will be automatically identified [/home/keshav/Documents/Workspace/corundum/fpga/mqnic/ADM_PCIE_9V3/fpga_25g/fpga.xdc:113]
INFO: [Constraints 18-632] set_input_delay: No clock object specified, the clocks will be automatically identified [/home/keshav/Documents/Workspace/corundum/fpga/mqnic/ADM_PCIE_9V3/fpga_25g/fpga.xdc:115]
INFO: [Constraints 18-632] set_output_delay: No clock object specified, the clocks will be automatically identified [/home/keshav/Documents/Workspace/corundum/fpga/mqnic/ADM_PCIE_9V3/fpga_25g/fpga.xdc:123]
INFO: [Constraints 18-632] set_input_delay: No clock object specified, the clocks will be automatically identified [/home/keshav/Documents/Workspace/corundum/fpga/mqnic/ADM_PCIE_9V3/fpga_25g/fpga.xdc:125]
INFO: [Constraints 18-632] set_input_delay: No clock object specified, the clocks will be automatically identified [/home/keshav/Documents/Workspace/corundum/fpga/mqnic/ADM_PCIE_9V3/fpga_25g/fpga.xdc:204]
INFO: [Constraints 18-632] set_output_delay: No clock object specified, the clocks will be automatically identified [/home/keshav/Documents/Workspace/corundum/fpga/mqnic/ADM_PCIE_9V3/fpga_25g/fpga.xdc:490]
INFO: [Constraints 18-632] set_input_delay: No clock object specified, the clocks will be automatically identified [/home/keshav/Documents/Workspace/corundum/fpga/mqnic/ADM_PCIE_9V3/fpga_25g/fpga.xdc:492]
Finished Parsing XDC File [/home/keshav/Documents/Workspace/corundum/fpga/mqnic/ADM_PCIE_9V3/fpga_25g/fpga.xdc]
INFO: [Project 1-236] Implementation specific constraints were found while reading constraint file [/home/keshav/Documents/Workspace/corundum/fpga/mqnic/ADM_PCIE_9V3/fpga_25g/fpga.xdc]. These constraints will be ignored for synthesis but will be used in implementation. Impacted constraints are listed in the file [.Xil/fpga_propImpl.xdc].
Resolution: To avoid this warning, move constraints listed in [.Xil/fpga_propImpl.xdc] to another XDC file and exclude this new file from synthesis with the used_in_synthesis property (File Properties dialog in GUI) and re-run elaboration/synthesis.
Parsing XDC File [/home/keshav/Documents/Workspace/corundum/fpga/mqnic/ADM_PCIE_9V3/fpga_25g/placement.xdc]
Finished Parsing XDC File [/home/keshav/Documents/Workspace/corundum/fpga/mqnic/ADM_PCIE_9V3/fpga_25g/placement.xdc]
INFO: [Project 1-236] Implementation specific constraints were found while reading constraint file [/home/keshav/Documents/Workspace/corundum/fpga/mqnic/ADM_PCIE_9V3/fpga_25g/placement.xdc]. These constraints will be ignored for synthesis but will be used in implementation. Impacted constraints are listed in the file [.Xil/fpga_propImpl.xdc].
Resolution: To avoid this warning, move constraints listed in [.Xil/fpga_propImpl.xdc] to another XDC file and exclude this new file from synthesis with the used_in_synthesis property (File Properties dialog in GUI) and re-run elaboration/synthesis.
Parsing XDC File [/home/keshav/Documents/Workspace/corundum/fpga/mqnic/ADM_PCIE_9V3/fpga_25g/boot.xdc]
Finished Parsing XDC File [/home/keshav/Documents/Workspace/corundum/fpga/mqnic/ADM_PCIE_9V3/fpga_25g/boot.xdc]
Sourcing Tcl File [/home/keshav/Documents/Workspace/corundum/fpga/mqnic/ADM_PCIE_9V3/fpga_25g/lib/axis/syn/vivado/axis_async_fifo.tcl]
Inserting timing constraints for axis_async_fifo instance core_inst/core_inst/core_pcie_inst/core_inst/iface[0].interface_inst/port[0].port_inst/port_rx_inst/rx_async_fifo_inst/fifo_inst
INFO: [Timing 38-2] Deriving generated clocks [/home/keshav/Documents/Workspace/corundum/fpga/mqnic/ADM_PCIE_9V3/fpga_25g/lib/axis/syn/vivado/axis_async_fifo.tcl:23]
Inserting timing constraints for axis_async_fifo instance core_inst/core_inst/core_pcie_inst/core_inst/iface[0].interface_inst/port[0].port_inst/port_tx_inst/tx_cpl_fifo_inst
Inserting timing constraints for axis_async_fifo instance core_inst/core_inst/core_pcie_inst/core_inst/iface[0].interface_inst/port[0].port_inst/port_tx_inst/tx_async_fifo_inst/fifo_inst
Inserting timing constraints for axis_async_fifo instance core_inst/core_inst/core_pcie_inst/core_inst/iface[1].interface_inst/port[0].port_inst/port_rx_inst/rx_async_fifo_inst/fifo_inst
Inserting timing constraints for axis_async_fifo instance core_inst/core_inst/core_pcie_inst/core_inst/iface[1].interface_inst/port[0].port_inst/port_tx_inst/tx_cpl_fifo_inst
Inserting timing constraints for axis_async_fifo instance core_inst/core_inst/core_pcie_inst/core_inst/iface[1].interface_inst/port[0].port_inst/port_tx_inst/tx_async_fifo_inst/fifo_inst
Finished Sourcing Tcl File [/home/keshav/Documents/Workspace/corundum/fpga/mqnic/ADM_PCIE_9V3/fpga_25g/lib/axis/syn/vivado/axis_async_fifo.tcl]
INFO: [Project 1-236] Implementation specific constraints were found while reading constraint file [/home/keshav/Documents/Workspace/corundum/fpga/mqnic/ADM_PCIE_9V3/fpga_25g/lib/axis/syn/vivado/axis_async_fifo.tcl]. These constraints will be ignored for synthesis but will be used in implementation. Impacted constraints are listed in the file [.Xil/fpga_propImpl.xdc].
Resolution: To avoid this warning, move constraints listed in [.Xil/fpga_propImpl.xdc] to another XDC file and exclude this new file from synthesis with the used_in_synthesis property (File Properties dialog in GUI) and re-run elaboration/synthesis.
Sourcing Tcl File [/home/keshav/Documents/Workspace/corundum/fpga/mqnic/ADM_PCIE_9V3/fpga_25g/lib/axis/syn/vivado/sync_reset.tcl]
Inserting timing constraints for sync_reset instance qsfp_0_sync_reset_inst
Inserting timing constraints for sync_reset instance qsfp_1_sync_reset_inst
Inserting timing constraints for sync_reset instance sync_reset_125mhz_inst
Inserting timing constraints for sync_reset instance qsfp_0_phy_quad_inst/phy1.eth_xcvr_phy_1/rx_reset_sync_inst
Inserting timing constraints for sync_reset instance qsfp_0_phy_quad_inst/phy1.eth_xcvr_phy_1/sync_reset_common_reset_inst
Inserting timing constraints for sync_reset instance qsfp_0_phy_quad_inst/phy1.eth_xcvr_phy_1/tx_reset_sync_inst
Inserting timing constraints for sync_reset instance qsfp_0_phy_quad_inst/phy2.eth_xcvr_phy_2/rx_reset_sync_inst
Inserting timing constraints for sync_reset instance qsfp_0_phy_quad_inst/phy2.eth_xcvr_phy_2/sync_reset_common_reset_inst
Inserting timing constraints for sync_reset instance qsfp_0_phy_quad_inst/phy2.eth_xcvr_phy_2/tx_reset_sync_inst
Inserting timing constraints for sync_reset instance qsfp_0_phy_quad_inst/phy3.eth_xcvr_phy_3/rx_reset_sync_inst
Inserting timing constraints for sync_reset instance qsfp_0_phy_quad_inst/phy3.eth_xcvr_phy_3/sync_reset_common_reset_inst
Inserting timing constraints for sync_reset instance qsfp_0_phy_quad_inst/phy3.eth_xcvr_phy_3/tx_reset_sync_inst
Inserting timing constraints for sync_reset instance qsfp_0_phy_quad_inst/phy4.eth_xcvr_phy_4/rx_reset_sync_inst
Inserting timing constraints for sync_reset instance qsfp_0_phy_quad_inst/phy4.eth_xcvr_phy_4/sync_reset_common_reset_inst
Inserting timing constraints for sync_reset instance qsfp_0_phy_quad_inst/phy4.eth_xcvr_phy_4/tx_reset_sync_inst
Inserting timing constraints for sync_reset instance qsfp_1_phy_quad_inst/phy1.eth_xcvr_phy_1/rx_reset_sync_inst
Inserting timing constraints for sync_reset instance qsfp_1_phy_quad_inst/phy1.eth_xcvr_phy_1/sync_reset_common_reset_inst
Inserting timing constraints for sync_reset instance qsfp_1_phy_quad_inst/phy1.eth_xcvr_phy_1/tx_reset_sync_inst
Inserting timing constraints for sync_reset instance qsfp_1_phy_quad_inst/phy2.eth_xcvr_phy_2/rx_reset_sync_inst
Inserting timing constraints for sync_reset instance qsfp_1_phy_quad_inst/phy2.eth_xcvr_phy_2/sync_reset_common_reset_inst
Inserting timing constraints for sync_reset instance qsfp_1_phy_quad_inst/phy2.eth_xcvr_phy_2/tx_reset_sync_inst
Inserting timing constraints for sync_reset instance qsfp_1_phy_quad_inst/phy3.eth_xcvr_phy_3/rx_reset_sync_inst
Inserting timing constraints for sync_reset instance qsfp_1_phy_quad_inst/phy3.eth_xcvr_phy_3/sync_reset_common_reset_inst
Inserting timing constraints for sync_reset instance qsfp_1_phy_quad_inst/phy3.eth_xcvr_phy_3/tx_reset_sync_inst
Inserting timing constraints for sync_reset instance qsfp_1_phy_quad_inst/phy4.eth_xcvr_phy_4/rx_reset_sync_inst
Inserting timing constraints for sync_reset instance qsfp_1_phy_quad_inst/phy4.eth_xcvr_phy_4/sync_reset_common_reset_inst
Inserting timing constraints for sync_reset instance qsfp_1_phy_quad_inst/phy4.eth_xcvr_phy_4/tx_reset_sync_inst
Finished Sourcing Tcl File [/home/keshav/Documents/Workspace/corundum/fpga/mqnic/ADM_PCIE_9V3/fpga_25g/lib/axis/syn/vivado/sync_reset.tcl]
INFO: [Project 1-236] Implementation specific constraints were found while reading constraint file [/home/keshav/Documents/Workspace/corundum/fpga/mqnic/ADM_PCIE_9V3/fpga_25g/lib/axis/syn/vivado/sync_reset.tcl]. These constraints will be ignored for synthesis but will be used in implementation. Impacted constraints are listed in the file [.Xil/fpga_propImpl.xdc].
Resolution: To avoid this warning, move constraints listed in [.Xil/fpga_propImpl.xdc] to another XDC file and exclude this new file from synthesis with the used_in_synthesis property (File Properties dialog in GUI) and re-run elaboration/synthesis.
Sourcing Tcl File [/home/keshav/Documents/Workspace/corundum/fpga/mqnic/ADM_PCIE_9V3/fpga_25g/lib/eth/syn/vivado/ptp_td_leaf.tcl]
Inserting timing constraints for ptp_td_leaf instance core_inst/core_inst/core_pcie_inst/core_inst/iface[0].port[0].ptp.rx_ptp_td_leaf_inst
Inserting timing constraints for ptp_td_leaf instance core_inst/core_inst/core_pcie_inst/core_inst/iface[0].port[0].ptp.tx_ptp_td_leaf_inst
Inserting timing constraints for ptp_td_leaf instance core_inst/core_inst/core_pcie_inst/core_inst/iface[1].port[0].ptp.rx_ptp_td_leaf_inst
Inserting timing constraints for ptp_td_leaf instance core_inst/core_inst/core_pcie_inst/core_inst/iface[1].port[0].ptp.tx_ptp_td_leaf_inst
Inserting timing constraints for ptp_td_leaf instance core_inst/core_inst/core_pcie_inst/core_inst/mqnic_ptp_inst/ptp_clock_inst/ptp_td_leaf_inst
Finished Sourcing Tcl File [/home/keshav/Documents/Workspace/corundum/fpga/mqnic/ADM_PCIE_9V3/fpga_25g/lib/eth/syn/vivado/ptp_td_leaf.tcl]
INFO: [Project 1-236] Implementation specific constraints were found while reading constraint file [/home/keshav/Documents/Workspace/corundum/fpga/mqnic/ADM_PCIE_9V3/fpga_25g/lib/eth/syn/vivado/ptp_td_leaf.tcl]. These constraints will be ignored for synthesis but will be used in implementation. Impacted constraints are listed in the file [.Xil/fpga_propImpl.xdc].
Resolution: To avoid this warning, move constraints listed in [.Xil/fpga_propImpl.xdc] to another XDC file and exclude this new file from synthesis with the used_in_synthesis property (File Properties dialog in GUI) and re-run elaboration/synthesis.
Sourcing Tcl File [/home/keshav/Documents/Workspace/corundum/fpga/common/syn/vivado/mqnic_port.tcl]
Inserting timing constraints for mqnic_port instance core_inst/core_inst/core_pcie_inst/core_inst/iface[0].interface_inst/port[0].port_inst
WARNING: [Vivado 12-180] No cells matched 'tx_fc_quanta_step_sync_1_reg_reg[*]'. [/home/keshav/Documents/Workspace/corundum/fpga/common/syn/vivado/mqnic_port.tcl:6]
WARNING: [Vivado 12-180] No cells matched 'tx_fc_quanta_step_sync_2_reg_reg[*]'. [/home/keshav/Documents/Workspace/corundum/fpga/common/syn/vivado/mqnic_port.tcl:6]
WARNING: [Vivado 12-180] No cells matched 'rx_fc_quanta_step_sync_1_reg_reg[*]'. [/home/keshav/Documents/Workspace/corundum/fpga/common/syn/vivado/mqnic_port.tcl:6]
WARNING: [Vivado 12-180] No cells matched 'rx_fc_quanta_step_sync_2_reg_reg[*]'. [/home/keshav/Documents/Workspace/corundum/fpga/common/syn/vivado/mqnic_port.tcl:6]
Inserting timing constraints for mqnic_port instance core_inst/core_inst/core_pcie_inst/core_inst/iface[1].interface_inst/port[0].port_inst
WARNING: [Vivado 12-180] No cells matched 'tx_fc_quanta_step_sync_1_reg_reg[*]'. [/home/keshav/Documents/Workspace/corundum/fpga/common/syn/vivado/mqnic_port.tcl:6]
WARNING: [Vivado 12-180] No cells matched 'tx_fc_quanta_step_sync_2_reg_reg[*]'. [/home/keshav/Documents/Workspace/corundum/fpga/common/syn/vivado/mqnic_port.tcl:6]
WARNING: [Vivado 12-180] No cells matched 'rx_fc_quanta_step_sync_1_reg_reg[*]'. [/home/keshav/Documents/Workspace/corundum/fpga/common/syn/vivado/mqnic_port.tcl:6]
WARNING: [Vivado 12-180] No cells matched 'rx_fc_quanta_step_sync_2_reg_reg[*]'. [/home/keshav/Documents/Workspace/corundum/fpga/common/syn/vivado/mqnic_port.tcl:6]
Finished Sourcing Tcl File [/home/keshav/Documents/Workspace/corundum/fpga/common/syn/vivado/mqnic_port.tcl]
INFO: [Project 1-236] Implementation specific constraints were found while reading constraint file [/home/keshav/Documents/Workspace/corundum/fpga/common/syn/vivado/mqnic_port.tcl]. These constraints will be ignored for synthesis but will be used in implementation. Impacted constraints are listed in the file [.Xil/fpga_propImpl.xdc].
Resolution: To avoid this warning, move constraints listed in [.Xil/fpga_propImpl.xdc] to another XDC file and exclude this new file from synthesis with the used_in_synthesis property (File Properties dialog in GUI) and re-run elaboration/synthesis.
Sourcing Tcl File [/home/keshav/Documents/Workspace/corundum/fpga/common/syn/vivado/mqnic_ptp_clock.tcl]
Inserting timing constraints for mqnic_ptp_clock instance core_inst/core_inst/core_pcie_inst/core_inst/mqnic_ptp_inst/ptp_clock_inst
Finished Sourcing Tcl File [/home/keshav/Documents/Workspace/corundum/fpga/common/syn/vivado/mqnic_ptp_clock.tcl]
INFO: [Project 1-236] Implementation specific constraints were found while reading constraint file [/home/keshav/Documents/Workspace/corundum/fpga/common/syn/vivado/mqnic_ptp_clock.tcl]. These constraints will be ignored for synthesis but will be used in implementation. Impacted constraints are listed in the file [.Xil/fpga_propImpl.xdc].
Resolution: To avoid this warning, move constraints listed in [.Xil/fpga_propImpl.xdc] to another XDC file and exclude this new file from synthesis with the used_in_synthesis property (File Properties dialog in GUI) and re-run elaboration/synthesis.
Sourcing Tcl File [/home/keshav/Documents/Workspace/corundum/fpga/common/syn/vivado/mqnic_rb_clk_info.tcl]
Inserting timing constraints for mqnic_rb_clk_info instance core_inst/core_inst/core_pcie_inst/core_inst/mqnic_rb_clk_info_inst
Finished Sourcing Tcl File [/home/keshav/Documents/Workspace/corundum/fpga/common/syn/vivado/mqnic_rb_clk_info.tcl]
INFO: [Project 1-236] Implementation specific constraints were found while reading constraint file [/home/keshav/Documents/Workspace/corundum/fpga/common/syn/vivado/mqnic_rb_clk_info.tcl]. These constraints will be ignored for synthesis but will be used in implementation. Impacted constraints are listed in the file [.Xil/fpga_propImpl.xdc].
Resolution: To avoid this warning, move constraints listed in [.Xil/fpga_propImpl.xdc] to another XDC file and exclude this new file from synthesis with the used_in_synthesis property (File Properties dialog in GUI) and re-run elaboration/synthesis.
Sourcing Tcl File [/home/keshav/Documents/Workspace/corundum/fpga/common/syn/vivado/rb_drp.tcl]
Inserting timing constraints for rb_drp instance core_inst/qsfp_0_rb_drp_inst
Inserting timing constraints for rb_drp instance core_inst/qsfp_1_rb_drp_inst
Finished Sourcing Tcl File [/home/keshav/Documents/Workspace/corundum/fpga/common/syn/vivado/rb_drp.tcl]
INFO: [Project 1-236] Implementation specific constraints were found while reading constraint file [/home/keshav/Documents/Workspace/corundum/fpga/common/syn/vivado/rb_drp.tcl]. These constraints will be ignored for synthesis but will be used in implementation. Impacted constraints are listed in the file [.Xil/fpga_propImpl.xdc].
Resolution: To avoid this warning, move constraints listed in [.Xil/fpga_propImpl.xdc] to another XDC file and exclude this new file from synthesis with the used_in_synthesis property (File Properties dialog in GUI) and re-run elaboration/synthesis.
Sourcing Tcl File [/home/keshav/Documents/Workspace/corundum/fpga/common/syn/vivado/eth_xcvr_phy_10g_gty_wrapper.tcl]
Inserting timing constraints for eth_xcvr_phy_10g_gty_wrapper instance qsfp_0_phy_quad_inst/phy1.eth_xcvr_phy_1
Inserting timing constraints for eth_xcvr_phy_10g_gty_wrapper instance qsfp_0_phy_quad_inst/phy2.eth_xcvr_phy_2
Inserting timing constraints for eth_xcvr_phy_10g_gty_wrapper instance qsfp_0_phy_quad_inst/phy3.eth_xcvr_phy_3
Inserting timing constraints for eth_xcvr_phy_10g_gty_wrapper instance qsfp_0_phy_quad_inst/phy4.eth_xcvr_phy_4
Inserting timing constraints for eth_xcvr_phy_10g_gty_wrapper instance qsfp_1_phy_quad_inst/phy1.eth_xcvr_phy_1
Inserting timing constraints for eth_xcvr_phy_10g_gty_wrapper instance qsfp_1_phy_quad_inst/phy2.eth_xcvr_phy_2
Inserting timing constraints for eth_xcvr_phy_10g_gty_wrapper instance qsfp_1_phy_quad_inst/phy3.eth_xcvr_phy_3
Inserting timing constraints for eth_xcvr_phy_10g_gty_wrapper instance qsfp_1_phy_quad_inst/phy4.eth_xcvr_phy_4
Finished Sourcing Tcl File [/home/keshav/Documents/Workspace/corundum/fpga/common/syn/vivado/eth_xcvr_phy_10g_gty_wrapper.tcl]
INFO: [Project 1-236] Implementation specific constraints were found while reading constraint file [/home/keshav/Documents/Workspace/corundum/fpga/common/syn/vivado/eth_xcvr_phy_10g_gty_wrapper.tcl]. These constraints will be ignored for synthesis but will be used in implementation. Impacted constraints are listed in the file [.Xil/fpga_propImpl.xdc].
Resolution: To avoid this warning, move constraints listed in [.Xil/fpga_propImpl.xdc] to another XDC file and exclude this new file from synthesis with the used_in_synthesis property (File Properties dialog in GUI) and re-run elaboration/synthesis.
Sourcing Tcl File [/home/keshav/Documents/Workspace/corundum/fpga/common/syn/vivado/tdma_ber_ch.tcl]
WARNING: [Vivado 12-180] No cells matched 'get_cells -hier -filter {(ORIG_REF_NAME == tdma_ber_ch || REF_NAME == tdma_ber_ch)}'. [/home/keshav/Documents/Workspace/corundum/fpga/common/syn/vivado/tdma_ber_ch.tcl:6]
Finished Sourcing Tcl File [/home/keshav/Documents/Workspace/corundum/fpga/common/syn/vivado/tdma_ber_ch.tcl]
INFO: [Project 1-236] Implementation specific constraints were found while reading constraint file [/home/keshav/Documents/Workspace/corundum/fpga/common/syn/vivado/tdma_ber_ch.tcl]. These constraints will be ignored for synthesis but will be used in implementation. Impacted constraints are listed in the file [.Xil/fpga_propImpl.xdc].
Resolution: To avoid this warning, move constraints listed in [.Xil/fpga_propImpl.xdc] to another XDC file and exclude this new file from synthesis with the used_in_synthesis property (File Properties dialog in GUI) and re-run elaboration/synthesis.
Completed Processing XDC Constraints

Netlist sorting complete. Time (s): cpu = 00:00:00.06 ; elapsed = 00:00:00.05 . Memory (MB): peak = 7627.957 ; gain = 0.000 ; free physical = 43938 ; free virtual = 88843
INFO: [Project 1-111] Unisim Transformation Summary:
  A total of 6 instances were transformed.
  BUFG => BUFGCE: 2 instances
  IBUFGDS => IBUFDS (DIFFINBUF, IBUFCTRL): 1 instance 
  MMCME4_BASE => MMCME4_ADV: 1 instance 
  OBUFTDS => OBUFTDS_DUAL_BUF (INV, OBUFT(x2)): 2 instances

INFO: [Synth 8-802] inferred FSM for state register 'tx_reset_state_reg_reg' in module 'eth_xcvr_phy_10g_gty_wrapper__xdcDup__1'
INFO: [Synth 8-802] inferred FSM for state register 'rx_reset_state_reg_reg' in module 'eth_xcvr_phy_10g_gty_wrapper__xdcDup__1'
INFO: [Synth 8-802] inferred FSM for state register 'tx_reset_state_reg_reg' in module 'eth_xcvr_phy_10g_gty_wrapper__parameterized0__xdcDup__1'
INFO: [Synth 8-802] inferred FSM for state register 'rx_reset_state_reg_reg' in module 'eth_xcvr_phy_10g_gty_wrapper__parameterized0__xdcDup__1'
INFO: [Synth 8-802] inferred FSM for state register 'tx_reset_state_reg_reg' in module 'eth_xcvr_phy_10g_gty_wrapper__parameterized0__xdcDup__2'
INFO: [Synth 8-802] inferred FSM for state register 'rx_reset_state_reg_reg' in module 'eth_xcvr_phy_10g_gty_wrapper__parameterized0__xdcDup__2'
INFO: [Synth 8-802] inferred FSM for state register 'tx_reset_state_reg_reg' in module 'eth_xcvr_phy_10g_gty_wrapper__parameterized0__xdcDup__3'
INFO: [Synth 8-802] inferred FSM for state register 'rx_reset_state_reg_reg' in module 'eth_xcvr_phy_10g_gty_wrapper__parameterized0__xdcDup__3'
INFO: [Synth 8-802] inferred FSM for state register 'tx_reset_state_reg_reg' in module 'eth_xcvr_phy_10g_gty_wrapper'
INFO: [Synth 8-802] inferred FSM for state register 'rx_reset_state_reg_reg' in module 'eth_xcvr_phy_10g_gty_wrapper'
INFO: [Synth 8-802] inferred FSM for state register 'tx_reset_state_reg_reg' in module 'eth_xcvr_phy_10g_gty_wrapper__parameterized0__xdcDup__4'
INFO: [Synth 8-802] inferred FSM for state register 'rx_reset_state_reg_reg' in module 'eth_xcvr_phy_10g_gty_wrapper__parameterized0__xdcDup__4'
INFO: [Synth 8-802] inferred FSM for state register 'tx_reset_state_reg_reg' in module 'eth_xcvr_phy_10g_gty_wrapper__parameterized0__xdcDup__5'
INFO: [Synth 8-802] inferred FSM for state register 'rx_reset_state_reg_reg' in module 'eth_xcvr_phy_10g_gty_wrapper__parameterized0__xdcDup__5'
INFO: [Synth 8-802] inferred FSM for state register 'tx_reset_state_reg_reg' in module 'eth_xcvr_phy_10g_gty_wrapper__parameterized0'
INFO: [Synth 8-802] inferred FSM for state register 'rx_reset_state_reg_reg' in module 'eth_xcvr_phy_10g_gty_wrapper__parameterized0'
INFO: [Synth 8-802] inferred FSM for state register 'state_reg_reg' in module 'axis_xgmii_rx_64'
INFO: [Synth 8-802] inferred FSM for state register 'state_reg_reg' in module 'axis_xgmii_tx_64'
INFO: [Synth 8-802] inferred FSM for state register 'drp_state_reg_reg' in module 'rb_drp'
INFO: [Synth 8-802] inferred FSM for state register 'rb_state_reg_reg' in module 'rb_drp'
INFO: [Synth 8-802] inferred FSM for state register 'drp_state_reg_reg' in module 'rb_drp__parameterized0'
INFO: [Synth 8-802] inferred FSM for state register 'rb_state_reg_reg' in module 'rb_drp__parameterized0'
WARNING: [Synth 8-3936] Found unconnected internal register 'tlp_len_reg_reg' and it is trimmed from '12' to '2' bits. [/home/keshav/Documents/Workspace/corundum/fpga/mqnic/ADM_PCIE_9V3/fpga_25g/lib/pcie/rtl/dma_if_pcie_wr.v:1057]
WARNING: [Synth 8-3936] Found unconnected internal register 'read_cmd_pcie_addr_reg_reg' and it is trimmed from '64' to '2' bits. [/home/keshav/Documents/Workspace/corundum/fpga/mqnic/ADM_PCIE_9V3/fpga_25g/lib/pcie/rtl/dma_if_pcie_wr.v:1067]
INFO: [Synth 8-802] inferred FSM for state register 'state_reg_reg' in module 'pcie_msix'
INFO: [Synth 8-802] inferred FSM for state register 'state_reg_reg' in module 'axil_crossbar_addr'
INFO: [Synth 8-802] inferred FSM for state register 'state_reg_reg' in module 'axil_crossbar_addr__parameterized0'
INFO: [Synth 8-802] inferred FSM for state register 'update_state_reg_reg' in module 'ptp_td_phc'
INFO: [Synth 8-802] inferred FSM for state register 'td_msg_i_reg_reg' in module 'ptp_td_phc'
INFO: [Synth 8-802] inferred FSM for state register 'state_reg_reg' in module 'axil_crossbar_addr__parameterized1'
INFO: [Synth 8-802] inferred FSM for state register 'state_reg_reg' in module 'axil_crossbar_addr__parameterized2'
INFO: [Synth 8-802] inferred FSM for state register 'state_reg_reg' in module 'axil_crossbar_addr__parameterized3'
INFO: [Synth 8-802] inferred FSM for state register 'state_reg_reg' in module 'axil_crossbar_addr__parameterized5'
INFO: [Synth 8-802] inferred FSM for state register 'icap_state_reg' in module 'fpga'
---------------------------------------------------------------------------------------------------
                   State |                     New Encoding |                Previous Encoding 
---------------------------------------------------------------------------------------------------
    TX_RESET_STATE_RESET |                               00 |                               00
TX_RESET_STATE_WAIT_LOCK |                               01 |                               01
TX_RESET_STATE_WAIT_USRCLK |                               10 |                               10
     TX_RESET_STATE_DONE |                               11 |                               11
---------------------------------------------------------------------------------------------------
INFO: [Synth 8-3354] encoded FSM with state register 'tx_reset_state_reg_reg' using encoding 'sequential' in module 'eth_xcvr_phy_10g_gty_wrapper__xdcDup__1'
---------------------------------------------------------------------------------------------------
                   State |                     New Encoding |                Previous Encoding 
---------------------------------------------------------------------------------------------------
    RX_RESET_STATE_RESET |                            00001 |                              000
RX_RESET_STATE_WAIT_LOCK |                            00010 |                              001
 RX_RESET_STATE_WAIT_CDR |                            00100 |                              010
RX_RESET_STATE_WAIT_USRCLK |                            01000 |                              011
     RX_RESET_STATE_DONE |                            10000 |                              100
---------------------------------------------------------------------------------------------------
INFO: [Synth 8-3354] encoded FSM with state register 'rx_reset_state_reg_reg' using encoding 'one-hot' in module 'eth_xcvr_phy_10g_gty_wrapper__xdcDup__1'
---------------------------------------------------------------------------------------------------
                   State |                     New Encoding |                Previous Encoding 
---------------------------------------------------------------------------------------------------
    TX_RESET_STATE_RESET |                               00 |                               00
TX_RESET_STATE_WAIT_LOCK |                               01 |                               01
TX_RESET_STATE_WAIT_USRCLK |                               10 |                               10
     TX_RESET_STATE_DONE |                               11 |                               11
---------------------------------------------------------------------------------------------------
INFO: [Synth 8-3354] encoded FSM with state register 'tx_reset_state_reg_reg' using encoding 'sequential' in module 'eth_xcvr_phy_10g_gty_wrapper__parameterized0__xdcDup__1'
---------------------------------------------------------------------------------------------------
                   State |                     New Encoding |                Previous Encoding 
---------------------------------------------------------------------------------------------------
    RX_RESET_STATE_RESET |                            00001 |                              000
RX_RESET_STATE_WAIT_LOCK |                            00010 |                              001
 RX_RESET_STATE_WAIT_CDR |                            00100 |                              010
RX_RESET_STATE_WAIT_USRCLK |                            01000 |                              011
     RX_RESET_STATE_DONE |                            10000 |                              100
---------------------------------------------------------------------------------------------------
INFO: [Synth 8-3354] encoded FSM with state register 'rx_reset_state_reg_reg' using encoding 'one-hot' in module 'eth_xcvr_phy_10g_gty_wrapper__parameterized0__xdcDup__1'
---------------------------------------------------------------------------------------------------
                   State |                     New Encoding |                Previous Encoding 
---------------------------------------------------------------------------------------------------
    TX_RESET_STATE_RESET |                               00 |                               00
TX_RESET_STATE_WAIT_LOCK |                               01 |                               01
TX_RESET_STATE_WAIT_USRCLK |                               10 |                               10
     TX_RESET_STATE_DONE |                               11 |                               11
---------------------------------------------------------------------------------------------------
INFO: [Synth 8-3354] encoded FSM with state register 'tx_reset_state_reg_reg' using encoding 'sequential' in module 'eth_xcvr_phy_10g_gty_wrapper__parameterized0__xdcDup__2'
---------------------------------------------------------------------------------------------------
                   State |                     New Encoding |                Previous Encoding 
---------------------------------------------------------------------------------------------------
    RX_RESET_STATE_RESET |                            00001 |                              000
RX_RESET_STATE_WAIT_LOCK |                            00010 |                              001
 RX_RESET_STATE_WAIT_CDR |                            00100 |                              010
RX_RESET_STATE_WAIT_USRCLK |                            01000 |                              011
     RX_RESET_STATE_DONE |                            10000 |                              100
---------------------------------------------------------------------------------------------------
INFO: [Synth 8-3354] encoded FSM with state register 'rx_reset_state_reg_reg' using encoding 'one-hot' in module 'eth_xcvr_phy_10g_gty_wrapper__parameterized0__xdcDup__2'
---------------------------------------------------------------------------------------------------
                   State |                     New Encoding |                Previous Encoding 
---------------------------------------------------------------------------------------------------
    TX_RESET_STATE_RESET |                               00 |                               00
TX_RESET_STATE_WAIT_LOCK |                               01 |                               01
TX_RESET_STATE_WAIT_USRCLK |                               10 |                               10
     TX_RESET_STATE_DONE |                               11 |                               11
---------------------------------------------------------------------------------------------------
INFO: [Synth 8-3354] encoded FSM with state register 'tx_reset_state_reg_reg' using encoding 'sequential' in module 'eth_xcvr_phy_10g_gty_wrapper__parameterized0__xdcDup__3'
---------------------------------------------------------------------------------------------------
                   State |                     New Encoding |                Previous Encoding 
---------------------------------------------------------------------------------------------------
    RX_RESET_STATE_RESET |                            00001 |                              000
RX_RESET_STATE_WAIT_LOCK |                            00010 |                              001
 RX_RESET_STATE_WAIT_CDR |                            00100 |                              010
RX_RESET_STATE_WAIT_USRCLK |                            01000 |                              011
     RX_RESET_STATE_DONE |                            10000 |                              100
---------------------------------------------------------------------------------------------------
INFO: [Synth 8-3354] encoded FSM with state register 'rx_reset_state_reg_reg' using encoding 'one-hot' in module 'eth_xcvr_phy_10g_gty_wrapper__parameterized0__xdcDup__3'
---------------------------------------------------------------------------------------------------
                   State |                     New Encoding |                Previous Encoding 
---------------------------------------------------------------------------------------------------
    TX_RESET_STATE_RESET |                               00 |                               00
TX_RESET_STATE_WAIT_LOCK |                               01 |                               01
TX_RESET_STATE_WAIT_USRCLK |                               10 |                               10
     TX_RESET_STATE_DONE |                               11 |                               11
---------------------------------------------------------------------------------------------------
INFO: [Synth 8-3354] encoded FSM with state register 'tx_reset_state_reg_reg' using encoding 'sequential' in module 'eth_xcvr_phy_10g_gty_wrapper'
---------------------------------------------------------------------------------------------------
                   State |                     New Encoding |                Previous Encoding 
---------------------------------------------------------------------------------------------------
    RX_RESET_STATE_RESET |                            00001 |                              000
RX_RESET_STATE_WAIT_LOCK |                            00010 |                              001
 RX_RESET_STATE_WAIT_CDR |                            00100 |                              010
RX_RESET_STATE_WAIT_USRCLK |                            01000 |                              011
     RX_RESET_STATE_DONE |                            10000 |                              100
---------------------------------------------------------------------------------------------------
INFO: [Synth 8-3354] encoded FSM with state register 'rx_reset_state_reg_reg' using encoding 'one-hot' in module 'eth_xcvr_phy_10g_gty_wrapper'
---------------------------------------------------------------------------------------------------
                   State |                     New Encoding |                Previous Encoding 
---------------------------------------------------------------------------------------------------
    TX_RESET_STATE_RESET |                               00 |                               00
TX_RESET_STATE_WAIT_LOCK |                               01 |                               01
TX_RESET_STATE_WAIT_USRCLK |                               10 |                               10
     TX_RESET_STATE_DONE |                               11 |                               11
---------------------------------------------------------------------------------------------------
INFO: [Synth 8-3354] encoded FSM with state register 'tx_reset_state_reg_reg' using encoding 'sequential' in module 'eth_xcvr_phy_10g_gty_wrapper__parameterized0__xdcDup__4'
---------------------------------------------------------------------------------------------------
                   State |                     New Encoding |                Previous Encoding 
---------------------------------------------------------------------------------------------------
    RX_RESET_STATE_RESET |                            00001 |                              000
RX_RESET_STATE_WAIT_LOCK |                            00010 |                              001
 RX_RESET_STATE_WAIT_CDR |                            00100 |                              010
RX_RESET_STATE_WAIT_USRCLK |                            01000 |                              011
     RX_RESET_STATE_DONE |                            10000 |                              100
---------------------------------------------------------------------------------------------------
INFO: [Synth 8-3354] encoded FSM with state register 'rx_reset_state_reg_reg' using encoding 'one-hot' in module 'eth_xcvr_phy_10g_gty_wrapper__parameterized0__xdcDup__4'
---------------------------------------------------------------------------------------------------
                   State |                     New Encoding |                Previous Encoding 
---------------------------------------------------------------------------------------------------
    TX_RESET_STATE_RESET |                               00 |                               00
TX_RESET_STATE_WAIT_LOCK |                               01 |                               01
TX_RESET_STATE_WAIT_USRCLK |                               10 |                               10
     TX_RESET_STATE_DONE |                               11 |                               11
---------------------------------------------------------------------------------------------------
INFO: [Synth 8-3354] encoded FSM with state register 'tx_reset_state_reg_reg' using encoding 'sequential' in module 'eth_xcvr_phy_10g_gty_wrapper__parameterized0__xdcDup__5'
---------------------------------------------------------------------------------------------------
                   State |                     New Encoding |                Previous Encoding 
---------------------------------------------------------------------------------------------------
    RX_RESET_STATE_RESET |                            00001 |                              000
RX_RESET_STATE_WAIT_LOCK |                            00010 |                              001
 RX_RESET_STATE_WAIT_CDR |                            00100 |                              010
RX_RESET_STATE_WAIT_USRCLK |                            01000 |                              011
     RX_RESET_STATE_DONE |                            10000 |                              100
---------------------------------------------------------------------------------------------------
INFO: [Synth 8-3354] encoded FSM with state register 'rx_reset_state_reg_reg' using encoding 'one-hot' in module 'eth_xcvr_phy_10g_gty_wrapper__parameterized0__xdcDup__5'
---------------------------------------------------------------------------------------------------
                   State |                     New Encoding |                Previous Encoding 
---------------------------------------------------------------------------------------------------
    TX_RESET_STATE_RESET |                               00 |                               00
TX_RESET_STATE_WAIT_LOCK |                               01 |                               01
TX_RESET_STATE_WAIT_USRCLK |                               10 |                               10
     TX_RESET_STATE_DONE |                               11 |                               11
---------------------------------------------------------------------------------------------------
INFO: [Synth 8-3354] encoded FSM with state register 'tx_reset_state_reg_reg' using encoding 'sequential' in module 'eth_xcvr_phy_10g_gty_wrapper__parameterized0'
---------------------------------------------------------------------------------------------------
                   State |                     New Encoding |                Previous Encoding 
---------------------------------------------------------------------------------------------------
    RX_RESET_STATE_RESET |                            00001 |                              000
RX_RESET_STATE_WAIT_LOCK |                            00010 |                              001
 RX_RESET_STATE_WAIT_CDR |                            00100 |                              010
RX_RESET_STATE_WAIT_USRCLK |                            01000 |                              011
     RX_RESET_STATE_DONE |                            10000 |                              100
---------------------------------------------------------------------------------------------------
INFO: [Synth 8-3354] encoded FSM with state register 'rx_reset_state_reg_reg' using encoding 'one-hot' in module 'eth_xcvr_phy_10g_gty_wrapper__parameterized0'
---------------------------------------------------------------------------------------------------
                   State |                     New Encoding |                Previous Encoding 
---------------------------------------------------------------------------------------------------
              STATE_IDLE |                               00 |                               00
           STATE_PAYLOAD |                               01 |                               01
              STATE_LAST |                               10 |                               10
---------------------------------------------------------------------------------------------------
INFO: [Synth 8-3354] encoded FSM with state register 'state_reg_reg' using encoding 'sequential' in module 'axis_xgmii_rx_64'
---------------------------------------------------------------------------------------------------
                   State |                     New Encoding |                Previous Encoding 
---------------------------------------------------------------------------------------------------
              STATE_IDLE |                              000 |                              000
           STATE_PAYLOAD |                              001 |                              001
               STATE_PAD |                              010 |                              010
             STATE_FCS_1 |                              011 |                              011
             STATE_FCS_2 |                              100 |                              100
          STATE_WAIT_END |                              101 |                              110
               STATE_IFG |                              110 |                              101
---------------------------------------------------------------------------------------------------
INFO: [Synth 8-3354] encoded FSM with state register 'state_reg_reg' using encoding 'sequential' in module 'axis_xgmii_tx_64'
---------------------------------------------------------------------------------------------------
                   State |                     New Encoding |                Previous Encoding 
---------------------------------------------------------------------------------------------------
                 iSTATE1 |                              001 |                               00
                  iSTATE |                              010 |                               01
                 iSTATE0 |                              100 |                               10
---------------------------------------------------------------------------------------------------
INFO: [Synth 8-3354] encoded FSM with state register 'drp_state_reg_reg' using encoding 'one-hot' in module 'rb_drp'
---------------------------------------------------------------------------------------------------
                   State |                     New Encoding |                Previous Encoding 
---------------------------------------------------------------------------------------------------
                 iSTATE1 |                               00 |                               00
                  iSTATE |                               01 |                               01
                 iSTATE0 |                               10 |                               10
                 iSTATE2 |                               11 |                               11
---------------------------------------------------------------------------------------------------
INFO: [Synth 8-3354] encoded FSM with state register 'rb_state_reg_reg' using encoding 'sequential' in module 'rb_drp'
---------------------------------------------------------------------------------------------------
                   State |                     New Encoding |                Previous Encoding 
---------------------------------------------------------------------------------------------------
                 iSTATE1 |                              001 |                               00
                  iSTATE |                              010 |                               01
                 iSTATE0 |                              100 |                               10
---------------------------------------------------------------------------------------------------
INFO: [Synth 8-3354] encoded FSM with state register 'drp_state_reg_reg' using encoding 'one-hot' in module 'rb_drp__parameterized0'
---------------------------------------------------------------------------------------------------
                   State |                     New Encoding |                Previous Encoding 
---------------------------------------------------------------------------------------------------
                 iSTATE1 |                               00 |                               00
                  iSTATE |                               01 |                               01
                 iSTATE0 |                               10 |                               10
                 iSTATE2 |                               11 |                               11
---------------------------------------------------------------------------------------------------
INFO: [Synth 8-3354] encoded FSM with state register 'rb_state_reg_reg' using encoding 'sequential' in module 'rb_drp__parameterized0'
INFO: [Synth 8-6904] The RAM "pcie_tlp_fifo:/out_fifo_out_tlp_data_reg" of size (depth=32 x width=512) is automatically implemented using LUTRAM. BRAM implementation would be inefficient 
INFO: [Synth 8-6904] The RAM "pcie_tlp_fifo:/out_fifo_out_tlp_strb_reg" of size (depth=32 x width=16) is automatically implemented using LUTRAM. BRAM implementation would be inefficient 
INFO: [Synth 8-6904] The RAM "pcie_tlp_fifo:/out_fifo_out_tlp_hdr_reg" of size (depth=32 x width=128) is automatically implemented using LUTRAM. BRAM implementation would be inefficient 
INFO: [Synth 8-6904] The RAM "pcie_tlp_fifo:/out_fifo_out_tlp_seq_reg" of size (depth=32 x width=1) is automatically implemented using LUTRAM. BRAM implementation would be inefficient 
INFO: [Synth 8-6904] The RAM "pcie_tlp_fifo:/out_fifo_out_tlp_bar_id_reg" of size (depth=32 x width=3) is automatically implemented using LUTRAM. BRAM implementation would be inefficient 
INFO: [Synth 8-6904] The RAM "pcie_tlp_fifo:/out_fifo_out_tlp_func_num_reg" of size (depth=32 x width=8) is automatically implemented using LUTRAM. BRAM implementation would be inefficient 
INFO: [Synth 8-6904] The RAM "pcie_tlp_fifo:/out_fifo_out_tlp_error_reg" of size (depth=32 x width=4) is automatically implemented using LUTRAM. BRAM implementation would be inefficient 
INFO: [Synth 8-6904] The RAM "pcie_tlp_fifo:/out_fifo_out_tlp_sop_reg" of size (depth=32 x width=1) is automatically implemented using LUTRAM. BRAM implementation would be inefficient 
INFO: [Synth 8-6904] The RAM "pcie_tlp_fifo:/out_fifo_out_tlp_eop_reg" of size (depth=32 x width=1) is automatically implemented using LUTRAM. BRAM implementation would be inefficient 
INFO: [Synth 8-6904] The RAM "pcie_tlp_fifo__parameterized0:/out_fifo_out_tlp_data_reg" of size (depth=32 x width=512) is automatically implemented using LUTRAM. BRAM implementation would be inefficient 
INFO: [Synth 8-6904] The RAM "pcie_tlp_fifo__parameterized0:/out_fifo_out_tlp_strb_reg" of size (depth=32 x width=16) is automatically implemented using LUTRAM. BRAM implementation would be inefficient 
INFO: [Synth 8-6904] The RAM "pcie_tlp_fifo__parameterized0:/out_fifo_out_tlp_hdr_reg" of size (depth=32 x width=128) is automatically implemented using LUTRAM. BRAM implementation would be inefficient 
INFO: [Synth 8-6904] The RAM "pcie_tlp_fifo__parameterized0:/out_fifo_out_tlp_seq_reg" of size (depth=32 x width=1) is automatically implemented using LUTRAM. BRAM implementation would be inefficient 
INFO: [Synth 8-6904] The RAM "pcie_tlp_fifo__parameterized0:/out_fifo_out_tlp_bar_id_reg" of size (depth=32 x width=3) is automatically implemented using LUTRAM. BRAM implementation would be inefficient 
INFO: [Synth 8-6904] The RAM "pcie_tlp_fifo__parameterized0:/out_fifo_out_tlp_func_num_reg" of size (depth=32 x width=8) is automatically implemented using LUTRAM. BRAM implementation would be inefficient 
INFO: [Synth 8-6904] The RAM "pcie_tlp_fifo__parameterized0:/out_fifo_out_tlp_error_reg" of size (depth=32 x width=4) is automatically implemented using LUTRAM. BRAM implementation would be inefficient 
INFO: [Synth 8-6904] The RAM "pcie_tlp_fifo__parameterized0:/out_fifo_out_tlp_sop_reg" of size (depth=32 x width=1) is automatically implemented using LUTRAM. BRAM implementation would be inefficient 
INFO: [Synth 8-6904] The RAM "pcie_tlp_fifo__parameterized0:/out_fifo_out_tlp_eop_reg" of size (depth=32 x width=1) is automatically implemented using LUTRAM. BRAM implementation would be inefficient 
INFO: [Synth 8-3971] The signal "pcie_msix:/tbl_mem_reg" was recognized as a true dual port RAM template.
---------------------------------------------------------------------------------------------------
                   State |                     New Encoding |                Previous Encoding 
---------------------------------------------------------------------------------------------------
              STATE_IDLE |                               00 |                               00
        STATE_READ_TBL_1 |                               01 |                               01
        STATE_READ_TBL_2 |                               10 |                               10
          STATE_SEND_TLP |                               11 |                               11
---------------------------------------------------------------------------------------------------
INFO: [Synth 8-3354] encoded FSM with state register 'state_reg_reg' using encoding 'sequential' in module 'pcie_msix'
INFO: [Synth 8-6904] The RAM "axis_fifo:/mem_reg" of size (depth=256 x width=13) is automatically implemented using LUTRAM. BRAM implementation would be inefficient 
INFO: [Synth 8-6793] RAM ("tx_scheduler_rr:/queue_ram_reg") is implemented using BRAM instead of URAM due to insufficient pipeline registers. Available pipeline stages = 0, Minimum required pipeline stages = 1 
INFO: [Synth 8-6793] RAM ("tx_scheduler_rr:/queue_ram_reg") is implemented using BRAM instead of URAM due to insufficient pipeline registers. Available pipeline stages = 0, Minimum required pipeline stages = 1 
WARNING: [Synth 8-6841] Block RAM (queue_ram_reg) originally specified as a Byte Wide Write Enable RAM cannot take advantage of ByteWide feature and is implemented with single write enable per RAM due to following reason.
(address width (13) is more than optimal threshold of 12. Implementing using BWWE will require more logic and timing would be suboptimal. Please use attribute ram_decomp = power if BWWE is desired.)
INFO: [Synth 8-6793] RAM ("tx_scheduler_rr:/queue_ram_reg") is implemented using BRAM instead of URAM due to insufficient pipeline registers. Available pipeline stages = 0, Minimum required pipeline stages = 1 
INFO: [Synth 8-6793] RAM ("tx_scheduler_rr:/queue_ram_reg") is implemented using BRAM instead of URAM due to insufficient pipeline registers. Available pipeline stages = 0, Minimum required pipeline stages = 1 
INFO: [Synth 8-6904] The RAM "axis_async_fifo__xdcDup__1:/mem_reg" of size (depth=32 x width=112) is automatically implemented using LUTRAM. BRAM implementation would be inefficient 
INFO: [Synth 8-6904] The RAM "axis_async_fifo__parameterized0__xdcDup__1:/mem_reg" of size (depth=32 x width=162) is automatically implemented using LUTRAM. BRAM implementation would be inefficient 
INFO: [Synth 8-6904] The RAM "axis_async_fifo__parameterized1__xdcDup__1:/mem_reg" of size (depth=32 x width=242) is automatically implemented using LUTRAM. BRAM implementation would be inefficient 
INFO: [Synth 8-6904] The RAM "axis_fifo__parameterized1:/mem_reg" of size (depth=128 x width=6) is automatically implemented using LUTRAM. BRAM implementation would be inefficient 
---------------------------------------------------------------------------------------------------
                   State |                     New Encoding |                Previous Encoding 
---------------------------------------------------------------------------------------------------
              STATE_IDLE |                                0 |                              000
            STATE_DECODE |                                1 |                              001
---------------------------------------------------------------------------------------------------
INFO: [Synth 8-3354] encoded FSM with state register 'state_reg_reg' using encoding 'sequential' in module 'axil_crossbar_addr'
---------------------------------------------------------------------------------------------------
                   State |                     New Encoding |                Previous Encoding 
---------------------------------------------------------------------------------------------------
              STATE_IDLE |                                0 |                              000
            STATE_DECODE |                                1 |                              001
---------------------------------------------------------------------------------------------------
INFO: [Synth 8-3354] encoded FSM with state register 'state_reg_reg' using encoding 'sequential' in module 'axil_crossbar_addr__parameterized0'
INFO: [Synth 8-6793] RAM ("cpl_queue_manager__parameterized0:/queue_ram_reg") is implemented using BRAM instead of URAM due to insufficient pipeline registers. Available pipeline stages = 0, Minimum required pipeline stages = 2 
INFO: [Synth 8-6793] RAM ("cpl_queue_manager__parameterized0:/queue_ram_reg") is implemented using BRAM instead of URAM due to insufficient pipeline registers. Available pipeline stages = 0, Minimum required pipeline stages = 2 
WARNING: [Synth 8-6841] Block RAM (queue_ram_reg) originally specified as a Byte Wide Write Enable RAM cannot take advantage of ByteWide feature and is implemented with single write enable per RAM due to following reason.
(address width (14) is more than optimal threshold of 12. Implementing using BWWE will require more logic and timing would be suboptimal. Please use attribute ram_decomp = power if BWWE is desired.)
INFO: [Synth 8-6793] RAM ("cpl_queue_manager__parameterized0:/queue_ram_reg") is implemented using BRAM instead of URAM due to insufficient pipeline registers. Available pipeline stages = 0, Minimum required pipeline stages = 2 
INFO: [Synth 8-6793] RAM ("cpl_queue_manager__parameterized0:/queue_ram_reg") is implemented using BRAM instead of URAM due to insufficient pipeline registers. Available pipeline stages = 0, Minimum required pipeline stages = 2 
INFO: [Synth 8-6793] RAM ("cpl_queue_manager__parameterized0:/queue_ram_reg") is implemented using BRAM instead of URAM due to insufficient pipeline registers. Available pipeline stages = 0, Minimum required pipeline stages = 2 
INFO: [Synth 8-6793] RAM ("cpl_queue_manager__parameterized0:/queue_ram_reg") is implemented using BRAM instead of URAM due to insufficient pipeline registers. Available pipeline stages = 0, Minimum required pipeline stages = 2 
INFO: [Synth 8-6793] RAM ("cpl_queue_manager__parameterized0:/queue_ram_reg") is implemented using BRAM instead of URAM due to insufficient pipeline registers. Available pipeline stages = 0, Minimum required pipeline stages = 2 
INFO: [Synth 8-6793] RAM ("cpl_queue_manager__parameterized0:/queue_ram_reg") is implemented using BRAM instead of URAM due to insufficient pipeline registers. Available pipeline stages = 0, Minimum required pipeline stages = 2 
INFO: [Synth 8-6793] RAM ("cpl_queue_manager__parameterized0:/queue_ram_reg") is implemented using BRAM instead of URAM due to insufficient pipeline registers. Available pipeline stages = 0, Minimum required pipeline stages = 2 
INFO: [Synth 8-6793] RAM ("cpl_queue_manager__parameterized0:/queue_ram_reg") is implemented using BRAM instead of URAM due to insufficient pipeline registers. Available pipeline stages = 0, Minimum required pipeline stages = 2 
INFO: [Synth 8-6793] RAM ("cpl_queue_manager__parameterized0:/queue_ram_reg") is implemented using BRAM instead of URAM due to insufficient pipeline registers. Available pipeline stages = 0, Minimum required pipeline stages = 2 
INFO: [Synth 8-6793] RAM ("cpl_queue_manager__parameterized0:/queue_ram_reg") is implemented using BRAM instead of URAM due to insufficient pipeline registers. Available pipeline stages = 0, Minimum required pipeline stages = 2 
INFO: [Synth 8-6793] RAM ("cpl_queue_manager__parameterized0:/queue_ram_reg") is implemented using BRAM instead of URAM due to insufficient pipeline registers. Available pipeline stages = 0, Minimum required pipeline stages = 2 
INFO: [Synth 8-6793] RAM ("cpl_queue_manager__parameterized0:/queue_ram_reg") is implemented using BRAM instead of URAM due to insufficient pipeline registers. Available pipeline stages = 0, Minimum required pipeline stages = 2 
INFO: [Synth 8-6793] RAM ("cpl_queue_manager__parameterized0:/queue_ram_reg") is implemented using BRAM instead of URAM due to insufficient pipeline registers. Available pipeline stages = 0, Minimum required pipeline stages = 2 
INFO: [Synth 8-6793] RAM ("cpl_queue_manager__parameterized0:/queue_ram_reg") is implemented using BRAM instead of URAM due to insufficient pipeline registers. Available pipeline stages = 0, Minimum required pipeline stages = 2 
INFO: [Synth 8-6793] RAM ("cpl_queue_manager__parameterized0:/queue_ram_reg") is implemented using BRAM instead of URAM due to insufficient pipeline registers. Available pipeline stages = 0, Minimum required pipeline stages = 2 
INFO: [Synth 8-6793] RAM ("cpl_queue_manager__parameterized0:/queue_ram_reg") is implemented using BRAM instead of URAM due to insufficient pipeline registers. Available pipeline stages = 0, Minimum required pipeline stages = 2 
INFO: [Synth 8-6793] RAM ("queue_manager:/queue_ram_reg") is implemented using BRAM instead of URAM due to insufficient pipeline registers. Available pipeline stages = 0, Minimum required pipeline stages = 1 
INFO: [Synth 8-6793] RAM ("queue_manager:/queue_ram_reg") is implemented using BRAM instead of URAM due to insufficient pipeline registers. Available pipeline stages = 0, Minimum required pipeline stages = 1 
WARNING: [Synth 8-6841] Block RAM (queue_ram_reg) originally specified as a Byte Wide Write Enable RAM cannot take advantage of ByteWide feature and is implemented with single write enable per RAM due to following reason.
(address width (13) is more than optimal threshold of 12. Implementing using BWWE will require more logic and timing would be suboptimal. Please use attribute ram_decomp = power if BWWE is desired.)
INFO: [Synth 8-6793] RAM ("queue_manager:/queue_ram_reg") is implemented using BRAM instead of URAM due to insufficient pipeline registers. Available pipeline stages = 0, Minimum required pipeline stages = 1 
INFO: [Synth 8-6793] RAM ("queue_manager:/queue_ram_reg") is implemented using BRAM instead of URAM due to insufficient pipeline registers. Available pipeline stages = 0, Minimum required pipeline stages = 1 
INFO: [Synth 8-6793] RAM ("queue_manager:/queue_ram_reg") is implemented using BRAM instead of URAM due to insufficient pipeline registers. Available pipeline stages = 0, Minimum required pipeline stages = 1 
INFO: [Synth 8-6793] RAM ("queue_manager:/queue_ram_reg") is implemented using BRAM instead of URAM due to insufficient pipeline registers. Available pipeline stages = 0, Minimum required pipeline stages = 1 
INFO: [Synth 8-6793] RAM ("queue_manager:/queue_ram_reg") is implemented using BRAM instead of URAM due to insufficient pipeline registers. Available pipeline stages = 0, Minimum required pipeline stages = 1 
INFO: [Synth 8-6793] RAM ("queue_manager:/queue_ram_reg") is implemented using BRAM instead of URAM due to insufficient pipeline registers. Available pipeline stages = 0, Minimum required pipeline stages = 1 
INFO: [Synth 8-6793] RAM ("queue_manager:/queue_ram_reg") is implemented using BRAM instead of URAM due to insufficient pipeline registers. Available pipeline stages = 0, Minimum required pipeline stages = 1 
INFO: [Synth 8-6793] RAM ("queue_manager:/queue_ram_reg") is implemented using BRAM instead of URAM due to insufficient pipeline registers. Available pipeline stages = 0, Minimum required pipeline stages = 1 
INFO: [Synth 8-6793] RAM ("queue_manager:/queue_ram_reg") is implemented using BRAM instead of URAM due to insufficient pipeline registers. Available pipeline stages = 0, Minimum required pipeline stages = 1 
INFO: [Synth 8-6793] RAM ("queue_manager:/queue_ram_reg") is implemented using BRAM instead of URAM due to insufficient pipeline registers. Available pipeline stages = 0, Minimum required pipeline stages = 1 
INFO: [Synth 8-6793] RAM ("queue_manager:/queue_ram_reg") is implemented using BRAM instead of URAM due to insufficient pipeline registers. Available pipeline stages = 0, Minimum required pipeline stages = 1 
INFO: [Synth 8-6793] RAM ("queue_manager:/queue_ram_reg") is implemented using BRAM instead of URAM due to insufficient pipeline registers. Available pipeline stages = 0, Minimum required pipeline stages = 1 
INFO: [Synth 8-6793] RAM ("queue_manager:/queue_ram_reg") is implemented using BRAM instead of URAM due to insufficient pipeline registers. Available pipeline stages = 0, Minimum required pipeline stages = 1 
INFO: [Synth 8-6793] RAM ("queue_manager:/queue_ram_reg") is implemented using BRAM instead of URAM due to insufficient pipeline registers. Available pipeline stages = 0, Minimum required pipeline stages = 1 
INFO: [Synth 8-6793] RAM ("queue_manager:/queue_ram_reg") is implemented using BRAM instead of URAM due to insufficient pipeline registers. Available pipeline stages = 0, Minimum required pipeline stages = 1 
INFO: [Synth 8-6793] RAM ("queue_manager:/queue_ram_reg") is implemented using BRAM instead of URAM due to insufficient pipeline registers. Available pipeline stages = 0, Minimum required pipeline stages = 1 
INFO: [Synth 8-6904] The RAM "axis_fifo__parameterized4:/mem_reg" of size (depth=32 x width=17) is automatically implemented using LUTRAM. BRAM implementation would be inefficient 
INFO: [Synth 8-6904] The RAM "axis_fifo__parameterized6:/mem_reg" of size (depth=64 x width=25) is automatically implemented using LUTRAM. BRAM implementation would be inefficient 
INFO: [Synth 8-3971] The signal "mqnic_rx_queue_map:/indir_tbl_mem_reg" was recognized as a true dual port RAM template.
INFO: [Synth 8-6904] The RAM "axis_fifo__parameterized7:/mem_reg" of size (depth=32 x width=36) is automatically implemented using LUTRAM. BRAM implementation would be inefficient 
INFO: [Synth 8-6904] The RAM "axis_fifo__parameterized8:/mem_reg" of size (depth=32 x width=16) is automatically implemented using LUTRAM. BRAM implementation would be inefficient 
INFO: [Synth 8-6904] The RAM "axis_fifo__parameterized9:/mem_reg" of size (depth=32 x width=252) is automatically implemented using LUTRAM. BRAM implementation would be inefficient 
INFO: [Synth 8-6904] The RAM "dma_client_axis_sink:/status_fifo_len_reg" of size (depth=32 x width=16) is automatically implemented using LUTRAM. BRAM implementation would be inefficient 
INFO: [Synth 8-6904] The RAM "dma_client_axis_sink:/status_fifo_tag_reg" of size (depth=32 x width=5) is automatically implemented using LUTRAM. BRAM implementation would be inefficient 
INFO: [Synth 8-6904] The RAM "dma_client_axis_sink:/status_fifo_id_reg" of size (depth=32 x width=1) is automatically implemented using LUTRAM. BRAM implementation would be inefficient 
INFO: [Synth 8-6904] The RAM "dma_client_axis_sink:/status_fifo_dest_reg" of size (depth=32 x width=9) is automatically implemented using LUTRAM. BRAM implementation would be inefficient 
INFO: [Synth 8-6904] The RAM "dma_client_axis_sink:/status_fifo_user_reg" of size (depth=32 x width=133) is automatically implemented using LUTRAM. BRAM implementation would be inefficient 
INFO: [Synth 8-6794] RAM ("axis_fifo__parameterized10:/mem_reg") will be automatically implemented using URAM. 
INFO: [Synth 8-6794] RAM ("axis_fifo__parameterized10:/mem_reg") will be automatically implemented using URAM. 
INFO: [Synth 8-5780] Default cascade height of 1 will be used for URAM '"axis_fifo__parameterized10:/mem_reg"'.
INFO: [Synth 8-6794] RAM ("axis_fifo__parameterized11:/mem_reg") will be automatically implemented using URAM. 
INFO: [Synth 8-6794] RAM ("axis_fifo__parameterized11:/mem_reg") will be automatically implemented using URAM. 
INFO: [Synth 8-5780] Default cascade height of 1 will be used for URAM '"axis_fifo__parameterized11:/mem_reg"'.
INFO: [Synth 8-6904] The RAM "axis_async_fifo:/mem_reg" of size (depth=32 x width=112) is automatically implemented using LUTRAM. BRAM implementation would be inefficient 
INFO: [Synth 8-6904] The RAM "axis_async_fifo__parameterized0:/mem_reg" of size (depth=32 x width=162) is automatically implemented using LUTRAM. BRAM implementation would be inefficient 
INFO: [Synth 8-6904] The RAM "axis_async_fifo__parameterized1:/mem_reg" of size (depth=32 x width=242) is automatically implemented using LUTRAM. BRAM implementation would be inefficient 
---------------------------------------------------------------------------------------------------
                   State |                     New Encoding |                Previous Encoding 
---------------------------------------------------------------------------------------------------
                 iSTATE7 |                             0000 |                             0000
                 iSTATE6 |                             0001 |                             0001
                 iSTATE2 |                             0010 |                             0010
                 iSTATE0 |                             0011 |                             0011
                  iSTATE |                             0100 |                             0100
                iSTATE14 |                             0101 |                             0101
                iSTATE10 |                             0110 |                             0110
                 iSTATE8 |                             0111 |                             0111
                iSTATE11 |                             1000 |                             1000
                 iSTATE9 |                             1001 |                             1001
                 iSTATE5 |                             1010 |                             1010
                 iSTATE4 |                             1011 |                             1011
                 iSTATE3 |                             1100 |                             1100
                 iSTATE1 |                             1101 |                             1101
                iSTATE13 |                             1110 |                             1110
                iSTATE12 |                             1111 |                             1111
---------------------------------------------------------------------------------------------------
INFO: [Synth 8-3354] encoded FSM with state register 'update_state_reg_reg' using encoding 'User encoding' in module 'ptp_td_phc'
WARNING: [Synth 8-13157] FSM with state register 'update_state_reg_reg' is not having reset. This may cause incorrect behavior. User should consider using FSM_SAFE_STATE attribute on the register
---------------------------------------------------------------------------------------------------
                   State |                     New Encoding |                Previous Encoding 
---------------------------------------------------------------------------------------------------
                  iSTATE |                              001 |                               00
                 iSTATE0 |                              010 |                               01
                 iSTATE1 |                              100 |                               10
---------------------------------------------------------------------------------------------------
INFO: [Synth 8-3354] encoded FSM with state register 'td_msg_i_reg_reg' using encoding 'one-hot' in module 'ptp_td_phc'
---------------------------------------------------------------------------------------------------
                   State |                     New Encoding |                Previous Encoding 
---------------------------------------------------------------------------------------------------
              STATE_IDLE |                                0 |                              000
            STATE_DECODE |                                1 |                              001
---------------------------------------------------------------------------------------------------
INFO: [Synth 8-3354] encoded FSM with state register 'state_reg_reg' using encoding 'sequential' in module 'axil_crossbar_addr__parameterized1'
---------------------------------------------------------------------------------------------------
                   State |                     New Encoding |                Previous Encoding 
---------------------------------------------------------------------------------------------------
              STATE_IDLE |                                0 |                              000
            STATE_DECODE |                                1 |                              001
---------------------------------------------------------------------------------------------------
INFO: [Synth 8-3354] encoded FSM with state register 'state_reg_reg' using encoding 'sequential' in module 'axil_crossbar_addr__parameterized2'
---------------------------------------------------------------------------------------------------
                   State |                     New Encoding |                Previous Encoding 
---------------------------------------------------------------------------------------------------
              STATE_IDLE |                                0 |                              000
            STATE_DECODE |                                1 |                              001
---------------------------------------------------------------------------------------------------
INFO: [Synth 8-3354] encoded FSM with state register 'state_reg_reg' using encoding 'sequential' in module 'axil_crossbar_addr__parameterized3'
---------------------------------------------------------------------------------------------------
                   State |                     New Encoding |                Previous Encoding 
---------------------------------------------------------------------------------------------------
              STATE_IDLE |                                0 |                              000
            STATE_DECODE |                                1 |                              001
---------------------------------------------------------------------------------------------------
INFO: [Synth 8-3354] encoded FSM with state register 'state_reg_reg' using encoding 'sequential' in module 'axil_crossbar_addr__parameterized5'
INFO: [Synth 8-6904] The RAM "irq_rate_limit:/mem_reg_reg" of size (depth=64 x width=19) is automatically implemented using LUTRAM. BRAM implementation would be inefficient 
---------------------------------------------------------------------------------------------------
                   State |                     New Encoding |                Previous Encoding 
---------------------------------------------------------------------------------------------------
*
                 iSTATE3 |                              000 |                              000
                 iSTATE4 |                              001 |                              001
                  iSTATE |                              010 |                              010
                 iSTATE0 |                              011 |                              011
                 iSTATE1 |                              100 |                              100
                 iSTATE2 |                              101 |                              101
---------------------------------------------------------------------------------------------------
INFO: [Synth 8-3354] encoded FSM with state register 'icap_state_reg' using encoding 'sequential' in module 'fpga'
---------------------------------------------------------------------------------
Finished RTL Optimization Phase 2 : Time (s): cpu = 00:03:34 ; elapsed = 00:03:19 . Memory (MB): peak = 7651.969 ; gain = 4924.641 ; free physical = 38082 ; free virtual = 83013
---------------------------------------------------------------------------------
---------------------------------------------------------------------------------
Start RTL Component Statistics 
---------------------------------------------------------------------------------
Detailed RTL Component Info : 
+---Adders : 
	   2 Input   64 Bit       Adders := 21    
	   2 Input   52 Bit       Adders := 1     
	   3 Input   49 Bit       Adders := 1     
	   2 Input   48 Bit       Adders := 9     
	   2 Input   46 Bit       Adders := 8     
	   2 Input   32 Bit       Adders := 22    
	   3 Input   32 Bit       Adders := 5     
	   2 Input   31 Bit       Adders := 5     
	   2 Input   26 Bit       Adders := 5     
	   2 Input   25 Bit       Adders := 3     
	   3 Input   24 Bit       Adders := 36    
	   2 Input   24 Bit       Adders := 3     
	   2 Input   22 Bit       Adders := 35    
	   2 Input   21 Bit       Adders := 10    
	   2 Input   20 Bit       Adders := 17    
	   2 Input   19 Bit       Adders := 8     
	   2 Input   18 Bit       Adders := 11    
	   3 Input   18 Bit       Adders := 8     
	   2 Input   17 Bit       Adders := 75    
	   3 Input   17 Bit       Adders := 1     
	   2 Input   16 Bit       Adders := 51    
	   3 Input   16 Bit       Adders := 24    
	   3 Input   15 Bit       Adders := 1     
	   2 Input   14 Bit       Adders := 9     
	   3 Input   14 Bit       Adders := 2     
	   3 Input   13 Bit       Adders := 15    
	   2 Input   13 Bit       Adders := 19    
	   4 Input   12 Bit       Adders := 2     
	   2 Input   12 Bit       Adders := 7     
	   3 Input   12 Bit       Adders := 4     
	   3 Input   11 Bit       Adders := 5     
	   2 Input   11 Bit       Adders := 15    
	   2 Input   10 Bit       Adders := 15    
	   2 Input    9 Bit       Adders := 29    
	   3 Input    9 Bit       Adders := 3     
	   4 Input    9 Bit       Adders := 2     
	   2 Input    8 Bit       Adders := 78    
	   5 Input    8 Bit       Adders := 4     
	   3 Input    8 Bit       Adders := 17    
	   2 Input    7 Bit       Adders := 35    
	   3 Input    7 Bit       Adders := 18    
	   2 Input    6 Bit       Adders := 323   
	  33 Input    6 Bit       Adders := 16    
	   3 Input    6 Bit       Adders := 111   
	   4 Input    6 Bit       Adders := 7     
	   5 Input    6 Bit       Adders := 2     
	   2 Input    5 Bit       Adders := 78    
	   3 Input    5 Bit       Adders := 3     
	   5 Input    5 Bit       Adders := 4     
	   4 Input    5 Bit       Adders := 5     
	   2 Input    4 Bit       Adders := 65    
	   5 Input    4 Bit       Adders := 2     
	   2 Input    3 Bit       Adders := 93    
	   3 Input    3 Bit       Adders := 4     
	   4 Input    3 Bit       Adders := 3     
	   2 Input    2 Bit       Adders := 67    
	   3 Input    2 Bit       Adders := 3     
	   4 Input    2 Bit       Adders := 1     
	   2 Input    1 Bit       Adders := 19    
+---XORs : 
	   2 Input     97 Bit         XORs := 2     
	   2 Input     32 Bit         XORs := 207   
	   2 Input     17 Bit         XORs := 2     
	   2 Input     14 Bit         XORs := 2     
	   2 Input     13 Bit         XORs := 4     
	   2 Input     12 Bit         XORs := 4     
	   2 Input     11 Bit         XORs := 4     
	   2 Input      9 Bit         XORs := 2     
	   2 Input      8 Bit         XORs := 6     
	   2 Input      7 Bit         XORs := 2     
	   2 Input      6 Bit         XORs := 52    
	   3 Input      1 Bit         XORs := 1478  
	   2 Input      1 Bit         XORs := 2061  
	   4 Input      1 Bit         XORs := 392   
	   5 Input      1 Bit         XORs := 176   
	   6 Input      1 Bit         XORs := 146   
	   7 Input      1 Bit         XORs := 88    
	  10 Input      1 Bit         XORs := 40    
	   9 Input      1 Bit         XORs := 58    
	   8 Input      1 Bit         XORs := 68    
	  11 Input      1 Bit         XORs := 42    
	  12 Input      1 Bit         XORs := 34    
	  17 Input      1 Bit         XORs := 62    
	  18 Input      1 Bit         XORs := 58    
	  16 Input      1 Bit         XORs := 44    
	  20 Input      1 Bit         XORs := 42    
	  19 Input      1 Bit         XORs := 46    
	  21 Input      1 Bit         XORs := 38    
	  15 Input      1 Bit         XORs := 42    
	  24 Input      1 Bit         XORs := 44    
	  26 Input      1 Bit         XORs := 32    
	  25 Input      1 Bit         XORs := 24    
	  22 Input      1 Bit         XORs := 44    
	  27 Input      1 Bit         XORs := 24    
	  28 Input      1 Bit         XORs := 28    
	  29 Input      1 Bit         XORs := 8     
	  35 Input      1 Bit         XORs := 8     
	  30 Input      1 Bit         XORs := 6     
	  34 Input      1 Bit         XORs := 4     
	  33 Input      1 Bit         XORs := 4     
	  23 Input      1 Bit         XORs := 18    
	  32 Input      1 Bit         XORs := 14    
	  31 Input      1 Bit         XORs := 8     
	  43 Input      1 Bit         XORs := 4     
	  37 Input      1 Bit         XORs := 4     
	  13 Input      1 Bit         XORs := 14    
	  14 Input      1 Bit         XORs := 18    
+---XORs : 
	                6 Bit    Wide XORs := 60    
+---Registers : 
	              512 Bit    Registers := 76    
	              288 Bit    Registers := 2     
	              256 Bit    Registers := 39    
	              255 Bit    Registers := 4     
	              252 Bit    Registers := 4     
	              243 Bit    Registers := 6     
	              242 Bit    Registers := 2     
	              238 Bit    Registers := 1     
	              179 Bit    Registers := 10    
	              162 Bit    Registers := 2     
	              150 Bit    Registers := 12    
	              144 Bit    Registers := 2     
	              137 Bit    Registers := 1     
	              133 Bit    Registers := 2     
	              128 Bit    Registers := 100   
	              112 Bit    Registers := 4     
	               97 Bit    Registers := 12    
	               96 Bit    Registers := 10    
	               81 Bit    Registers := 1     
	               72 Bit    Registers := 1     
	               64 Bit    Registers := 137   
	               58 Bit    Registers := 16    
	               48 Bit    Registers := 28    
	               41 Bit    Registers := 5     
	               40 Bit    Registers := 10    
	               36 Bit    Registers := 5     
	               34 Bit    Registers := 8     
	               32 Bit    Registers := 213   
	               31 Bit    Registers := 17    
	               30 Bit    Registers := 15    
	               28 Bit    Registers := 6     
	               26 Bit    Registers := 4     
	               25 Bit    Registers := 4     
	               24 Bit    Registers := 77    
	               23 Bit    Registers := 32    
	               22 Bit    Registers := 38    
	               20 Bit    Registers := 13    
	               19 Bit    Registers := 24    
	               18 Bit    Registers := 18    
	               17 Bit    Registers := 99    
	               16 Bit    Registers := 248   
	               15 Bit    Registers := 12    
	               14 Bit    Registers := 56    
	               13 Bit    Registers := 103   
	               12 Bit    Registers := 18    
	               11 Bit    Registers := 30    
	               10 Bit    Registers := 62    
	                9 Bit    Registers := 24    
	                8 Bit    Registers := 260   
	                7 Bit    Registers := 91    
	                6 Bit    Registers := 503   
	                5 Bit    Registers := 177   
	                4 Bit    Registers := 338   
	                3 Bit    Registers := 177   
	                2 Bit    Registers := 428   
	                1 Bit    Registers := 3252  
+---RAMs : 
	            2048K Bit	(16384 X 128 bit)          RAMs := 2     
	            1024K Bit	(8192 X 128 bit)          RAMs := 2     
	             972K Bit	(4096 X 243 bit)          RAMs := 2     
	             512K Bit	(1024 X 512 bit)          RAMs := 4     
	             358K Bit	(2048 X 179 bit)          RAMs := 2     
	             256K Bit	(4096 X 64 bit)          RAMs := 1     
	             179K Bit	(1024 X 179 bit)          RAMs := 2     
	             128K Bit	(256 X 512 bit)          RAMs := 4     
	             128K Bit	(8192 X 16 bit)          RAMs := 2     
	             104K Bit	(8192 X 13 bit)          RAMs := 2     
	              32K Bit	(256 X 128 bit)          RAMs := 2     
	              22K Bit	(1024 X 22 bit)          RAMs := 2     
	              18K Bit	(128 X 150 bit)          RAMs := 4     
	              16K Bit	(32 X 512 bit)          RAMs := 6     
	               8K Bit	(256 X 32 bit)          RAMs := 2     
	               8K Bit	(64 X 128 bit)          RAMs := 2     
	               8K Bit	(128 X 64 bit)          RAMs := 1     
	               7K Bit	(32 X 252 bit)          RAMs := 2     
	               7K Bit	(32 X 242 bit)          RAMs := 2     
	               5K Bit	(32 X 162 bit)          RAMs := 2     
	               4K Bit	(32 X 128 bit)          RAMs := 2     
	               4K Bit	(32 X 133 bit)          RAMs := 2     
	               3K Bit	(256 X 13 bit)          RAMs := 2     
	               3K Bit	(32 X 112 bit)          RAMs := 2     
	               1K Bit	(64 X 25 bit)          RAMs := 2     
	               1K Bit	(32 X 36 bit)          RAMs := 2     
	               1K Bit	(64 X 19 bit)          RAMs := 1     
	              768 Bit	(128 X 6 bit)          RAMs := 2     
	              544 Bit	(32 X 17 bit)          RAMs := 2     
	              512 Bit	(32 X 16 bit)          RAMs := 6     
	              288 Bit	(32 X 9 bit)          RAMs := 2     
	              256 Bit	(32 X 8 bit)          RAMs := 2     
	              160 Bit	(32 X 5 bit)          RAMs := 2     
	              128 Bit	(32 X 4 bit)          RAMs := 2     
	               96 Bit	(32 X 3 bit)          RAMs := 2     
	               32 Bit	(32 X 1 bit)          RAMs := 8     
+---Muxes : 
	   2 Input  512 Bit        Muxes := 1540  
	   4 Input  512 Bit        Muxes := 2     
	   2 Input  288 Bit        Muxes := 10    
	   2 Input  256 Bit        Muxes := 24    
	   4 Input  256 Bit        Muxes := 6     
	  12 Input  256 Bit        Muxes := 2     
	   2 Input  238 Bit        Muxes := 2     
	   2 Input  160 Bit        Muxes := 2     
	   2 Input  144 Bit        Muxes := 8     
	   4 Input  137 Bit        Muxes := 1     
	   2 Input  128 Bit        Muxes := 362   
	   4 Input  128 Bit        Muxes := 9     
	   8 Input  128 Bit        Muxes := 1     
	   3 Input  128 Bit        Muxes := 4     
	   3 Input  125 Bit        Muxes := 1     
	   3 Input  120 Bit        Muxes := 1     
	   2 Input  119 Bit        Muxes := 2     
	   2 Input   97 Bit        Muxes := 14    
	   3 Input   97 Bit        Muxes := 4     
	   3 Input   96 Bit        Muxes := 2     
	   2 Input   96 Bit        Muxes := 14    
	   7 Input   96 Bit        Muxes := 2     
	   3 Input   85 Bit        Muxes := 1     
	   3 Input   64 Bit        Muxes := 12    
	   2 Input   64 Bit        Muxes := 206   
	   7 Input   64 Bit        Muxes := 4     
	   4 Input   64 Bit        Muxes := 6     
	   2 Input   48 Bit        Muxes := 49    
	  16 Input   48 Bit        Muxes := 4     
	   2 Input   41 Bit        Muxes := 5     
	   2 Input   40 Bit        Muxes := 5     
	   2 Input   39 Bit        Muxes := 2     
	   2 Input   32 Bit        Muxes := 397   
	   7 Input   32 Bit        Muxes := 4     
	   4 Input   32 Bit        Muxes := 24    
	   2 Input   31 Bit        Muxes := 1     
	  16 Input   31 Bit        Muxes := 1     
	   2 Input   30 Bit        Muxes := 6     
	  16 Input   30 Bit        Muxes := 1     
	   2 Input   24 Bit        Muxes := 220   
	  16 Input   24 Bit        Muxes := 1     
	   4 Input   24 Bit        Muxes := 5     
	   7 Input   24 Bit        Muxes := 2     
	   4 Input   23 Bit        Muxes := 32    
	   2 Input   22 Bit        Muxes := 66    
	   3 Input   22 Bit        Muxes := 1     
	   2 Input   21 Bit        Muxes := 20    
	   2 Input   20 Bit        Muxes := 28    
	   5 Input   20 Bit        Muxes := 8     
	  64 Input   20 Bit        Muxes := 2     
	   3 Input   20 Bit        Muxes := 2     
	   2 Input   19 Bit        Muxes := 19    
	   5 Input   19 Bit        Muxes := 2     
	   3 Input   19 Bit        Muxes := 1     
	   4 Input   19 Bit        Muxes := 1     
	   2 Input   18 Bit        Muxes := 21    
	   4 Input   17 Bit        Muxes := 5     
	   2 Input   17 Bit        Muxes := 98    
	   2 Input   16 Bit        Muxes := 346   
	   4 Input   16 Bit        Muxes := 14    
	   3 Input   16 Bit        Muxes := 5     
	   7 Input   16 Bit        Muxes := 1     
	   2 Input   15 Bit        Muxes := 6     
	   2 Input   14 Bit        Muxes := 16    
	   3 Input   14 Bit        Muxes := 2     
	   4 Input   13 Bit        Muxes := 4     
	   2 Input   13 Bit        Muxes := 43    
	   7 Input   13 Bit        Muxes := 1     
	   2 Input   12 Bit        Muxes := 15    
	   4 Input   12 Bit        Muxes := 1     
	   7 Input   12 Bit        Muxes := 1     
	   2 Input   11 Bit        Muxes := 55    
	   7 Input   11 Bit        Muxes := 1     
	   3 Input   10 Bit        Muxes := 1     
	   2 Input   10 Bit        Muxes := 38    
	   4 Input   10 Bit        Muxes := 2     
	   7 Input   10 Bit        Muxes := 1     
	   2 Input    9 Bit        Muxes := 14    
	   3 Input    9 Bit        Muxes := 1     
	   2 Input    8 Bit        Muxes := 458   
	   4 Input    8 Bit        Muxes := 14    
	   5 Input    8 Bit        Muxes := 8     
	   3 Input    8 Bit        Muxes := 10    
	   8 Input    8 Bit        Muxes := 5     
	   7 Input    8 Bit        Muxes := 4     
	   2 Input    7 Bit        Muxes := 75    
	   4 Input    7 Bit        Muxes := 4     
	   3 Input    7 Bit        Muxes := 4     
	   7 Input    7 Bit        Muxes := 1     
	   2 Input    6 Bit        Muxes := 103   
	   7 Input    6 Bit        Muxes := 4     
	   4 Input    6 Bit        Muxes := 5     
	   3 Input    6 Bit        Muxes := 2     
	   5 Input    5 Bit        Muxes := 12    
	   2 Input    5 Bit        Muxes := 128   
	   3 Input    5 Bit        Muxes := 5     
	   4 Input    5 Bit        Muxes := 1     
	   8 Input    5 Bit        Muxes := 1     
	   4 Input    4 Bit        Muxes := 23    
	   2 Input    4 Bit        Muxes := 226   
	   8 Input    4 Bit        Muxes := 3     
	   3 Input    4 Bit        Muxes := 5     
	  16 Input    4 Bit        Muxes := 1     
	   7 Input    4 Bit        Muxes := 2     
	   2 Input    3 Bit        Muxes := 128   
	   7 Input    3 Bit        Muxes := 5     
	  21 Input    3 Bit        Muxes := 2     
	   4 Input    3 Bit        Muxes := 4     
	   6 Input    3 Bit        Muxes := 1     
	   5 Input    3 Bit        Muxes := 4     
	   3 Input    3 Bit        Muxes := 8     
	   2 Input    2 Bit        Muxes := 702   
	   4 Input    2 Bit        Muxes := 34    
	   3 Input    2 Bit        Muxes := 14    
	   7 Input    2 Bit        Muxes := 2     
	   2 Input    1 Bit        Muxes := 3203  
	   4 Input    1 Bit        Muxes := 152   
	   5 Input    1 Bit        Muxes := 38    
	   3 Input    1 Bit        Muxes := 68    
	   7 Input    1 Bit        Muxes := 40    
	   8 Input    1 Bit        Muxes := 21    
	   6 Input    1 Bit        Muxes := 7     
	  13 Input    1 Bit        Muxes := 2     
	  10 Input    1 Bit        Muxes := 5     
	  16 Input    1 Bit        Muxes := 20    
	  11 Input    1 Bit        Muxes := 1     
	  12 Input    1 Bit        Muxes := 1     
	   9 Input    1 Bit        Muxes := 1     
---------------------------------------------------------------------------------
Finished RTL Component Statistics 
---------------------------------------------------------------------------------
---------------------------------------------------------------------------------
Start Part Resource Summary
---------------------------------------------------------------------------------
Part Resources:
DSPs: 2280 (col length:120)
BRAMs: 1440 (col length: RAMB18 120 RAMB36 60)
---------------------------------------------------------------------------------
Finished Part Resource Summary
---------------------------------------------------------------------------------
---------------------------------------------------------------------------------
Start Cross Boundary and Area Optimization
---------------------------------------------------------------------------------
WARNING: [Synth 8-3936] Found unconnected internal register 'drp_addr_reg_reg' and it is trimmed from '24' to '16' bits. [/home/keshav/Documents/Workspace/corundum/fpga/mqnic/ADM_PCIE_9V3/fpga_25g/rtl/common/eth_xcvr_phy_10g_gty_wrapper.v:739]
WARNING: [Synth 8-3936] Found unconnected internal register 'drp_addr_reg_reg' and it is trimmed from '24' to '10' bits. [/home/keshav/Documents/Workspace/corundum/fpga/mqnic/ADM_PCIE_9V3/fpga_25g/rtl/common/eth_xcvr_phy_10g_gty_wrapper.v:739]
WARNING: [Synth 8-3936] Found unconnected internal register 'drp_addr_reg_reg' and it is trimmed from '24' to '10' bits. [/home/keshav/Documents/Workspace/corundum/fpga/mqnic/ADM_PCIE_9V3/fpga_25g/rtl/common/eth_xcvr_phy_10g_gty_wrapper.v:739]
WARNING: [Synth 8-3936] Found unconnected internal register 'drp_addr_reg_reg' and it is trimmed from '24' to '10' bits. [/home/keshav/Documents/Workspace/corundum/fpga/mqnic/ADM_PCIE_9V3/fpga_25g/rtl/common/eth_xcvr_phy_10g_gty_wrapper.v:739]
WARNING: [Synth 8-3936] Found unconnected internal register 'drp_addr_reg_reg' and it is trimmed from '24' to '16' bits. [/home/keshav/Documents/Workspace/corundum/fpga/mqnic/ADM_PCIE_9V3/fpga_25g/rtl/common/eth_xcvr_phy_10g_gty_wrapper.v:739]
WARNING: [Synth 8-3936] Found unconnected internal register 'drp_addr_reg_reg' and it is trimmed from '24' to '10' bits. [/home/keshav/Documents/Workspace/corundum/fpga/mqnic/ADM_PCIE_9V3/fpga_25g/rtl/common/eth_xcvr_phy_10g_gty_wrapper.v:739]
WARNING: [Synth 8-3936] Found unconnected internal register 'drp_addr_reg_reg' and it is trimmed from '24' to '10' bits. [/home/keshav/Documents/Workspace/corundum/fpga/mqnic/ADM_PCIE_9V3/fpga_25g/rtl/common/eth_xcvr_phy_10g_gty_wrapper.v:739]
WARNING: [Synth 8-3936] Found unconnected internal register 'drp_addr_reg_reg' and it is trimmed from '24' to '10' bits. [/home/keshav/Documents/Workspace/corundum/fpga/mqnic/ADM_PCIE_9V3/fpga_25g/rtl/common/eth_xcvr_phy_10g_gty_wrapper.v:739]
WARNING: [Synth 8-3917] design fpga has port user_led_g[0] driven by constant 1
WARNING: [Synth 8-3917] design fpga has port user_led_r driven by constant 1
WARNING: [Synth 8-3917] design fpga has port front_led[1] driven by constant 0
WARNING: [Synth 8-3917] design fpga has port eeprom_wp driven by constant 0
WARNING: [Synth 8-3917] design fpga has port ddr4_c0_par driven by constant 0
WARNING: [Synth 8-3917] design fpga has port ddr4_c0_reset_n driven by constant 0
WARNING: [Synth 8-3917] design fpga has port ddr4_c0_ten driven by constant 0
WARNING: [Synth 8-3917] design fpga has port ddr4_c1_par driven by constant 0
WARNING: [Synth 8-3917] design fpga has port ddr4_c1_reset_n driven by constant 0
WARNING: [Synth 8-3917] design fpga has port ddr4_c1_ten driven by constant 0
INFO: [Synth 8-5544] ROM "fcs_output_txc_0" won't be mapped to Block RAM because address size (3) smaller than threshold (5)
INFO: [Synth 8-5544] ROM "fcs_output_txc_1" won't be mapped to Block RAM because address size (3) smaller than threshold (5)
INFO: [Common 17-14] Message 'Synth 8-7129' appears 100 times and further instances of the messages will be disabled. Use the Tcl command set_msg_config to change the current settings.
INFO: [Synth 8-3886] merging instance 'axis_xgmii_rx_inst/ptp_ts_adj_reg_reg[46]' (FDR) to 'axis_xgmii_rx_inst/ptp_ts_adj_reg_reg[47]'
INFO: [Synth 8-3333] propagating constant 0 across sequential element (axis_xgmii_rx_inst/\ptp_ts_adj_reg_reg[47] )
INFO: [Synth 8-3886] merging instance 'mac_ctrl.mac_ctrl_rx_inst/temp_m_axis_tuser_reg_reg[0]' (FDE) to 'mac_ctrl.mac_ctrl_rx_inst/temp_m_axis_tlast_reg_reg'
INFO: [Synth 8-3886] merging instance 'mac_ctrl.mac_ctrl_rx_inst/temp_m_axis_tuser_reg_reg[1]' (FDE) to 'mac_ctrl.mac_ctrl_rx_inst/temp_m_axis_tlast_reg_reg'
INFO: [Synth 8-3886] merging instance 'mac_ctrl.mac_ctrl_rx_inst/temp_m_axis_tuser_reg_reg[2]' (FDE) to 'mac_ctrl.mac_ctrl_rx_inst/temp_m_axis_tlast_reg_reg'
INFO: [Synth 8-3886] merging instance 'mac_ctrl.mac_ctrl_rx_inst/temp_m_axis_tuser_reg_reg[3]' (FDE) to 'mac_ctrl.mac_ctrl_rx_inst/temp_m_axis_tlast_reg_reg'
INFO: [Synth 8-3886] merging instance 'mac_ctrl.mac_ctrl_rx_inst/temp_m_axis_tuser_reg_reg[4]' (FDE) to 'mac_ctrl.mac_ctrl_rx_inst/temp_m_axis_tlast_reg_reg'
INFO: [Synth 8-3886] merging instance 'mac_ctrl.mac_ctrl_rx_inst/temp_m_axis_tuser_reg_reg[5]' (FDE) to 'mac_ctrl.mac_ctrl_rx_inst/temp_m_axis_tlast_reg_reg'
INFO: [Synth 8-3886] merging instance 'mac_ctrl.mac_ctrl_rx_inst/temp_m_axis_tuser_reg_reg[6]' (FDE) to 'mac_ctrl.mac_ctrl_rx_inst/temp_m_axis_tlast_reg_reg'
INFO: [Synth 8-3886] merging instance 'mac_ctrl.mac_ctrl_rx_inst/temp_m_axis_tuser_reg_reg[7]' (FDE) to 'mac_ctrl.mac_ctrl_rx_inst/temp_m_axis_tlast_reg_reg'
INFO: [Synth 8-3886] merging instance 'mac_ctrl.mac_ctrl_rx_inst/temp_m_axis_tuser_reg_reg[8]' (FDE) to 'mac_ctrl.mac_ctrl_rx_inst/temp_m_axis_tlast_reg_reg'
INFO: [Synth 8-3886] merging instance 'mac_ctrl.mac_ctrl_rx_inst/temp_m_axis_tuser_reg_reg[9]' (FDE) to 'mac_ctrl.mac_ctrl_rx_inst/temp_m_axis_tlast_reg_reg'
INFO: [Synth 8-3886] merging instance 'mac_ctrl.mac_ctrl_rx_inst/temp_m_axis_tuser_reg_reg[10]' (FDE) to 'mac_ctrl.mac_ctrl_rx_inst/temp_m_axis_tlast_reg_reg'
INFO: [Synth 8-3886] merging instance 'mac_ctrl.mac_ctrl_rx_inst/temp_m_axis_tuser_reg_reg[11]' (FDE) to 'mac_ctrl.mac_ctrl_rx_inst/temp_m_axis_tlast_reg_reg'
INFO: [Synth 8-3886] merging instance 'mac_ctrl.mac_ctrl_rx_inst/temp_m_axis_tuser_reg_reg[12]' (FDE) to 'mac_ctrl.mac_ctrl_rx_inst/temp_m_axis_tlast_reg_reg'
INFO: [Synth 8-3886] merging instance 'mac_ctrl.mac_ctrl_rx_inst/temp_m_axis_tuser_reg_reg[13]' (FDE) to 'mac_ctrl.mac_ctrl_rx_inst/temp_m_axis_tlast_reg_reg'
INFO: [Synth 8-3886] merging instance 'mac_ctrl.mac_ctrl_rx_inst/temp_m_axis_tuser_reg_reg[14]' (FDE) to 'mac_ctrl.mac_ctrl_rx_inst/temp_m_axis_tlast_reg_reg'
INFO: [Synth 8-3886] merging instance 'mac_ctrl.mac_ctrl_rx_inst/temp_m_axis_tuser_reg_reg[15]' (FDE) to 'mac_ctrl.mac_ctrl_rx_inst/temp_m_axis_tlast_reg_reg'
INFO: [Synth 8-3886] merging instance 'mac_ctrl.mac_ctrl_rx_inst/temp_m_axis_tuser_reg_reg[16]' (FDE) to 'mac_ctrl.mac_ctrl_rx_inst/temp_m_axis_tlast_reg_reg'
INFO: [Synth 8-3886] merging instance 'mac_ctrl.mac_ctrl_rx_inst/temp_m_axis_tuser_reg_reg[17]' (FDE) to 'mac_ctrl.mac_ctrl_rx_inst/temp_m_axis_tlast_reg_reg'
INFO: [Synth 8-3886] merging instance 'mac_ctrl.mac_ctrl_rx_inst/temp_m_axis_tuser_reg_reg[18]' (FDE) to 'mac_ctrl.mac_ctrl_rx_inst/temp_m_axis_tlast_reg_reg'
INFO: [Synth 8-3886] merging instance 'mac_ctrl.mac_ctrl_rx_inst/temp_m_axis_tuser_reg_reg[19]' (FDE) to 'mac_ctrl.mac_ctrl_rx_inst/temp_m_axis_tlast_reg_reg'
INFO: [Synth 8-3886] merging instance 'mac_ctrl.mac_ctrl_rx_inst/temp_m_axis_tuser_reg_reg[20]' (FDE) to 'mac_ctrl.mac_ctrl_rx_inst/temp_m_axis_tlast_reg_reg'
INFO: [Synth 8-3886] merging instance 'mac_ctrl.mac_ctrl_rx_inst/temp_m_axis_tuser_reg_reg[21]' (FDE) to 'mac_ctrl.mac_ctrl_rx_inst/temp_m_axis_tlast_reg_reg'
INFO: [Synth 8-3886] merging instance 'mac_ctrl.mac_ctrl_rx_inst/temp_m_axis_tuser_reg_reg[22]' (FDE) to 'mac_ctrl.mac_ctrl_rx_inst/temp_m_axis_tlast_reg_reg'
INFO: [Synth 8-3886] merging instance 'mac_ctrl.mac_ctrl_rx_inst/temp_m_axis_tuser_reg_reg[23]' (FDE) to 'mac_ctrl.mac_ctrl_rx_inst/temp_m_axis_tlast_reg_reg'
INFO: [Synth 8-3886] merging instance 'mac_ctrl.mac_ctrl_rx_inst/temp_m_axis_tuser_reg_reg[24]' (FDE) to 'mac_ctrl.mac_ctrl_rx_inst/temp_m_axis_tlast_reg_reg'
INFO: [Synth 8-3886] merging instance 'mac_ctrl.mac_ctrl_rx_inst/temp_m_axis_tuser_reg_reg[25]' (FDE) to 'mac_ctrl.mac_ctrl_rx_inst/temp_m_axis_tlast_reg_reg'
INFO: [Synth 8-3886] merging instance 'mac_ctrl.mac_ctrl_rx_inst/temp_m_axis_tuser_reg_reg[26]' (FDE) to 'mac_ctrl.mac_ctrl_rx_inst/temp_m_axis_tlast_reg_reg'
INFO: [Synth 8-3886] merging instance 'mac_ctrl.mac_ctrl_rx_inst/temp_m_axis_tuser_reg_reg[27]' (FDE) to 'mac_ctrl.mac_ctrl_rx_inst/temp_m_axis_tlast_reg_reg'
INFO: [Synth 8-3886] merging instance 'mac_ctrl.mac_ctrl_rx_inst/temp_m_axis_tuser_reg_reg[28]' (FDE) to 'mac_ctrl.mac_ctrl_rx_inst/temp_m_axis_tlast_reg_reg'
INFO: [Synth 8-3886] merging instance 'mac_ctrl.mac_ctrl_rx_inst/temp_m_axis_tuser_reg_reg[29]' (FDE) to 'mac_ctrl.mac_ctrl_rx_inst/temp_m_axis_tlast_reg_reg'
INFO: [Synth 8-3886] merging instance 'mac_ctrl.mac_ctrl_rx_inst/temp_m_axis_tuser_reg_reg[30]' (FDE) to 'mac_ctrl.mac_ctrl_rx_inst/temp_m_axis_tlast_reg_reg'
INFO: [Synth 8-3886] merging instance 'mac_ctrl.mac_ctrl_rx_inst/temp_m_axis_tuser_reg_reg[31]' (FDE) to 'mac_ctrl.mac_ctrl_rx_inst/temp_m_axis_tlast_reg_reg'
INFO: [Synth 8-3886] merging instance 'mac_ctrl.mac_ctrl_rx_inst/temp_m_axis_tuser_reg_reg[32]' (FDE) to 'mac_ctrl.mac_ctrl_rx_inst/temp_m_axis_tlast_reg_reg'
INFO: [Synth 8-3886] merging instance 'mac_ctrl.mac_ctrl_rx_inst/temp_m_axis_tuser_reg_reg[33]' (FDE) to 'mac_ctrl.mac_ctrl_rx_inst/temp_m_axis_tlast_reg_reg'
INFO: [Synth 8-3886] merging instance 'mac_ctrl.mac_ctrl_rx_inst/temp_m_axis_tuser_reg_reg[34]' (FDE) to 'mac_ctrl.mac_ctrl_rx_inst/temp_m_axis_tlast_reg_reg'
INFO: [Synth 8-3886] merging instance 'mac_ctrl.mac_ctrl_rx_inst/temp_m_axis_tuser_reg_reg[35]' (FDE) to 'mac_ctrl.mac_ctrl_rx_inst/temp_m_axis_tlast_reg_reg'
INFO: [Synth 8-3886] merging instance 'mac_ctrl.mac_ctrl_rx_inst/temp_m_axis_tuser_reg_reg[36]' (FDE) to 'mac_ctrl.mac_ctrl_rx_inst/temp_m_axis_tlast_reg_reg'
INFO: [Synth 8-3886] merging instance 'mac_ctrl.mac_ctrl_rx_inst/temp_m_axis_tuser_reg_reg[37]' (FDE) to 'mac_ctrl.mac_ctrl_rx_inst/temp_m_axis_tlast_reg_reg'
INFO: [Synth 8-3886] merging instance 'mac_ctrl.mac_ctrl_rx_inst/temp_m_axis_tuser_reg_reg[38]' (FDE) to 'mac_ctrl.mac_ctrl_rx_inst/temp_m_axis_tlast_reg_reg'
INFO: [Synth 8-3886] merging instance 'mac_ctrl.mac_ctrl_rx_inst/temp_m_axis_tuser_reg_reg[39]' (FDE) to 'mac_ctrl.mac_ctrl_rx_inst/temp_m_axis_tlast_reg_reg'
INFO: [Synth 8-3886] merging instance 'mac_ctrl.mac_ctrl_rx_inst/temp_m_axis_tuser_reg_reg[40]' (FDE) to 'mac_ctrl.mac_ctrl_rx_inst/temp_m_axis_tlast_reg_reg'
INFO: [Synth 8-3886] merging instance 'mac_ctrl.mac_ctrl_rx_inst/temp_m_axis_tuser_reg_reg[41]' (FDE) to 'mac_ctrl.mac_ctrl_rx_inst/temp_m_axis_tlast_reg_reg'
INFO: [Synth 8-3886] merging instance 'mac_ctrl.mac_ctrl_rx_inst/temp_m_axis_tuser_reg_reg[42]' (FDE) to 'mac_ctrl.mac_ctrl_rx_inst/temp_m_axis_tlast_reg_reg'
INFO: [Synth 8-3886] merging instance 'mac_ctrl.mac_ctrl_rx_inst/temp_m_axis_tuser_reg_reg[43]' (FDE) to 'mac_ctrl.mac_ctrl_rx_inst/temp_m_axis_tlast_reg_reg'
INFO: [Synth 8-3886] merging instance 'mac_ctrl.mac_ctrl_rx_inst/temp_m_axis_tuser_reg_reg[44]' (FDE) to 'mac_ctrl.mac_ctrl_rx_inst/temp_m_axis_tlast_reg_reg'
INFO: [Synth 8-3886] merging instance 'mac_ctrl.mac_ctrl_rx_inst/temp_m_axis_tuser_reg_reg[45]' (FDE) to 'mac_ctrl.mac_ctrl_rx_inst/temp_m_axis_tlast_reg_reg'
INFO: [Synth 8-3886] merging instance 'mac_ctrl.mac_ctrl_rx_inst/temp_m_axis_tuser_reg_reg[46]' (FDE) to 'mac_ctrl.mac_ctrl_rx_inst/temp_m_axis_tlast_reg_reg'
INFO: [Synth 8-3886] merging instance 'mac_ctrl.mac_ctrl_rx_inst/temp_m_axis_tuser_reg_reg[47]' (FDE) to 'mac_ctrl.mac_ctrl_rx_inst/temp_m_axis_tlast_reg_reg'
INFO: [Synth 8-3886] merging instance 'mac_ctrl.mac_ctrl_rx_inst/temp_m_axis_tuser_reg_reg[48]' (FDE) to 'mac_ctrl.mac_ctrl_rx_inst/temp_m_axis_tlast_reg_reg'
INFO: [Synth 8-3886] merging instance 'mac_ctrl.mac_ctrl_rx_inst/temp_m_axis_tuser_reg_reg[49]' (FDE) to 'mac_ctrl.mac_ctrl_rx_inst/temp_m_axis_tlast_reg_reg'
INFO: [Synth 8-3886] merging instance 'mac_ctrl.mac_ctrl_rx_inst/temp_m_axis_tuser_reg_reg[50]' (FDE) to 'mac_ctrl.mac_ctrl_rx_inst/temp_m_axis_tlast_reg_reg'
INFO: [Synth 8-3886] merging instance 'mac_ctrl.mac_ctrl_rx_inst/temp_m_axis_tuser_reg_reg[51]' (FDE) to 'mac_ctrl.mac_ctrl_rx_inst/temp_m_axis_tlast_reg_reg'
INFO: [Synth 8-3886] merging instance 'mac_ctrl.mac_ctrl_rx_inst/temp_m_axis_tuser_reg_reg[52]' (FDE) to 'mac_ctrl.mac_ctrl_rx_inst/temp_m_axis_tlast_reg_reg'
INFO: [Synth 8-3886] merging instance 'mac_ctrl.mac_ctrl_rx_inst/temp_m_axis_tuser_reg_reg[53]' (FDE) to 'mac_ctrl.mac_ctrl_rx_inst/temp_m_axis_tlast_reg_reg'
INFO: [Synth 8-3886] merging instance 'mac_ctrl.mac_ctrl_rx_inst/temp_m_axis_tuser_reg_reg[54]' (FDE) to 'mac_ctrl.mac_ctrl_rx_inst/temp_m_axis_tlast_reg_reg'
INFO: [Synth 8-3886] merging instance 'mac_ctrl.mac_ctrl_rx_inst/temp_m_axis_tuser_reg_reg[55]' (FDE) to 'mac_ctrl.mac_ctrl_rx_inst/temp_m_axis_tlast_reg_reg'
INFO: [Synth 8-3886] merging instance 'mac_ctrl.mac_ctrl_rx_inst/temp_m_axis_tuser_reg_reg[56]' (FDE) to 'mac_ctrl.mac_ctrl_rx_inst/temp_m_axis_tlast_reg_reg'
INFO: [Synth 8-3886] merging instance 'mac_ctrl.mac_ctrl_rx_inst/temp_m_axis_tuser_reg_reg[57]' (FDE) to 'mac_ctrl.mac_ctrl_rx_inst/temp_m_axis_tlast_reg_reg'
INFO: [Synth 8-3886] merging instance 'mac_ctrl.mac_ctrl_rx_inst/temp_m_axis_tuser_reg_reg[58]' (FDE) to 'mac_ctrl.mac_ctrl_rx_inst/temp_m_axis_tlast_reg_reg'
INFO: [Synth 8-3886] merging instance 'mac_ctrl.mac_ctrl_rx_inst/temp_m_axis_tuser_reg_reg[59]' (FDE) to 'mac_ctrl.mac_ctrl_rx_inst/temp_m_axis_tlast_reg_reg'
INFO: [Synth 8-3886] merging instance 'mac_ctrl.mac_ctrl_rx_inst/temp_m_axis_tuser_reg_reg[60]' (FDE) to 'mac_ctrl.mac_ctrl_rx_inst/temp_m_axis_tlast_reg_reg'
INFO: [Synth 8-3886] merging instance 'mac_ctrl.mac_ctrl_rx_inst/temp_m_axis_tuser_reg_reg[61]' (FDE) to 'mac_ctrl.mac_ctrl_rx_inst/temp_m_axis_tlast_reg_reg'
INFO: [Synth 8-3886] merging instance 'mac_ctrl.mac_ctrl_rx_inst/temp_m_axis_tuser_reg_reg[62]' (FDE) to 'mac_ctrl.mac_ctrl_rx_inst/temp_m_axis_tlast_reg_reg'
INFO: [Synth 8-3886] merging instance 'mac_ctrl.mac_ctrl_rx_inst/temp_m_axis_tuser_reg_reg[63]' (FDE) to 'mac_ctrl.mac_ctrl_rx_inst/temp_m_axis_tlast_reg_reg'
INFO: [Synth 8-3886] merging instance 'mac_ctrl.mac_ctrl_rx_inst/temp_m_axis_tuser_reg_reg[64]' (FDE) to 'mac_ctrl.mac_ctrl_rx_inst/temp_m_axis_tlast_reg_reg'
INFO: [Synth 8-3886] merging instance 'mac_ctrl.mac_ctrl_rx_inst/temp_m_axis_tuser_reg_reg[65]' (FDE) to 'mac_ctrl.mac_ctrl_rx_inst/temp_m_axis_tlast_reg_reg'
INFO: [Synth 8-3886] merging instance 'mac_ctrl.mac_ctrl_rx_inst/temp_m_axis_tuser_reg_reg[66]' (FDE) to 'mac_ctrl.mac_ctrl_rx_inst/temp_m_axis_tlast_reg_reg'
INFO: [Synth 8-3886] merging instance 'mac_ctrl.mac_ctrl_rx_inst/temp_m_axis_tuser_reg_reg[67]' (FDE) to 'mac_ctrl.mac_ctrl_rx_inst/temp_m_axis_tlast_reg_reg'
INFO: [Synth 8-3886] merging instance 'mac_ctrl.mac_ctrl_rx_inst/temp_m_axis_tuser_reg_reg[68]' (FDE) to 'mac_ctrl.mac_ctrl_rx_inst/temp_m_axis_tlast_reg_reg'
INFO: [Synth 8-3886] merging instance 'mac_ctrl.mac_ctrl_rx_inst/temp_m_axis_tuser_reg_reg[69]' (FDE) to 'mac_ctrl.mac_ctrl_rx_inst/temp_m_axis_tlast_reg_reg'
INFO: [Synth 8-3886] merging instance 'mac_ctrl.mac_ctrl_rx_inst/temp_m_axis_tuser_reg_reg[70]' (FDE) to 'mac_ctrl.mac_ctrl_rx_inst/temp_m_axis_tlast_reg_reg'
INFO: [Synth 8-3886] merging instance 'mac_ctrl.mac_ctrl_rx_inst/temp_m_axis_tuser_reg_reg[71]' (FDE) to 'mac_ctrl.mac_ctrl_rx_inst/temp_m_axis_tlast_reg_reg'
INFO: [Synth 8-3886] merging instance 'mac_ctrl.mac_ctrl_rx_inst/temp_m_axis_tuser_reg_reg[72]' (FDE) to 'mac_ctrl.mac_ctrl_rx_inst/temp_m_axis_tlast_reg_reg'
INFO: [Synth 8-3886] merging instance 'mac_ctrl.mac_ctrl_rx_inst/temp_m_axis_tuser_reg_reg[73]' (FDE) to 'mac_ctrl.mac_ctrl_rx_inst/temp_m_axis_tlast_reg_reg'
INFO: [Synth 8-3886] merging instance 'mac_ctrl.mac_ctrl_rx_inst/temp_m_axis_tuser_reg_reg[74]' (FDE) to 'mac_ctrl.mac_ctrl_rx_inst/temp_m_axis_tlast_reg_reg'
INFO: [Synth 8-3886] merging instance 'mac_ctrl.mac_ctrl_rx_inst/temp_m_axis_tuser_reg_reg[75]' (FDE) to 'mac_ctrl.mac_ctrl_rx_inst/temp_m_axis_tlast_reg_reg'
INFO: [Synth 8-3886] merging instance 'mac_ctrl.mac_ctrl_rx_inst/temp_m_axis_tuser_reg_reg[76]' (FDE) to 'mac_ctrl.mac_ctrl_rx_inst/temp_m_axis_tlast_reg_reg'
INFO: [Synth 8-3886] merging instance 'mac_ctrl.mac_ctrl_rx_inst/temp_m_axis_tuser_reg_reg[77]' (FDE) to 'mac_ctrl.mac_ctrl_rx_inst/temp_m_axis_tlast_reg_reg'
INFO: [Synth 8-3886] merging instance 'mac_ctrl.mac_ctrl_rx_inst/temp_m_axis_tuser_reg_reg[78]' (FDE) to 'mac_ctrl.mac_ctrl_rx_inst/temp_m_axis_tlast_reg_reg'
INFO: [Synth 8-3886] merging instance 'mac_ctrl.mac_ctrl_rx_inst/temp_m_axis_tuser_reg_reg[79]' (FDE) to 'mac_ctrl.mac_ctrl_rx_inst/temp_m_axis_tlast_reg_reg'
INFO: [Synth 8-3886] merging instance 'mac_ctrl.mac_ctrl_rx_inst/temp_m_axis_tuser_reg_reg[80]' (FDE) to 'mac_ctrl.mac_ctrl_rx_inst/temp_m_axis_tlast_reg_reg'
INFO: [Synth 8-3886] merging instance 'mac_ctrl.mac_ctrl_rx_inst/temp_m_axis_tuser_reg_reg[81]' (FDE) to 'mac_ctrl.mac_ctrl_rx_inst/temp_m_axis_tlast_reg_reg'
INFO: [Synth 8-3886] merging instance 'mac_ctrl.mac_ctrl_rx_inst/temp_m_axis_tuser_reg_reg[82]' (FDE) to 'mac_ctrl.mac_ctrl_rx_inst/temp_m_axis_tlast_reg_reg'
INFO: [Synth 8-3886] merging instance 'mac_ctrl.mac_ctrl_rx_inst/temp_m_axis_tuser_reg_reg[83]' (FDE) to 'mac_ctrl.mac_ctrl_rx_inst/temp_m_axis_tlast_reg_reg'
INFO: [Synth 8-3886] merging instance 'mac_ctrl.mac_ctrl_rx_inst/temp_m_axis_tuser_reg_reg[84]' (FDE) to 'mac_ctrl.mac_ctrl_rx_inst/temp_m_axis_tlast_reg_reg'
INFO: [Synth 8-3886] merging instance 'mac_ctrl.mac_ctrl_rx_inst/temp_m_axis_tuser_reg_reg[85]' (FDE) to 'mac_ctrl.mac_ctrl_rx_inst/temp_m_axis_tlast_reg_reg'
INFO: [Synth 8-3886] merging instance 'mac_ctrl.mac_ctrl_rx_inst/temp_m_axis_tuser_reg_reg[86]' (FDE) to 'mac_ctrl.mac_ctrl_rx_inst/temp_m_axis_tlast_reg_reg'
INFO: [Synth 8-3886] merging instance 'mac_ctrl.mac_ctrl_rx_inst/temp_m_axis_tuser_reg_reg[87]' (FDE) to 'mac_ctrl.mac_ctrl_rx_inst/temp_m_axis_tlast_reg_reg'
INFO: [Synth 8-3886] merging instance 'mac_ctrl.mac_ctrl_rx_inst/temp_m_axis_tuser_reg_reg[88]' (FDE) to 'mac_ctrl.mac_ctrl_rx_inst/temp_m_axis_tlast_reg_reg'
INFO: [Synth 8-3886] merging instance 'mac_ctrl.mac_ctrl_rx_inst/temp_m_axis_tuser_reg_reg[89]' (FDE) to 'mac_ctrl.mac_ctrl_rx_inst/temp_m_axis_tlast_reg_reg'
INFO: [Synth 8-3886] merging instance 'mac_ctrl.mac_ctrl_rx_inst/temp_m_axis_tuser_reg_reg[90]' (FDE) to 'mac_ctrl.mac_ctrl_rx_inst/temp_m_axis_tlast_reg_reg'
INFO: [Synth 8-3886] merging instance 'mac_ctrl.mac_ctrl_rx_inst/temp_m_axis_tuser_reg_reg[91]' (FDE) to 'mac_ctrl.mac_ctrl_rx_inst/temp_m_axis_tlast_reg_reg'
INFO: [Synth 8-3886] merging instance 'mac_ctrl.mac_ctrl_rx_inst/temp_m_axis_tuser_reg_reg[92]' (FDE) to 'mac_ctrl.mac_ctrl_rx_inst/temp_m_axis_tlast_reg_reg'
INFO: [Synth 8-3886] merging instance 'mac_ctrl.mac_ctrl_rx_inst/temp_m_axis_tuser_reg_reg[93]' (FDE) to 'mac_ctrl.mac_ctrl_rx_inst/temp_m_axis_tlast_reg_reg'
INFO: [Synth 8-3886] merging instance 'mac_ctrl.mac_ctrl_rx_inst/temp_m_axis_tuser_reg_reg[94]' (FDE) to 'mac_ctrl.mac_ctrl_rx_inst/temp_m_axis_tlast_reg_reg'
INFO: [Synth 8-3886] merging instance 'mac_ctrl.mac_ctrl_rx_inst/temp_m_axis_tuser_reg_reg[95]' (FDE) to 'mac_ctrl.mac_ctrl_rx_inst/temp_m_axis_tlast_reg_reg'
INFO: [Synth 8-3886] merging instance 'mac_ctrl.mac_ctrl_rx_inst/temp_m_axis_tuser_reg_reg[96]' (FDE) to 'mac_ctrl.mac_ctrl_rx_inst/temp_m_axis_tlast_reg_reg'
INFO: [Synth 8-3886] merging instance 'mac_ctrl.mac_ctrl_rx_inst/temp_m_axis_tlast_reg_reg' (FDE) to 'mac_ctrl.mac_ctrl_rx_inst/temp_m_axis_tkeep_reg_reg[7]'
INFO: [Synth 8-3333] propagating constant 0 across sequential element (\mac_ctrl.mac_ctrl_rx_inst /temp_m_axis_tvalid_reg_reg)
INFO: [Synth 8-3886] merging instance 'mac_ctrl.mac_ctrl_rx_inst/temp_m_axis_tkeep_reg_reg[0]' (FDE) to 'mac_ctrl.mac_ctrl_rx_inst/temp_m_axis_tkeep_reg_reg[7]'
INFO: [Common 17-14] Message 'Synth 8-3886' appears 100 times and further instances of the messages will be disabled. Use the Tcl command set_msg_config to change the current settings.
INFO: [Common 17-14] Message 'Synth 8-3886' appears 100 times and further instances of the messages will be disabled. Use the Tcl command set_msg_config to change the current settings.
INFO: [Synth 8-3333] propagating constant 0 across sequential element (\mac_ctrl.mac_ctrl_rx_inst /\temp_m_axis_tdata_reg_reg[63] )
INFO: [Synth 8-3333] propagating constant 0 across sequential element (axis_xgmii_tx_inst/\m_axis_ptp_ts_adj_reg_reg[47] )
INFO: [Synth 8-3333] propagating constant 0 across sequential element (axis_xgmii_rx_inst/\m_axis_tuser_reg_reg[48] )
INFO: [Synth 8-3333] propagating constant 0 across sequential element (\mac_ctrl.mac_ctrl_rx_inst /\m_axis_tuser_reg_reg[48] )
INFO: [Synth 8-6904] The RAM "pcie_us_if_rc_inst/pcie_tlp_fifo_inst/out_fifo_out_tlp_data_reg" of size (depth=32 x width=512) is automatically implemented using LUTRAM. BRAM implementation would be inefficient 
INFO: [Synth 8-6904] The RAM "pcie_us_if_rc_inst/pcie_tlp_fifo_inst/out_fifo_out_tlp_strb_reg" of size (depth=32 x width=16) is automatically implemented using LUTRAM. BRAM implementation would be inefficient 
INFO: [Synth 8-6904] The RAM "pcie_us_if_rc_inst/pcie_tlp_fifo_inst/out_fifo_out_tlp_hdr_reg" of size (depth=32 x width=128) is automatically implemented using LUTRAM. BRAM implementation would be inefficient 
INFO: [Synth 8-6904] The RAM "pcie_us_if_rc_inst/pcie_tlp_fifo_inst/out_fifo_out_tlp_seq_reg" of size (depth=32 x width=1) is automatically implemented using LUTRAM. BRAM implementation would be inefficient 
INFO: [Synth 8-6904] The RAM "pcie_us_if_rc_inst/pcie_tlp_fifo_inst/out_fifo_out_tlp_bar_id_reg" of size (depth=32 x width=3) is automatically implemented using LUTRAM. BRAM implementation would be inefficient 
INFO: [Synth 8-6904] The RAM "pcie_us_if_rc_inst/pcie_tlp_fifo_inst/out_fifo_out_tlp_func_num_reg" of size (depth=32 x width=8) is automatically implemented using LUTRAM. BRAM implementation would be inefficient 
INFO: [Synth 8-6904] The RAM "pcie_us_if_rc_inst/pcie_tlp_fifo_inst/out_fifo_out_tlp_error_reg" of size (depth=32 x width=4) is automatically implemented using LUTRAM. BRAM implementation would be inefficient 
INFO: [Synth 8-6904] The RAM "pcie_us_if_rc_inst/pcie_tlp_fifo_inst/out_fifo_out_tlp_sop_reg" of size (depth=32 x width=1) is automatically implemented using LUTRAM. BRAM implementation would be inefficient 
INFO: [Synth 8-6904] The RAM "pcie_us_if_rc_inst/pcie_tlp_fifo_inst/out_fifo_out_tlp_eop_reg" of size (depth=32 x width=1) is automatically implemented using LUTRAM. BRAM implementation would be inefficient 
INFO: [Synth 8-5544] ROM "tlp_error" won't be mapped to Block RAM because address size (4) smaller than threshold (5)
INFO: [Synth 8-5544] ROM "tlp_error" won't be mapped to Block RAM because address size (4) smaller than threshold (5)
INFO: [Synth 8-5544] ROM "tlp_error" won't be mapped to Block RAM because address size (4) smaller than threshold (5)
INFO: [Synth 8-5544] ROM "tlp_error" won't be mapped to Block RAM because address size (4) smaller than threshold (5)
INFO: [Synth 8-6904] The RAM "pcie_us_if_rc_inst/pcie_tlp_fifo_inst/out_fifo_out_tlp_data_reg" of size (depth=32 x width=512) is automatically implemented using LUTRAM. BRAM implementation would be inefficient 
INFO: [Synth 8-6904] The RAM "pcie_us_if_rc_inst/pcie_tlp_fifo_inst/out_fifo_out_tlp_strb_reg" of size (depth=32 x width=16) is automatically implemented using LUTRAM. BRAM implementation would be inefficient 
INFO: [Synth 8-6904] The RAM "pcie_us_if_rc_inst/pcie_tlp_fifo_inst/out_fifo_out_tlp_hdr_reg" of size (depth=32 x width=128) is automatically implemented using LUTRAM. BRAM implementation would be inefficient 
WARNING: [Synth 8-13161] RAM (pcie_us_if_rc_inst/pcie_tlp_fifo_inst/i_10) is optimized away because it doesn't have any load.
WARNING: [Synth 8-13161] RAM (pcie_us_if_rc_inst/pcie_tlp_fifo_inst/i_12) is optimized away because it doesn't have any load.
WARNING: [Synth 8-13161] RAM (pcie_us_if_rc_inst/pcie_tlp_fifo_inst/i_13) is optimized away because it doesn't have any load.
INFO: [Synth 8-6904] The RAM "pcie_us_if_rc_inst/pcie_tlp_fifo_inst/out_fifo_out_tlp_error_reg" of size (depth=32 x width=4) is automatically implemented using LUTRAM. BRAM implementation would be inefficient 
INFO: [Synth 8-6904] The RAM "pcie_us_if_rc_inst/pcie_tlp_fifo_inst/out_fifo_out_tlp_sop_reg" of size (depth=32 x width=1) is automatically implemented using LUTRAM. BRAM implementation would be inefficient 
INFO: [Synth 8-6904] The RAM "pcie_us_if_rc_inst/pcie_tlp_fifo_inst/out_fifo_out_tlp_eop_reg" of size (depth=32 x width=1) is automatically implemented using LUTRAM. BRAM implementation would be inefficient 
INFO: [Common 17-14] Message 'Synth 8-3886' appears 100 times and further instances of the messages will be disabled. Use the Tcl command set_msg_config to change the current settings.
INFO: [Synth 8-3333] propagating constant 0 across sequential element (pcie_us_if_rc_inst/\rx_cpl_tlp_hdr_reg_reg[497] )
INFO: [Synth 8-3333] propagating constant 0 across sequential element (pcie_us_if_rc_inst/\rx_cpl_tlp_hdr_reg_reg[127] )
INFO: [Synth 8-3333] propagating constant 0 across sequential element (pcie_us_if_rc_inst/\rx_cpl_tlp_hdr_reg_reg[255] )
INFO: [Synth 8-3333] propagating constant 0 across sequential element (pcie_us_if_rc_inst/\rx_cpl_tlp_hdr_reg_reg[383] )
INFO: [Synth 8-3333] propagating constant 0 across sequential element (pcie_us_if_rc_inst/\rx_cpl_tlp_hdr_reg_reg[511] )
INFO: [Synth 8-3333] propagating constant 0 across sequential element (\pcie_us_if_cc_inst/tlp_hdr1_reg_reg )
INFO: [Synth 8-3333] propagating constant 0 across sequential element (\pcie_us_if_cc_inst/m_axis_cc_tuser_reg_reg[4] )
INFO: [Synth 8-3333] propagating constant 0 across sequential element (\pcie_us_if_cc_inst/m_axis_cc_tuser_reg_reg[80] )
INFO: [Synth 8-3333] propagating constant 0 across sequential element (\pcie_us_if_cc_inst/m_axis_cc_tlast_reg_reg )
INFO: [Synth 8-3333] propagating constant 0 across sequential element (\pcie_us_cfg_inst/cfg_mgmt_addr_reg_reg[9] )
INFO: [Synth 8-7067] Removed DRAM instance pcie_us_if_rc_inst/pcie_tlp_fifo_inst/pcie_tlp_fifo_raw_inst/i_20/i_0/seg_ram[0].seg_mem_hdr_reg_r2_0_31_14_27 from module partition__14 due to constant propagation
INFO: [Synth 8-7067] Removed DRAM instance pcie_us_if_rc_inst/pcie_tlp_fifo_inst/pcie_tlp_fifo_raw_inst/i_21/i_0/seg_ram[1].seg_mem_hdr_reg_r2_0_31_14_27 from module partition__15 due to constant propagation
INFO: [Synth 8-7067] Removed DRAM instance pcie_us_if_rc_inst/pcie_tlp_fifo_inst/pcie_tlp_fifo_raw_inst/i_23/i_0/seg_ram[2].seg_mem_hdr_reg_r2_0_31_14_27 from module partition__16 due to constant propagation
INFO: [Synth 8-7067] Removed DRAM instance pcie_us_if_rc_inst/pcie_tlp_fifo_inst/pcie_tlp_fifo_raw_inst/i_25/i_0/seg_ram[3].seg_mem_hdr_reg_r2_0_31_14_27 from module partition__17 due to constant propagation
INFO: [Synth 8-7067] Removed DRAM instance pcie_us_if_rc_inst/pcie_tlp_fifo_inst/pcie_tlp_fifo_raw_inst/i_20/i_0/seg_ram[0].seg_mem_hdr_reg_r2_0_31_0_13 from module partition__14 due to constant propagation
INFO: [Synth 8-7067] Removed DRAM instance pcie_us_if_rc_inst/pcie_tlp_fifo_inst/pcie_tlp_fifo_raw_inst/i_21/i_0/seg_ram[1].seg_mem_hdr_reg_r2_0_31_0_13 from module partition__15 due to constant propagation
INFO: [Synth 8-7067] Removed DRAM instance pcie_us_if_rc_inst/pcie_tlp_fifo_inst/pcie_tlp_fifo_raw_inst/i_23/i_0/seg_ram[2].seg_mem_hdr_reg_r2_0_31_0_13 from module partition__16 due to constant propagation
INFO: [Synth 8-7067] Removed DRAM instance pcie_us_if_rc_inst/pcie_tlp_fifo_inst/pcie_tlp_fifo_raw_inst/i_25/i_0/seg_ram[3].seg_mem_hdr_reg_r2_0_31_0_13 from module partition__17 due to constant propagation
INFO: [Synth 8-3333] propagating constant 0 across sequential element (pcie_us_if_rc_inst/pcie_tlp_fifo_inst/pcie_tlp_fifo_raw_inst/i_25/\seg_ram[3].rd_hdr_reg_reg[113] )
INFO: [Synth 8-3333] propagating constant 0 across sequential element (pcie_us_if_rc_inst/pcie_tlp_fifo_inst/pcie_tlp_fifo_raw_inst/i_23/\seg_ram[2].rd_hdr_reg_reg[113] )
INFO: [Synth 8-3333] propagating constant 0 across sequential element (pcie_us_if_rc_inst/pcie_tlp_fifo_inst/pcie_tlp_fifo_raw_inst/i_21/\seg_ram[1].rd_hdr_reg_reg[113] )
INFO: [Synth 8-3333] propagating constant 0 across sequential element (pcie_us_if_rc_inst/pcie_tlp_fifo_inst/pcie_tlp_fifo_raw_inst/i_20/\seg_ram[0].rd_hdr_reg_reg[113] )
INFO: [Synth 8-7067] Removed DRAM instance pcie_us_if_rc_inst/pcie_tlp_fifo_inst/pcie_tlp_fifo_raw_inst/i_21/i_0/seg_ram[1].seg_mem_hdr_reg_r2_0_31_14_27 from module partition__15 due to constant propagation
INFO: [Synth 8-3333] propagating constant 0 across sequential element (pcie_us_if_rc_inst/pcie_tlp_fifo_inst/pcie_tlp_fifo_raw_inst/\out_tlp_hdr_reg_reg[497] )
INFO: [Synth 8-3333] propagating constant 0 across sequential element (pcie_us_if_rc_inst/pcie_tlp_fifo_inst/pcie_tlp_fifo_raw_inst/\out_tlp_hdr_reg_reg[369] )
INFO: [Synth 8-3333] propagating constant 0 across sequential element (pcie_us_if_rc_inst/pcie_tlp_fifo_inst/pcie_tlp_fifo_raw_inst/\out_tlp_hdr_reg_reg[241] )
INFO: [Synth 8-3333] propagating constant 0 across sequential element (pcie_us_if_rc_inst/pcie_tlp_fifo_inst/pcie_tlp_fifo_raw_inst/\out_tlp_hdr_reg_reg[113] )
INFO: [Synth 8-7067] Removed DRAM instance pcie_us_if_rc_inst/pcie_tlp_fifo_inst/i_2/i_0/out_fifo_out_tlp_hdr_reg_0_31_14_27 from module extram__14 due to constant propagation
INFO: [Synth 8-7067] Removed DRAM instance pcie_us_if_rc_inst/pcie_tlp_fifo_inst/i_2/i_0/out_fifo_out_tlp_hdr_reg_0_31_0_13 from module extram__14 due to constant propagation
INFO: [Synth 8-3333] propagating constant 0 across sequential element (pcie_us_if_rc_inst/pcie_tlp_fifo_inst/i_2/\out_tlp_hdr_reg_reg[125] )
INFO: [Synth 8-7067] Removed DRAM instance pcie_us_if_rc_inst/pcie_tlp_fifo_inst/i_2/i_0/out_fifo_out_tlp_hdr_reg_0_31_0_13 from module extram__14 due to constant propagation
WARNING: [Synth 8-13374] Removed Unreachable instance pcie_us_if_rc_inst/pcie_tlp_fifo_inst/i_10 containing BRAMs/URAMs in constant propagation
WARNING: [Synth 8-13374] Removed Unreachable instance pcie_us_if_rc_inst/pcie_tlp_fifo_inst/i_12 containing BRAMs/URAMs in constant propagation
WARNING: [Synth 8-13374] Removed Unreachable instance pcie_us_if_rc_inst/pcie_tlp_fifo_inst/i_13 containing BRAMs/URAMs in constant propagation
INFO: [Synth 8-4471] merging register 'out_sel_seg_reg_reg[0][0:0]' into 'out_sel_seg_reg_reg[0][0:0]' [/home/keshav/Documents/Workspace/corundum/fpga/mqnic/ADM_PCIE_9V3/fpga_25g/lib/pcie/rtl/pcie_tlp_fifo.v:374]
INFO: [Synth 8-4471] merging register 'out_sel_seg_reg_reg[0][0:0]' into 'out_sel_seg_reg_reg[0][0:0]' [/home/keshav/Documents/Workspace/corundum/fpga/mqnic/ADM_PCIE_9V3/fpga_25g/lib/pcie/rtl/pcie_tlp_fifo.v:374]
INFO: [Synth 8-6904] The RAM "pcie_us_if_cq_inst/pcie_tlp_fifo_inst/out_fifo_out_tlp_data_reg" of size (depth=32 x width=512) is automatically implemented using LUTRAM. BRAM implementation would be inefficient 
INFO: [Synth 8-6904] The RAM "pcie_us_if_cq_inst/pcie_tlp_fifo_inst/out_fifo_out_tlp_strb_reg" of size (depth=32 x width=16) is automatically implemented using LUTRAM. BRAM implementation would be inefficient 
INFO: [Synth 8-6904] The RAM "pcie_us_if_cq_inst/pcie_tlp_fifo_inst/out_fifo_out_tlp_hdr_reg" of size (depth=32 x width=128) is automatically implemented using LUTRAM. BRAM implementation would be inefficient 
INFO: [Synth 8-6904] The RAM "pcie_us_if_cq_inst/pcie_tlp_fifo_inst/out_fifo_out_tlp_seq_reg" of size (depth=32 x width=1) is automatically implemented using LUTRAM. BRAM implementation would be inefficient 
INFO: [Synth 8-6904] The RAM "pcie_us_if_cq_inst/pcie_tlp_fifo_inst/out_fifo_out_tlp_bar_id_reg" of size (depth=32 x width=3) is automatically implemented using LUTRAM. BRAM implementation would be inefficient 
INFO: [Synth 8-6904] The RAM "pcie_us_if_cq_inst/pcie_tlp_fifo_inst/out_fifo_out_tlp_func_num_reg" of size (depth=32 x width=8) is automatically implemented using LUTRAM. BRAM implementation would be inefficient 
INFO: [Synth 8-6904] The RAM "pcie_us_if_cq_inst/pcie_tlp_fifo_inst/out_fifo_out_tlp_error_reg" of size (depth=32 x width=4) is automatically implemented using LUTRAM. BRAM implementation would be inefficient 
INFO: [Synth 8-6904] The RAM "pcie_us_if_cq_inst/pcie_tlp_fifo_inst/out_fifo_out_tlp_sop_reg" of size (depth=32 x width=1) is automatically implemented using LUTRAM. BRAM implementation would be inefficient 
INFO: [Synth 8-6904] The RAM "pcie_us_if_cq_inst/pcie_tlp_fifo_inst/out_fifo_out_tlp_eop_reg" of size (depth=32 x width=1) is automatically implemented using LUTRAM. BRAM implementation would be inefficient 
INFO: [Synth 8-5544] ROM "m_axis_rq_tuser_next" won't be mapped to Block RAM because address size (2) smaller than threshold (5)
INFO: [Common 17-14] Message 'Synth 8-7129' appears 100 times and further instances of the messages will be disabled. Use the Tcl command set_msg_config to change the current settings.
INFO: [Synth 8-6904] The RAM "pcie_us_if__GB1/pcie_us_if_cq_inst/pcie_tlp_fifo_inst/out_fifo_out_tlp_data_reg" of size (depth=32 x width=512) is automatically implemented using LUTRAM. BRAM implementation would be inefficient 
INFO: [Synth 8-6904] The RAM "pcie_us_if__GB1/pcie_us_if_cq_inst/pcie_tlp_fifo_inst/out_fifo_out_tlp_strb_reg" of size (depth=32 x width=16) is automatically implemented using LUTRAM. BRAM implementation would be inefficient 
INFO: [Synth 8-6904] The RAM "pcie_us_if__GB1/pcie_us_if_cq_inst/pcie_tlp_fifo_inst/out_fifo_out_tlp_hdr_reg" of size (depth=32 x width=128) is automatically implemented using LUTRAM. BRAM implementation would be inefficient 
WARNING: [Synth 8-13161] RAM (i_8) is optimized away because it doesn't have any load.
INFO: [Synth 8-6904] The RAM "pcie_us_if__GB1/pcie_us_if_cq_inst/pcie_tlp_fifo_inst/out_fifo_out_tlp_bar_id_reg" of size (depth=32 x width=3) is automatically implemented using LUTRAM. BRAM implementation would be inefficient 
INFO: [Synth 8-6904] The RAM "pcie_us_if__GB1/pcie_us_if_cq_inst/pcie_tlp_fifo_inst/out_fifo_out_tlp_func_num_reg" of size (depth=32 x width=8) is automatically implemented using LUTRAM. BRAM implementation would be inefficient 
WARNING: [Synth 8-13161] RAM (i_11) is optimized away because it doesn't have any load.
INFO: [Synth 8-6904] The RAM "pcie_us_if__GB1/pcie_us_if_cq_inst/pcie_tlp_fifo_inst/out_fifo_out_tlp_sop_reg" of size (depth=32 x width=1) is automatically implemented using LUTRAM. BRAM implementation would be inefficient 
INFO: [Synth 8-6904] The RAM "pcie_us_if__GB1/pcie_us_if_cq_inst/pcie_tlp_fifo_inst/out_fifo_out_tlp_eop_reg" of size (depth=32 x width=1) is automatically implemented using LUTRAM. BRAM implementation would be inefficient 
INFO: [Synth 8-3333] propagating constant 0 across sequential element (\pcie_us_if_cq_inst/rx_req_tlp_hdr_reg_reg[241] )
INFO: [Synth 8-3333] propagating constant 0 across sequential element (\pcie_us_if_cq_inst/rx_req_tlp_hdr_reg_reg[255] )
INFO: [Synth 8-3333] propagating constant 0 across sequential element (\pcie_us_if_cq_inst/rx_req_tlp_hdr_reg_reg[127] )
INFO: [Synth 8-3333] propagating constant 0 across sequential element (pcie_us_if_rq_inst/\max_payload_size_fc_reg_reg[2] )
INFO: [Synth 8-3333] propagating constant 0 across sequential element (pcie_us_if_rq_inst/tlp_hdr1_reg_reg)
INFO: [Synth 8-3333] propagating constant 0 across sequential element (pcie_us_if_rq_inst/\m_axis_rq_tuser_reg_reg[60] )
INFO: [Synth 8-3333] propagating constant 0 across sequential element (pcie_us_if_rq_inst/\m_axis_rq_tuser_reg_reg[136] )
INFO: [Synth 8-3333] propagating constant 0 across sequential element (pcie_us_if_rq_inst/m_axis_rq_tlast_reg_reg)
INFO: [Synth 8-7067] Removed DRAM instance pcie_us_if_rq_inst/rd_req_fifo_inst/i_20/i_0/seg_ram[0].seg_mem_eop_reg_0_31_0_0 from module partition__40 due to constant propagation
INFO: [Synth 8-7067] Removed DRAM instance pcie_us_if_rq_inst/rd_req_fifo_inst/i_22/i_0/seg_ram[1].seg_mem_eop_reg_0_31_0_0 from module partition__41 due to constant propagation
INFO: [Synth 8-7067] Removed DRAM instance pcie_us_if_rq_inst/rd_req_fifo_inst/i_22/i_0/seg_ram[1].seg_mem_eop_reg_0_31_0_0 from module partition__41 due to constant propagation
INFO: [Synth 8-3333] propagating constant 0 across sequential element (\pcie_us_if_cq_inst/pcie_tlp_fifo_inst/pcie_tlp_fifo_raw_inst /i_7/\seg_ram[1].rd_hdr_reg_reg[113] )
INFO: [Synth 8-3333] propagating constant 0 across sequential element (\pcie_us_if_cq_inst/pcie_tlp_fifo_inst/pcie_tlp_fifo_raw_inst /i_5/\seg_ram[0].rd_hdr_reg_reg[113] )
INFO: [Synth 8-3333] propagating constant 0 across sequential element (\pcie_us_if_cq_inst/pcie_tlp_fifo_inst/pcie_tlp_fifo_raw_inst /\out_tlp_hdr_reg_reg[241] )
INFO: [Synth 8-3333] propagating constant 0 across sequential element (\pcie_us_if_cq_inst/pcie_tlp_fifo_inst/pcie_tlp_fifo_raw_inst /\out_tlp_hdr_reg_reg[113] )
WARNING: [Synth 8-13374] Removed Unreachable instance i_8 containing BRAMs/URAMs in constant propagation
WARNING: [Synth 8-13374] Removed Unreachable instance i_11 containing BRAMs/URAMs in constant propagation
INFO: [Synth 8-3333] propagating constant 0 across sequential element (pcie_us_if_cq_insti_2/\pcie_us_if_cq_inst/pcie_tlp_fifo_inst/out_tlp_hdr_reg_reg[113] )
WARNING: [Synth 8-3917] design dma_if_pcie_rd has port tx_rd_req_tlp_seq[4] driven by constant 0
WARNING: [Synth 8-3917] design dma_if_pcie_rd has port tx_rd_req_tlp_seq[3] driven by constant 0
WARNING: [Synth 8-3917] design dma_if_pcie_rd has port tx_rd_req_tlp_seq[2] driven by constant 0
WARNING: [Synth 8-3917] design dma_if_pcie_rd has port tx_rd_req_tlp_seq[1] driven by constant 0
WARNING: [Synth 8-3917] design dma_if_pcie_rd has port tx_rd_req_tlp_seq[0] driven by constant 0
WARNING: [Synth 8-3917] design dma_if_pcie_rd has port tx_rd_req_tlp_sop[0] driven by constant 1
WARNING: [Synth 8-3917] design dma_if_pcie_rd has port tx_rd_req_tlp_eop[0] driven by constant 1
INFO: [Synth 8-3333] propagating constant 0 across sequential element (\max_read_request_size_dw_reg_reg[4] )
INFO: [Synth 8-3333] propagating constant 0 across sequential element (\stat_rd_req_finish_status_reg_reg[2] )
INFO: [Synth 8-3333] propagating constant 0 across sequential element (\tx_rd_req_tlp_hdr_reg_reg[127] )
INFO: [Synth 8-4471] merging register 'offset_reg_reg[6:0]' into 'offset_reg_reg[6:0]' [/home/keshav/Documents/Workspace/corundum/fpga/mqnic/ADM_PCIE_9V3/fpga_25g/lib/pcie/rtl/dma_if_pcie_wr.v:1060]
WARNING: [Synth 8-3917] design dma_if_pcie_wr has port m_axis_write_desc_status_error[3] driven by constant 0
WARNING: [Synth 8-3917] design dma_if_pcie_wr has port m_axis_write_desc_status_error[2] driven by constant 0
WARNING: [Synth 8-3917] design dma_if_pcie_wr has port m_axis_write_desc_status_error[1] driven by constant 0
WARNING: [Synth 8-3917] design dma_if_pcie_wr has port m_axis_write_desc_status_error[0] driven by constant 0
WARNING: [Synth 8-3917] design dma_if_pcie_wr has port stat_wr_op_finish_status[3] driven by constant 0
WARNING: [Synth 8-3917] design dma_if_pcie_wr has port stat_wr_op_finish_status[2] driven by constant 0
WARNING: [Synth 8-3917] design dma_if_pcie_wr has port stat_wr_op_finish_status[1] driven by constant 0
WARNING: [Synth 8-3917] design dma_if_pcie_wr has port stat_wr_op_finish_status[0] driven by constant 0
WARNING: [Synth 8-3917] design dma_if_pcie_wr has port stat_wr_req_finish_status[3] driven by constant 0
WARNING: [Synth 8-3917] design dma_if_pcie_wr has port stat_wr_req_finish_status[2] driven by constant 0
WARNING: [Synth 8-3917] design dma_if_pcie_wr has port stat_wr_req_finish_status[1] driven by constant 0
WARNING: [Synth 8-3917] design dma_if_pcie_wr has port stat_wr_req_finish_status[0] driven by constant 0
INFO: [Synth 8-12589] Found 10 bits of RAM  (i_39) with no load. RAM width may be reduced from 12 to 2 
RAM ("dma_psdpram__GB1/genblk1[1].mem_reg_reg") is too shallow (depth = 32) to use URAM. Choosing BRAM instead of URAM 
RAM ("dma_psdpram__GB2/genblk1[0].mem_reg_reg") is too shallow (depth = 32) to use URAM. Choosing BRAM instead of URAM 
RAM ("dma_psdpram__parameterized0__GB1/genblk1[1].mem_reg_reg") is too shallow (depth = 256) to use URAM. Choosing BRAM instead of URAM 
RAM ("dma_psdpram__parameterized0__GB2/genblk1[0].mem_reg_reg") is too shallow (depth = 256) to use URAM. Choosing BRAM instead of URAM 
INFO: [Synth 8-6904] The RAM "\egress_inst/tx_checksum_inst /csum_fifo/mem_reg" of size (depth=64 x width=25) is automatically implemented using LUTRAM. BRAM implementation would be inefficient 
INFO: [Synth 8-4471] merging register 'csum_offset_reg_reg[7:0]' into 'csum_offset_reg_reg[7:0]' [/home/keshav/Documents/Workspace/corundum/fpga/mqnic/ADM_PCIE_9V3/fpga_25g/rtl/common/tx_checksum.v:435]
INFO: [Synth 8-4471] merging register 'csum_offset_reg_reg[7:0]' into 'csum_offset_reg_reg[7:0]' [/home/keshav/Documents/Workspace/corundum/fpga/mqnic/ADM_PCIE_9V3/fpga_25g/rtl/common/tx_checksum.v:435]
INFO: [Synth 8-6904] The RAM "mqnic_interface_tx__GCM0/egress_inst/tx_csum_cmd_fifo/mem_reg" of size (depth=32 x width=17) is automatically implemented using LUTRAM. BRAM implementation would be inefficient 
RAM ("mqnic_interface_tx__GCM0/tx_desc_fifo/mem_reg") is too shallow (depth = 128) to use URAM. Choosing BRAM instead of URAM 
INFO: [Synth 8-12589] Found 48 bits of RAM  (tx_engine_inst/i_59) with no load. RAM width may be reduced from 96 to 48 
RAM ("\egress_inst/tx_checksum_inst/data_fifo/mem_reg ") is too shallow (depth = 1024) to use URAM. Choosing BRAM instead of URAM 
INFO: [Synth 8-6904] The RAM "\egress_inst/tx_checksum_inst/csum_fifo/mem_reg " of size (depth=64 x width=25) is automatically implemented using LUTRAM. BRAM implementation would be inefficient 
INFO: [Synth 8-6904] The RAM "mqnic_interface_tx__GCM0/egress_inst/tx_csum_cmd_fifo/mem_reg" of size (depth=32 x width=17) is automatically implemented using LUTRAM. BRAM implementation would be inefficient 
INFO: [Synth 8-3333] propagating constant 0 across sequential element (tx_engine_inst/\m_axis_tx_desc_user_reg_reg[7] )
INFO: [Synth 8-3333] propagating constant 0 across sequential element (tx_engine_inst/\m_axis_tx_desc_user_reg_reg[0] )
INFO: [Synth 8-3333] propagating constant 0 across sequential element (\tx_desc_fifo/mark_frame_reg_reg )
INFO: [Synth 8-3333] propagating constant 0 across sequential element (\egress_inst/tx_checksum_inst /\data_fifo/mark_frame_reg_reg )
INFO: [Synth 8-3333] propagating constant 0 across sequential element (\dma_client_axis_source_inst/axis_cmd_addr_reg_reg[0] )
INFO: [Synth 8-3333] propagating constant 0 across sequential element (tx_engine_inst/\buf_rd_ptr_reg_reg[6] )
INFO: [Synth 8-3333] propagating constant 0 across sequential element (tx_engine_inst/\buf_wr_ptr_reg_reg[6] )
INFO: [Synth 8-3333] propagating constant 0 across sequential element (tx_engine_inst/early_tx_req_status_valid_reg_reg)
INFO: [Common 17-14] Message 'Synth 8-3886' appears 100 times and further instances of the messages will be disabled. Use the Tcl command set_msg_config to change the current settings.
INFO: [Synth 8-3333] propagating constant 0 across sequential element (tx_engine_inst/\m_axis_cpl_req_data_reg_reg[255] )
INFO: [Synth 8-3333] propagating constant 0 across sequential element (\dma_client_axis_source_inst/axis_cmd_axis_user_reg_reg[0] )
INFO: [Synth 8-3333] propagating constant 0 across sequential element (\dma_client_axis_source_inst/axis_user_reg_reg[0] )
INFO: [Synth 8-3333] propagating constant 0 across sequential element (tx_engine_inst/i_29/\m_axis_tx_desc_addr_reg_reg[5] )
INFO: [Synth 8-3333] propagating constant 0 across sequential element (\dma_client_axis_source_inst/axis_cmd_addr_reg_reg[4] )
INFO: [Synth 8-3333] propagating constant 0 across sequential element (i_12/\dma_client_axis_source_inst/m_axis_read_data_tuser_reg_reg[13] )
RAM ("dma_psdpram__parameterized1__GB1/genblk1[1].mem_reg_reg") is too shallow (depth = 1024) to use URAM. Choosing BRAM instead of URAM 
RAM ("dma_psdpram__parameterized1__GB2/genblk1[0].mem_reg_reg") is too shallow (depth = 1024) to use URAM. Choosing BRAM instead of URAM 
INFO: [Synth 8-5544] ROM "reg_rd_data_reg" won't be mapped to Block RAM because address size (4) smaller than threshold (5)
INFO: [Synth 8-5544] ROM "reg_rd_data_reg" won't be mapped to Block RAM because address size (4) smaller than threshold (5)
INFO: [Synth 8-6904] The RAM "ingress_inst/rx_hash_data_fifo/mem_reg" of size (depth=32 x width=252) is automatically implemented using LUTRAM. BRAM implementation would be inefficient 
INFO: [Synth 8-6904] The RAM "ingress_inst/rx_hash_fifo/mem_reg" of size (depth=32 x width=36) is automatically implemented using LUTRAM. BRAM implementation would be inefficient 
INFO: [Synth 8-6904] The RAM "ingress_inst/rx_csum_fifo/mem_reg" of size (depth=32 x width=16) is automatically implemented using LUTRAM. BRAM implementation would be inefficient 
INFO: [Synth 8-6904] The RAM "dma_client_axis_sink_inst/status_fifo_len_reg" of size (depth=32 x width=16) is automatically implemented using LUTRAM. BRAM implementation would be inefficient 
INFO: [Synth 8-6904] The RAM "dma_client_axis_sink_inst/status_fifo_tag_reg" of size (depth=32 x width=5) is automatically implemented using LUTRAM. BRAM implementation would be inefficient 
INFO: [Synth 8-6904] The RAM "dma_client_axis_sink_inst/status_fifo_id_reg" of size (depth=32 x width=1) is automatically implemented using LUTRAM. BRAM implementation would be inefficient 
INFO: [Synth 8-6904] The RAM "dma_client_axis_sink_inst/status_fifo_dest_reg" of size (depth=32 x width=9) is automatically implemented using LUTRAM. BRAM implementation would be inefficient 
INFO: [Synth 8-6904] The RAM "dma_client_axis_sink_inst/status_fifo_user_reg" of size (depth=32 x width=133) is automatically implemented using LUTRAM. BRAM implementation would be inefficient 
RAM ("rx_desc_fifo/mem_reg") is too shallow (depth = 128) to use URAM. Choosing BRAM instead of URAM 
RAM ("rx_engine_inst/mqnic_rx_queue_map_inst/indir_tbl_mem_reg") is too shallow (depth = 256) to use URAM. Choosing BRAM instead of URAM 
RAM ("rx_engine_inst/mqnic_rx_queue_map_inst/indir_tbl_mem_reg") is too shallow (depth = 256) to use URAM. Choosing BRAM instead of URAM 
INFO: [Synth 8-3971] The signal "rx_engine_inst/mqnic_rx_queue_map_inst/indir_tbl_mem_reg" was recognized as a true dual port RAM template.
WARNING: [Synth 8-13161] RAM (rx_engine_inst/i_65) is optimized away because it doesn't have any load.
INFO: [Synth 8-12589] Found 48 bits of RAM  (rx_engine_inst/i_78) with no load. RAM width may be reduced from 96 to 48 
INFO: [Synth 8-6904] The RAM "ingress_inst/rx_hash_data_fifo/mem_reg" of size (depth=32 x width=252) is automatically implemented using LUTRAM. BRAM implementation would be inefficient 
INFO: [Synth 8-6904] The RAM "ingress_inst/rx_hash_fifo/mem_reg" of size (depth=32 x width=36) is automatically implemented using LUTRAM. BRAM implementation would be inefficient 
INFO: [Synth 8-6904] The RAM "ingress_inst/rx_csum_fifo/mem_reg" of size (depth=32 x width=16) is automatically implemented using LUTRAM. BRAM implementation would be inefficient 
INFO: [Synth 8-6904] The RAM "dma_client_axis_sink_inst/status_fifo_len_reg" of size (depth=32 x width=16) is automatically implemented using LUTRAM. BRAM implementation would be inefficient 
INFO: [Synth 8-6904] The RAM "dma_client_axis_sink_inst/status_fifo_tag_reg" of size (depth=32 x width=5) is automatically implemented using LUTRAM. BRAM implementation would be inefficient 
INFO: [Synth 8-6904] The RAM "dma_client_axis_sink_inst/status_fifo_id_reg" of size (depth=32 x width=1) is automatically implemented using LUTRAM. BRAM implementation would be inefficient 
INFO: [Synth 8-6904] The RAM "dma_client_axis_sink_inst/status_fifo_dest_reg" of size (depth=32 x width=9) is automatically implemented using LUTRAM. BRAM implementation would be inefficient 
INFO: [Synth 8-6904] The RAM "dma_client_axis_sink_inst/status_fifo_user_reg" of size (depth=32 x width=133) is automatically implemented using LUTRAM. BRAM implementation would be inefficient 
INFO: [Synth 8-6904] The RAM "\sched[0].scheduler_block /tx_scheduler_inst/doorbell_fifo/mem_reg" of size (depth=256 x width=13) is automatically implemented using LUTRAM. BRAM implementation would be inefficient 
INFO: [Synth 8-4471] merging register 'upsize.seg_reg_reg[0:0]' into 'upsize.seg_reg_reg[0:0]' [/home/keshav/Documents/Workspace/corundum/fpga/mqnic/ADM_PCIE_9V3/fpga_25g/lib/axis/rtl/axis_adapter.v:176]
INFO: [Synth 8-4471] merging register 'upsize.seg_reg_reg[0:0]' into 'upsize.seg_reg_reg[0:0]' [/home/keshav/Documents/Workspace/corundum/fpga/mqnic/ADM_PCIE_9V3/fpga_25g/lib/axis/rtl/axis_adapter.v:176]
INFO: [Synth 8-4471] merging register 'port_tx_inst/tx_async_fifo_inst/fifo_inst/m_rst_sync1_reg_reg' into 'port_tx_inst/tx_cpl_fifo_inst/s_rst_sync1_reg_reg' [/home/keshav/Documents/Workspace/corundum/fpga/mqnic/ADM_PCIE_9V3/fpga_25g/lib/axis/rtl/axis_async_fifo.v:371]
INFO: [Synth 8-4471] merging register 'port_tx_inst/tx_async_fifo_inst/fifo_inst/m_rst_sync2_reg_reg' into 'port_tx_inst/tx_cpl_fifo_inst/s_rst_sync2_reg_reg' [/home/keshav/Documents/Workspace/corundum/fpga/mqnic/ADM_PCIE_9V3/fpga_25g/lib/axis/rtl/axis_async_fifo.v:378]
INFO: [Synth 8-4471] merging register 'port_tx_inst/tx_async_fifo_inst/fifo_inst/m_rst_sync3_reg_reg' into 'port_tx_inst/tx_cpl_fifo_inst/s_rst_sync3_reg_reg' [/home/keshav/Documents/Workspace/corundum/fpga/mqnic/ADM_PCIE_9V3/fpga_25g/lib/axis/rtl/axis_async_fifo.v:379]
INFO: [Synth 8-4471] merging register 'port_tx_inst/tx_async_fifo_inst/fifo_inst/s_rst_sync1_reg_reg' into 'port_tx_inst/tx_cpl_fifo_inst/m_rst_sync1_reg_reg' [/home/keshav/Documents/Workspace/corundum/fpga/mqnic/ADM_PCIE_9V3/fpga_25g/lib/axis/rtl/axis_async_fifo.v:358]
INFO: [Synth 8-4471] merging register 'port_tx_inst/tx_async_fifo_inst/fifo_inst/s_rst_sync2_reg_reg' into 'port_tx_inst/tx_cpl_fifo_inst/m_rst_sync2_reg_reg' [/home/keshav/Documents/Workspace/corundum/fpga/mqnic/ADM_PCIE_9V3/fpga_25g/lib/axis/rtl/axis_async_fifo.v:365]
INFO: [Synth 8-4471] merging register 'port_tx_inst/tx_async_fifo_inst/fifo_inst/s_rst_sync3_reg_reg' into 'port_tx_inst/tx_cpl_fifo_inst/m_rst_sync3_reg_reg' [/home/keshav/Documents/Workspace/corundum/fpga/mqnic/ADM_PCIE_9V3/fpga_25g/lib/axis/rtl/axis_async_fifo.v:306]
INFO: [Synth 8-4471] merging register 'port_tx_inst/tx_async_fifo_inst/fifo_inst/mark_frame_reg_reg' into 'port_tx_inst/tx_cpl_fifo_inst/m_drop_frame_reg_reg' [/home/keshav/Documents/Workspace/corundum/fpga/mqnic/ADM_PCIE_9V3/fpga_25g/lib/axis/rtl/axis_async_fifo.v:313]
INFO: [Synth 8-4471] merging register 'port_rx_inst/rx_async_fifo_inst/fifo_inst/s_rst_sync1_reg_reg' into 'port_tx_inst/tx_cpl_fifo_inst/s_rst_sync1_reg_reg' [/home/keshav/Documents/Workspace/corundum/fpga/mqnic/ADM_PCIE_9V3/fpga_25g/lib/axis/rtl/axis_async_fifo.v:358]
INFO: [Synth 8-5546] ROM "p_6_in" won't be mapped to RAM because it is too sparse
INFO: [Synth 8-5546] ROM "p_0_in" won't be mapped to RAM because it is too sparse
INFO: [Synth 8-5546] ROM "p_6_in" won't be mapped to RAM because it is too sparse
INFO: [Synth 8-5546] ROM "p_0_in" won't be mapped to RAM because it is too sparse
INFO: [Synth 8-6904] The RAM "\port[0].port_inst/port_tx_inst/tx_cpl_fifo_inst/mem_reg " of size (depth=32 x width=112) is automatically implemented using LUTRAM. BRAM implementation would be inefficient 
INFO: [Synth 8-6904] The RAM "\port[0].port_inst/port_tx_inst/tx_async_fifo_inst/fifo_inst/mem_reg " of size (depth=32 x width=162) is automatically implemented using LUTRAM. BRAM implementation would be inefficient 
INFO: [Synth 8-6904] The RAM "\port[0].port_inst/port_rx_inst/rx_async_fifo_inst/fifo_inst/mem_reg " of size (depth=32 x width=242) is automatically implemented using LUTRAM. BRAM implementation would be inefficient 
INFO: [Synth 8-4471] merging register 'm_ifaces[0].w_select_reg_reg[-1:0]' into 'm_ifaces[0].w_select_reg_reg[-1:0]' [/home/keshav/Documents/Workspace/corundum/fpga/mqnic/ADM_PCIE_9V3/fpga_25g/lib/axi/rtl/axil_crossbar_wr.v:496]
INFO: [Synth 8-4471] merging register 'm_ifaces[1].w_select_reg_reg[-1:0]' into 'm_ifaces[1].w_select_reg_reg[-1:0]' [/home/keshav/Documents/Workspace/corundum/fpga/mqnic/ADM_PCIE_9V3/fpga_25g/lib/axi/rtl/axil_crossbar_wr.v:496]
INFO: [Synth 8-4471] merging register 'm_ifaces[2].w_select_reg_reg[-1:0]' into 'm_ifaces[2].w_select_reg_reg[-1:0]' [/home/keshav/Documents/Workspace/corundum/fpga/mqnic/ADM_PCIE_9V3/fpga_25g/lib/axi/rtl/axil_crossbar_wr.v:496]
INFO: [Synth 8-4471] merging register 'm_ifaces[3].w_select_reg_reg[-1:0]' into 'm_ifaces[3].w_select_reg_reg[-1:0]' [/home/keshav/Documents/Workspace/corundum/fpga/mqnic/ADM_PCIE_9V3/fpga_25g/lib/axi/rtl/axil_crossbar_wr.v:496]
INFO: [Synth 8-4471] merging register 'm_ifaces[4].w_select_reg_reg[-1:0]' into 'm_ifaces[4].w_select_reg_reg[-1:0]' [/home/keshav/Documents/Workspace/corundum/fpga/mqnic/ADM_PCIE_9V3/fpga_25g/lib/axi/rtl/axil_crossbar_wr.v:496]
INFO: [Synth 8-4471] merging register 'm_ifaces[5].w_select_reg_reg[-1:0]' into 'm_ifaces[5].w_select_reg_reg[-1:0]' [/home/keshav/Documents/Workspace/corundum/fpga/mqnic/ADM_PCIE_9V3/fpga_25g/lib/axi/rtl/axil_crossbar_wr.v:496]
INFO: [Synth 8-4471] merging register 'm_ifaces[6].w_select_reg_reg[-1:0]' into 'm_ifaces[6].w_select_reg_reg[-1:0]' [/home/keshav/Documents/Workspace/corundum/fpga/mqnic/ADM_PCIE_9V3/fpga_25g/lib/axi/rtl/axil_crossbar_wr.v:496]
INFO: [Synth 8-4471] merging register 'm_ifaces[7].w_select_reg_reg[-1:0]' into 'm_ifaces[7].w_select_reg_reg[-1:0]' [/home/keshav/Documents/Workspace/corundum/fpga/mqnic/ADM_PCIE_9V3/fpga_25g/lib/axi/rtl/axil_crossbar_wr.v:496]
INFO: [Common 17-14] Message 'Synth 8-7129' appears 100 times and further instances of the messages will be disabled. Use the Tcl command set_msg_config to change the current settings.
INFO: [Synth 8-6904] The RAM "\sched[0].scheduler_block/tx_scheduler_inst/doorbell_fifo/mem_reg " of size (depth=256 x width=13) is automatically implemented using LUTRAM. BRAM implementation would be inefficient 
INFO: [Synth 8-7124] RAM ("\sched[0].scheduler_block/tx_scheduler_inst/rr_fifo/mem_reg ") is implemented using BRAM instead of URAM. Memory would be severely underutilized if URAMs are used
INFO: [Synth 8-7124] RAM ("\sched[0].scheduler_block/tx_scheduler_inst/queue_ram_reg ") is implemented using BRAM instead of URAM. Memory would be severely underutilized if URAMs are used
WARNING: [Synth 8-6841] Block RAM (tx_scheduler_inst/queue_ram_reg) originally specified as a Byte Wide Write Enable RAM cannot take advantage of ByteWide feature and is implemented with single write enable per RAM due to following reason.
(address width (13) is more than optimal threshold of 12. Implementing using BWWE will require more logic and timing would be suboptimal. Please use attribute ram_decomp = power if BWWE is desired.)
INFO: [Synth 8-7124] RAM ("\sched[0].scheduler_block/tx_scheduler_inst/queue_ram_reg ") is implemented using BRAM instead of URAM. Memory would be severely underutilized if URAMs are used
INFO: [Synth 8-7124] RAM ("\sched[0].scheduler_block/tx_scheduler_inst/queue_ram_reg ") is implemented using BRAM instead of URAM. Memory would be severely underutilized if URAMs are used
INFO: [Synth 8-6904] The RAM "\port[0].port_inst/port_tx_inst/tx_cpl_fifo_inst/mem_reg " of size (depth=32 x width=112) is automatically implemented using LUTRAM. BRAM implementation would be inefficient 
INFO: [Synth 8-6904] The RAM "\port[0].port_inst/port_tx_inst/tx_async_fifo_inst/fifo_inst/mem_reg " of size (depth=32 x width=162) is automatically implemented using LUTRAM. BRAM implementation would be inefficient 
INFO: [Synth 8-6904] The RAM "\port[0].port_inst/port_rx_inst/rx_async_fifo_inst/fifo_inst/mem_reg " of size (depth=32 x width=242) is automatically implemented using LUTRAM. BRAM implementation would be inefficient 
INFO: [Synth 8-5784] Optimized 1 bits of RAM "fifo[0].fifo_inst/fifo_inst/mem_reg" due to constant propagation. Old ram width 243 bits, new ram width 242 bits.
INFO: [Synth 8-6794] RAM ("rx_fifo_inst/fifo[0].fifo_inst/fifo_inst/mem_reg") will be automatically implemented using URAM. 
INFO: [Synth 8-5780] Default cascade height of 1 will be used for URAM '"rx_fifo_inst/fifo[0].fifo_inst/fifo_inst/mem_reg"'.
INFO: [Synth 8-12589] Found 17 bits of RAM  (tx_fifo_inst/fifo_insti_0) with no load. RAM width may be reduced from 179 to 162 
INFO: [Synth 8-7124] RAM ("tx_fifo_inst/fifo[0].fifo_inst/fifo_inst/mem_reg") is implemented using BRAM instead of URAM. Memory would be severely underutilized if URAMs are used
WARNING: [Synth 8-13161] RAM (event_write_inst/i_11) is optimized away because it doesn't have any load.
INFO: [Synth 8-5784] Optimized 1 bits of RAM "fifo[0].fifo_inst/fifo_inst/mem_reg" due to constant propagation. Old ram width 243 bits, new ram width 242 bits.
INFO: [Synth 8-6794] RAM ("rx_fifo_inst/fifo[0].fifo_inst/fifo_inst/mem_reg") will be automatically implemented using URAM. 
INFO: [Synth 8-5780] Default cascade height of 1 will be used for URAM '"rx_fifo_inst/fifo[0].fifo_inst/fifo_inst/mem_reg"'.
INFO: [Synth 8-7067] Removed DRAM instance event_write_inst/i_3/desc_table_sel_reg_0_31_0_0 from module cpl_write__2 due to constant propagation
INFO: [Synth 8-7067] Removed DRAM instance event_write_inst/i_3/desc_table_sel_reg_0_31_1_1 from module cpl_write__2 due to constant propagation
INFO: [Synth 8-7067] Removed DRAM instance cpl_write_inst/i_3/desc_table_sel_reg_0_31_0_0 from module cpl_write__parameterized0__2 due to constant propagation
INFO: [Synth 8-7067] Removed DRAM instance cpl_write_inst/i_3/desc_table_sel_reg_0_31_1_1 from module cpl_write__parameterized0__2 due to constant propagation
INFO: [Synth 8-3333] propagating constant 0 across sequential element (tx_fifo_inst/\fifo[0].fifo_inst/fifo_inst/mark_frame_reg_reg )
INFO: [Synth 8-3333] propagating constant 0 across sequential element (\port[0].port_inst /\port_rx_inst/rx_async_fifo_inst/fifo_inst/pause.s_pause_req_sync1_reg_reg )
INFO: [Common 17-14] Message 'Synth 8-3886' appears 100 times and further instances of the messages will be disabled. Use the Tcl command set_msg_config to change the current settings.
INFO: [Synth 8-3333] propagating constant 0 across sequential element (cpl_write_inst/\genblk1[1].dma_ram_rd_resp_data_pipe_reg_reg[0][253] )
INFO: [Synth 8-3333] propagating constant 0 across sequential element (event_write_inst/\genblk1[1].dma_ram_rd_resp_data_pipe_reg_reg[0][253] )
INFO: [Synth 8-3333] propagating constant 0 across sequential element (rx_fifo_inst/\fifo[0].fifo_inst/fifo_inst/mark_frame_reg_reg )
INFO: [Synth 8-3333] propagating constant 0 across sequential element (cpl_write_inst/\m_axis_dma_write_desc_len_reg_reg[15] )
INFO: [Synth 8-3333] propagating constant 0 across sequential element (event_write_inst/\m_axis_dma_write_desc_len_reg_reg[15] )
INFO: [Synth 8-3333] propagating constant 0 across sequential element (cpl_write_inst/\m_axis_dma_write_desc_ram_addr_reg_reg[16] )
INFO: [Synth 8-3333] propagating constant 0 across sequential element (event_write_inst/\m_axis_dma_write_desc_ram_addr_reg_reg[16] )
INFO: [Synth 8-3333] propagating constant 0 across sequential element (\axil_crossbar_inst/axil_crossbar_rd_inst /\m_ifaces[7].a_arb_inst/mask_reg_reg[0] )
INFO: [Synth 8-3333] propagating constant 0 across sequential element (\axil_crossbar_inst/axil_crossbar_rd_inst /\m_ifaces[6].a_arb_inst/mask_reg_reg[0] )
INFO: [Synth 8-3333] propagating constant 0 across sequential element (\axil_crossbar_inst/axil_crossbar_rd_inst /\m_ifaces[5].a_arb_inst/mask_reg_reg[0] )
INFO: [Synth 8-3333] propagating constant 0 across sequential element (\axil_crossbar_inst/axil_crossbar_rd_inst /\m_ifaces[4].a_arb_inst/mask_reg_reg[0] )
INFO: [Synth 8-3333] propagating constant 0 across sequential element (\axil_crossbar_inst/axil_crossbar_rd_inst /\m_ifaces[3].a_arb_inst/mask_reg_reg[0] )
INFO: [Synth 8-3333] propagating constant 0 across sequential element (\axil_crossbar_inst/axil_crossbar_rd_inst /\m_ifaces[2].a_arb_inst/mask_reg_reg[0] )
INFO: [Synth 8-3333] propagating constant 0 across sequential element (\axil_crossbar_inst/axil_crossbar_rd_inst /\m_ifaces[1].a_arb_inst/mask_reg_reg[0] )
INFO: [Synth 8-3333] propagating constant 0 across sequential element (\axil_crossbar_inst/axil_crossbar_rd_inst /\m_ifaces[0].a_arb_inst/mask_reg_reg[0] )
INFO: [Synth 8-3333] propagating constant 0 across sequential element (\sched[0].scheduler_block /\tx_scheduler_inst/op_ctrl_pipe_reg_reg[0] )
INFO: [Synth 8-3333] propagating constant 0 across sequential element (\axil_crossbar_inst/axil_crossbar_wr_inst /\m_ifaces[7].a_arb_inst/mask_reg_reg[0] )
INFO: [Synth 8-3333] propagating constant 0 across sequential element (\axil_crossbar_inst/axil_crossbar_wr_inst /\m_ifaces[6].a_arb_inst/mask_reg_reg[0] )
INFO: [Synth 8-3333] propagating constant 0 across sequential element (\axil_crossbar_inst/axil_crossbar_wr_inst /\m_ifaces[5].a_arb_inst/mask_reg_reg[0] )
INFO: [Synth 8-3333] propagating constant 0 across sequential element (\axil_crossbar_inst/axil_crossbar_wr_inst /\m_ifaces[4].a_arb_inst/mask_reg_reg[0] )
INFO: [Synth 8-3333] propagating constant 0 across sequential element (\axil_crossbar_inst/axil_crossbar_wr_inst /\m_ifaces[3].a_arb_inst/mask_reg_reg[0] )
INFO: [Synth 8-3333] propagating constant 0 across sequential element (\axil_crossbar_inst/axil_crossbar_wr_inst /\m_ifaces[2].a_arb_inst/mask_reg_reg[0] )
INFO: [Synth 8-3333] propagating constant 0 across sequential element (\axil_crossbar_inst/axil_crossbar_wr_inst /\m_ifaces[1].a_arb_inst/mask_reg_reg[0] )
INFO: [Synth 8-3333] propagating constant 0 across sequential element (\axil_crossbar_inst/axil_crossbar_wr_inst /\m_ifaces[0].a_arb_inst/mask_reg_reg[0] )
INFO: [Synth 8-3333] propagating constant 0 across sequential element (\port[0].port_inst /\port_tx_inst/tx_cpl_fifo_inst/m_drop_frame_reg_reg )
INFO: [Synth 8-3333] propagating constant 0 across sequential element (cpl_op_mux_inst/\arb_inst/mask_reg_reg[0] )
INFO: [Synth 8-3333] propagating constant 0 across sequential element (desc_op_mux_inst/\arb_inst/mask_reg_reg[0] )
INFO: [Synth 8-3333] propagating constant 0 across sequential element (desc_op_mux_inst/\s_axis_req_sel_reg_reg[0] )
INFO: [Synth 8-3333] propagating constant 0 across sequential element (cq_eq_dma_if_mux_wr_inst/\dma_if_desc_mux_inst/s_axis_desc_tag_reg_reg[25] )
INFO: [Synth 8-3333] propagating constant 0 across sequential element (cq_eq_dma_if_mux_wr_inst/\dma_if_desc_mux_inst/s_axis_desc_tag_reg_reg[12] )
INFO: [Synth 8-3333] propagating constant 0 across sequential element (\sched[0].scheduler_block /\tx_scheduler_inst/s_axil_rdata_reg_reg[31] )
INFO: [Synth 8-3333] propagating constant 0 across sequential element (\axil_crossbar_inst/axil_crossbar_rd_inst /\m_ifaces[7].a_arb_inst/grant_encoded_reg_reg[-1] )
INFO: [Synth 8-3333] propagating constant 0 across sequential element (\axil_crossbar_inst/axil_crossbar_rd_inst /\m_ifaces[6].a_arb_inst/grant_encoded_reg_reg[-1] )
INFO: [Synth 8-3333] propagating constant 0 across sequential element (\axil_crossbar_inst/axil_crossbar_rd_inst /\m_ifaces[5].a_arb_inst/grant_encoded_reg_reg[-1] )
INFO: [Synth 8-3333] propagating constant 0 across sequential element (\axil_crossbar_inst/axil_crossbar_rd_inst /\m_ifaces[4].a_arb_inst/grant_encoded_reg_reg[-1] )
INFO: [Synth 8-3333] propagating constant 0 across sequential element (\axil_crossbar_inst/axil_crossbar_rd_inst /\m_ifaces[3].a_arb_inst/grant_encoded_reg_reg[-1] )
INFO: [Synth 8-3333] propagating constant 0 across sequential element (\axil_crossbar_inst/axil_crossbar_rd_inst /\m_ifaces[2].a_arb_inst/grant_encoded_reg_reg[-1] )
INFO: [Synth 8-3333] propagating constant 0 across sequential element (\axil_crossbar_inst/axil_crossbar_rd_inst /\m_ifaces[1].a_arb_inst/grant_encoded_reg_reg[-1] )
INFO: [Synth 8-3333] propagating constant 0 across sequential element (\axil_crossbar_inst/axil_crossbar_rd_inst /\m_ifaces[0].a_arb_inst/grant_encoded_reg_reg[-1] )
INFO: [Synth 8-3333] propagating constant 0 across sequential element (\axil_crossbar_inst/axil_crossbar_wr_inst /\m_ifaces[7].a_arb_inst/grant_encoded_reg_reg[-1] )
INFO: [Synth 8-3333] propagating constant 0 across sequential element (\axil_crossbar_inst/axil_crossbar_wr_inst /\m_ifaces[6].a_arb_inst/grant_encoded_reg_reg[-1] )
INFO: [Synth 8-3333] propagating constant 0 across sequential element (\axil_crossbar_inst/axil_crossbar_wr_inst /\m_ifaces[5].a_arb_inst/grant_encoded_reg_reg[-1] )
INFO: [Synth 8-3333] propagating constant 0 across sequential element (\axil_crossbar_inst/axil_crossbar_wr_inst /\m_ifaces[4].a_arb_inst/grant_encoded_reg_reg[-1] )
INFO: [Common 17-14] Message 'Synth 8-3333' appears 100 times and further instances of the messages will be disabled. Use the Tcl command set_msg_config to change the current settings.
INFO: [Synth 8-7067] Removed DRAM instance cq_eq_dma_if_mux_wr_inst/i_5/i_0/dma_ram_demux_inst/genblk1[1].out_fifo_rd_resp_data_reg_0_31_504_511 from module partition__51 due to constant propagation
INFO: [Synth 8-7067] Removed DRAM instance cq_eq_dma_if_mux_wr_inst/i_5/i_0/dma_ram_demux_inst/genblk1[1].out_fifo_rd_resp_data_reg_0_31_490_503 from module partition__51 due to constant propagation
INFO: [Synth 8-7067] Removed DRAM instance cq_eq_dma_if_mux_wr_inst/i_5/i_0/dma_ram_demux_inst/genblk1[1].out_fifo_rd_resp_data_reg_0_31_476_489 from module partition__51 due to constant propagation
INFO: [Synth 8-7067] Removed DRAM instance cq_eq_dma_if_mux_wr_inst/i_5/i_0/dma_ram_demux_inst/genblk1[1].out_fifo_rd_resp_data_reg_0_31_462_475 from module partition__51 due to constant propagation
INFO: [Synth 8-7067] Removed DRAM instance cq_eq_dma_if_mux_wr_inst/i_5/i_0/dma_ram_demux_inst/genblk1[1].out_fifo_rd_resp_data_reg_0_31_448_461 from module partition__51 due to constant propagation
INFO: [Synth 8-7067] Removed DRAM instance cq_eq_dma_if_mux_wr_inst/i_5/i_0/dma_ram_demux_inst/genblk1[1].out_fifo_rd_resp_data_reg_0_31_434_447 from module partition__51 due to constant propagation
INFO: [Synth 8-7067] Removed DRAM instance cq_eq_dma_if_mux_wr_inst/i_5/i_0/dma_ram_demux_inst/genblk1[1].out_fifo_rd_resp_data_reg_0_31_420_433 from module partition__51 due to constant propagation
INFO: [Synth 8-7067] Removed DRAM instance cq_eq_dma_if_mux_wr_inst/i_5/i_0/dma_ram_demux_inst/genblk1[1].out_fifo_rd_resp_data_reg_0_31_406_419 from module partition__51 due to constant propagation
INFO: [Synth 8-7067] Removed DRAM instance cq_eq_dma_if_mux_wr_inst/i_5/i_0/dma_ram_demux_inst/genblk1[1].out_fifo_rd_resp_data_reg_0_31_392_405 from module partition__51 due to constant propagation
INFO: [Synth 8-7067] Removed DRAM instance cq_eq_dma_if_mux_wr_inst/i_5/i_0/dma_ram_demux_inst/genblk1[1].out_fifo_rd_resp_data_reg_0_31_378_391 from module partition__51 due to constant propagation
INFO: [Synth 8-7067] Removed DRAM instance cq_eq_dma_if_mux_wr_inst/i_5/i_0/dma_ram_demux_inst/genblk1[1].out_fifo_rd_resp_data_reg_0_31_364_377 from module partition__51 due to constant propagation
INFO: [Synth 8-7067] Removed DRAM instance cq_eq_dma_if_mux_wr_inst/i_5/i_0/dma_ram_demux_inst/genblk1[1].out_fifo_rd_resp_data_reg_0_31_350_363 from module partition__51 due to constant propagation
INFO: [Synth 8-7067] Removed DRAM instance cq_eq_dma_if_mux_wr_inst/i_5/i_0/dma_ram_demux_inst/genblk1[1].out_fifo_rd_resp_data_reg_0_31_336_349 from module partition__51 due to constant propagation
INFO: [Synth 8-7067] Removed DRAM instance cq_eq_dma_if_mux_wr_inst/i_5/i_0/dma_ram_demux_inst/genblk1[1].out_fifo_rd_resp_data_reg_0_31_322_335 from module partition__51 due to constant propagation
INFO: [Synth 8-7067] Removed DRAM instance cq_eq_dma_if_mux_wr_inst/i_5/i_0/dma_ram_demux_inst/genblk1[1].out_fifo_rd_resp_data_reg_0_31_308_321 from module partition__51 due to constant propagation
INFO: [Synth 8-7067] Removed DRAM instance cq_eq_dma_if_mux_wr_inst/i_5/i_0/dma_ram_demux_inst/genblk1[1].out_fifo_rd_resp_data_reg_0_31_294_307 from module partition__51 due to constant propagation
INFO: [Synth 8-7067] Removed DRAM instance cq_eq_dma_if_mux_wr_inst/i_5/i_0/dma_ram_demux_inst/genblk1[1].out_fifo_rd_resp_data_reg_0_31_280_293 from module partition__51 due to constant propagation
INFO: [Synth 8-7067] Removed DRAM instance cq_eq_dma_if_mux_wr_inst/i_5/i_0/dma_ram_demux_inst/genblk1[1].out_fifo_rd_resp_data_reg_0_31_266_279 from module partition__51 due to constant propagation
INFO: [Synth 8-7067] Removed DRAM instance cq_eq_dma_if_mux_wr_inst/i_4/i_0/dma_ram_demux_inst/genblk1[0].out_fifo_rd_resp_data_reg_0_31_504_511 from module partition__50 due to constant propagation
INFO: [Synth 8-7067] Removed DRAM instance cq_eq_dma_if_mux_wr_inst/i_4/i_0/dma_ram_demux_inst/genblk1[0].out_fifo_rd_resp_data_reg_0_31_490_503 from module partition__50 due to constant propagation
INFO: [Synth 8-7067] Removed DRAM instance cq_eq_dma_if_mux_wr_inst/i_4/i_0/dma_ram_demux_inst/genblk1[0].out_fifo_rd_resp_data_reg_0_31_476_489 from module partition__50 due to constant propagation
INFO: [Synth 8-7067] Removed DRAM instance cq_eq_dma_if_mux_wr_inst/i_4/i_0/dma_ram_demux_inst/genblk1[0].out_fifo_rd_resp_data_reg_0_31_462_475 from module partition__50 due to constant propagation
INFO: [Synth 8-7067] Removed DRAM instance cq_eq_dma_if_mux_wr_inst/i_4/i_0/dma_ram_demux_inst/genblk1[0].out_fifo_rd_resp_data_reg_0_31_448_461 from module partition__50 due to constant propagation
INFO: [Synth 8-7067] Removed DRAM instance cq_eq_dma_if_mux_wr_inst/i_4/i_0/dma_ram_demux_inst/genblk1[0].out_fifo_rd_resp_data_reg_0_31_434_447 from module partition__50 due to constant propagation
INFO: [Synth 8-7067] Removed DRAM instance cq_eq_dma_if_mux_wr_inst/i_4/i_0/dma_ram_demux_inst/genblk1[0].out_fifo_rd_resp_data_reg_0_31_420_433 from module partition__50 due to constant propagation
INFO: [Synth 8-7067] Removed DRAM instance cq_eq_dma_if_mux_wr_inst/i_4/i_0/dma_ram_demux_inst/genblk1[0].out_fifo_rd_resp_data_reg_0_31_406_419 from module partition__50 due to constant propagation
INFO: [Synth 8-7067] Removed DRAM instance cq_eq_dma_if_mux_wr_inst/i_4/i_0/dma_ram_demux_inst/genblk1[0].out_fifo_rd_resp_data_reg_0_31_392_405 from module partition__50 due to constant propagation
INFO: [Synth 8-7067] Removed DRAM instance cq_eq_dma_if_mux_wr_inst/i_4/i_0/dma_ram_demux_inst/genblk1[0].out_fifo_rd_resp_data_reg_0_31_378_391 from module partition__50 due to constant propagation
INFO: [Synth 8-7067] Removed DRAM instance cq_eq_dma_if_mux_wr_inst/i_4/i_0/dma_ram_demux_inst/genblk1[0].out_fifo_rd_resp_data_reg_0_31_364_377 from module partition__50 due to constant propagation
INFO: [Synth 8-7067] Removed DRAM instance cq_eq_dma_if_mux_wr_inst/i_4/i_0/dma_ram_demux_inst/genblk1[0].out_fifo_rd_resp_data_reg_0_31_350_363 from module partition__50 due to constant propagation
INFO: [Synth 8-7067] Removed DRAM instance cq_eq_dma_if_mux_wr_inst/i_4/i_0/dma_ram_demux_inst/genblk1[0].out_fifo_rd_resp_data_reg_0_31_336_349 from module partition__50 due to constant propagation
INFO: [Synth 8-7067] Removed DRAM instance cq_eq_dma_if_mux_wr_inst/i_4/i_0/dma_ram_demux_inst/genblk1[0].out_fifo_rd_resp_data_reg_0_31_322_335 from module partition__50 due to constant propagation
INFO: [Synth 8-7067] Removed DRAM instance cq_eq_dma_if_mux_wr_inst/i_4/i_0/dma_ram_demux_inst/genblk1[0].out_fifo_rd_resp_data_reg_0_31_308_321 from module partition__50 due to constant propagation
INFO: [Synth 8-7067] Removed DRAM instance cq_eq_dma_if_mux_wr_inst/i_4/i_0/dma_ram_demux_inst/genblk1[0].out_fifo_rd_resp_data_reg_0_31_294_307 from module partition__50 due to constant propagation
INFO: [Synth 8-7067] Removed DRAM instance cq_eq_dma_if_mux_wr_inst/i_4/i_0/dma_ram_demux_inst/genblk1[0].out_fifo_rd_resp_data_reg_0_31_280_293 from module partition__50 due to constant propagation
INFO: [Synth 8-7067] Removed DRAM instance cq_eq_dma_if_mux_wr_inst/i_4/i_0/dma_ram_demux_inst/genblk1[0].out_fifo_rd_resp_data_reg_0_31_266_279 from module partition__50 due to constant propagation
INFO: [Synth 8-7067] Removed DRAM instance event_write_inst/i_10/i_0/desc_table_data_reg_0_31_252_254 from module partition__53 due to constant propagation
INFO: [Synth 8-7067] Removed DRAM instance event_write_inst/i_10/i_0/desc_table_data_reg_0_31_238_251 from module partition__53 due to constant propagation
INFO: [Synth 8-7067] Removed DRAM instance event_write_inst/i_10/i_0/desc_table_data_reg_0_31_224_237 from module partition__53 due to constant propagation
INFO: [Synth 8-7067] Removed DRAM instance event_write_inst/i_10/i_0/desc_table_data_reg_0_31_210_223 from module partition__53 due to constant propagation
INFO: [Synth 8-7067] Removed DRAM instance event_write_inst/i_10/i_0/desc_table_data_reg_0_31_196_209 from module partition__53 due to constant propagation
INFO: [Synth 8-7067] Removed DRAM instance event_write_inst/i_10/i_0/desc_table_data_reg_0_31_182_195 from module partition__53 due to constant propagation
INFO: [Synth 8-7067] Removed DRAM instance event_write_inst/i_10/i_0/desc_table_data_reg_0_31_168_181 from module partition__53 due to constant propagation
INFO: [Synth 8-7067] Removed DRAM instance event_write_inst/i_10/i_0/desc_table_data_reg_0_31_154_167 from module partition__53 due to constant propagation
INFO: [Synth 8-7067] Removed DRAM instance event_write_inst/i_10/i_0/desc_table_data_reg_0_31_140_153 from module partition__53 due to constant propagation
INFO: [Synth 8-7067] Removed DRAM instance event_write_inst/i_10/i_0/desc_table_data_reg_0_31_126_139 from module partition__53 due to constant propagation
INFO: [Synth 8-7067] Removed DRAM instance event_write_inst/i_10/i_0/desc_table_data_reg_0_31_112_125 from module partition__53 due to constant propagation
INFO: [Synth 8-7067] Removed DRAM instance event_write_inst/i_10/i_0/desc_table_data_reg_0_31_98_111 from module partition__53 due to constant propagation
INFO: [Synth 8-7067] Removed DRAM instance event_write_inst/i_10/i_0/desc_table_data_reg_0_31_84_97 from module partition__53 due to constant propagation
INFO: [Synth 8-7067] Removed DRAM instance event_write_inst/i_10/i_0/desc_table_data_reg_0_31_70_83 from module partition__53 due to constant propagation
INFO: [Synth 8-7067] Removed DRAM instance event_write_inst/i_10/i_0/desc_table_data_reg_0_31_56_69 from module partition__53 due to constant propagation
INFO: [Synth 8-7067] Removed DRAM instance event_write_inst/i_10/i_0/desc_table_data_reg_0_31_42_55 from module partition__53 due to constant propagation
INFO: [Synth 8-7067] Removed DRAM instance event_write_inst/i_10/i_0/desc_table_data_reg_0_31_0_13 from module partition__53 due to constant propagation
INFO: [Synth 8-7067] Removed DRAM instance cq_eq_dma_if_mux_wr_inst/i_5/i_0/dma_ram_demux_inst/genblk1[1].out_fifo_rd_resp_data_reg_0_31_490_503 from module partition__51 due to constant propagation
INFO: [Synth 8-7067] Removed DRAM instance cq_eq_dma_if_mux_wr_inst/i_5/i_0/dma_ram_demux_inst/genblk1[1].out_fifo_rd_resp_data_reg_0_31_252_265 from module partition__51 due to constant propagation
INFO: [Synth 8-7067] Removed DRAM instance cq_eq_dma_if_mux_wr_inst/i_5/i_0/dma_ram_demux_inst/genblk1[1].out_fifo_rd_resp_data_reg_0_31_238_251 from module partition__51 due to constant propagation
INFO: [Common 17-14] Message 'Synth 8-3333' appears 100 times and further instances of the messages will be disabled. Use the Tcl command set_msg_config to change the current settings.
INFO: [Synth 8-7067] Removed DRAM instance cq_eq_dma_if_mux_wr_inst/i_5/i_0/dma_ram_demux_inst/genblk1[1].out_fifo_rd_resp_data_reg_0_31_238_251 from module partition__51 due to constant propagation
INFO: [Synth 8-6794] RAM ("tx_qm_inst/queue_ram_reg") will be automatically implemented using URAM. 
INFO: [Synth 8-6794] RAM ("tx_qm_inst/queue_ram_reg") will be automatically implemented using URAM. 
INFO: [Synth 8-5780] Default cascade height of 2 will be used for URAM '"tx_qm_inst/queue_ram_reg"'.
RAM ("rx_qm_inst/queue_ram_reg") is too shallow (depth = 256) to use URAM. Choosing BRAM instead of URAM 
INFO: [Synth 8-6794] RAM ("tx_qm_inst/queue_ram_reg") will be automatically implemented using URAM. 
INFO: [Synth 8-6794] RAM ("tx_qm_inst/queue_ram_reg") will be automatically implemented using URAM. 
INFO: [Synth 8-5780] Default cascade height of 2 will be used for URAM '"tx_qm_inst/queue_ram_reg"'.
INFO: [Synth 8-6776] UltraRAM "tx_qm_inst/queue_ram_reg": Pipeline stages found = 3; Recommended pipeline stages =1, Maximum pipeline stages = 3
INFO: [Synth 8-5814] Pipeline result for URAM ("tx_qm_inst/queue_ram_reg"): Matrix size= (1 cols x 2 rows) | Pipeline stages => ( available = 3, absorbed = 3 )
INFO: [Synth 8-5546] ROM "ctrl_reg_rd_ack_reg" won't be mapped to RAM because it is too sparse
INFO: [Synth 8-5546] ROM "ctrl_reg_rd_ack_reg" won't be mapped to RAM because it is too sparse
INFO: [Synth 8-6904] The RAM "mqnic_interface__xdcDup__1__GCB2/irq_fifo/mem_reg" of size (depth=128 x width=6) is automatically implemented using LUTRAM. BRAM implementation would be inefficient 
WARNING: [Synth 8-3917] design mqnic_interface__xdcDup__1__GCB2 has port m_axil_bresp[1] driven by constant 0
WARNING: [Synth 8-3917] design mqnic_interface__xdcDup__1__GCB2 has port m_axil_bresp[0] driven by constant 0
WARNING: [Synth 8-3917] design mqnic_interface__xdcDup__1__GCB2 has port m_axil_rresp[1] driven by constant 0
WARNING: [Synth 8-3917] design mqnic_interface__xdcDup__1__GCB2 has port m_axil_rresp[0] driven by constant 0
INFO: [Synth 8-6794] RAM ("cqm_inst/queue_ram_reg") will be automatically implemented using URAM. 
INFO: [Synth 8-6794] RAM ("cqm_inst/queue_ram_reg") will be automatically implemented using URAM. 
INFO: [Synth 8-5780] Default cascade height of 4 will be used for URAM '"cqm_inst/queue_ram_reg"'.
INFO: [Synth 8-5784] Optimized 2 bits of RAM "event_fifo/mem_reg" due to constant propagation. Old ram width 22 bits, new ram width 20 bits.
RAM ("mqnic_interface__xdcDup__1__GCB2/event_fifo/mem_reg") is too shallow (depth = 1024) to use URAM. Choosing BRAM instead of URAM 
RAM ("event_queue_manager_inst/queue_ram_reg") is too shallow (depth = 64) to use URAM. Choosing BRAM instead of URAM 
INFO: [Synth 8-6904] The RAM "mqnic_interface__xdcDup__1__GCB2/irq_fifo/mem_reg" of size (depth=128 x width=6) is automatically implemented using LUTRAM. BRAM implementation would be inefficient 
INFO: [Synth 8-6794] RAM ("cqm_inst/queue_ram_reg") will be automatically implemented using URAM. 
INFO: [Synth 8-6794] RAM ("cqm_inst/queue_ram_reg") will be automatically implemented using URAM. 
INFO: [Synth 8-5780] Default cascade height of 4 will be used for URAM '"cqm_inst/queue_ram_reg"'.
INFO: [Synth 8-6776] UltraRAM "cqm_inst/queue_ram_reg": Pipeline stages found = 4; Recommended pipeline stages =2, Maximum pipeline stages = 5
INFO: [Synth 8-5814] Pipeline result for URAM ("cqm_inst/queue_ram_reg"): Matrix size= (1 cols x 4 rows) | Pipeline stages => ( available = 4, absorbed = 4 )
INFO: [Synth 8-6904] The RAM "\sched[0].scheduler_block /tx_scheduler_inst/doorbell_fifo/mem_reg" of size (depth=256 x width=13) is automatically implemented using LUTRAM. BRAM implementation would be inefficient 
INFO: [Synth 8-4471] merging register 'upsize.seg_reg_reg[0:0]' into 'upsize.seg_reg_reg[0:0]' [/home/keshav/Documents/Workspace/corundum/fpga/mqnic/ADM_PCIE_9V3/fpga_25g/lib/axis/rtl/axis_adapter.v:176]
INFO: [Synth 8-4471] merging register 'upsize.seg_reg_reg[0:0]' into 'upsize.seg_reg_reg[0:0]' [/home/keshav/Documents/Workspace/corundum/fpga/mqnic/ADM_PCIE_9V3/fpga_25g/lib/axis/rtl/axis_adapter.v:176]
INFO: [Synth 8-4471] merging register 'port_tx_inst/tx_async_fifo_inst/fifo_inst/m_rst_sync1_reg_reg' into 'port_tx_inst/tx_cpl_fifo_inst/s_rst_sync1_reg_reg' [/home/keshav/Documents/Workspace/corundum/fpga/mqnic/ADM_PCIE_9V3/fpga_25g/lib/axis/rtl/axis_async_fifo.v:371]
INFO: [Synth 8-4471] merging register 'port_tx_inst/tx_async_fifo_inst/fifo_inst/m_rst_sync2_reg_reg' into 'port_tx_inst/tx_cpl_fifo_inst/s_rst_sync2_reg_reg' [/home/keshav/Documents/Workspace/corundum/fpga/mqnic/ADM_PCIE_9V3/fpga_25g/lib/axis/rtl/axis_async_fifo.v:378]
INFO: [Synth 8-4471] merging register 'port_tx_inst/tx_async_fifo_inst/fifo_inst/m_rst_sync3_reg_reg' into 'port_tx_inst/tx_cpl_fifo_inst/s_rst_sync3_reg_reg' [/home/keshav/Documents/Workspace/corundum/fpga/mqnic/ADM_PCIE_9V3/fpga_25g/lib/axis/rtl/axis_async_fifo.v:379]
INFO: [Synth 8-4471] merging register 'port_tx_inst/tx_async_fifo_inst/fifo_inst/s_rst_sync1_reg_reg' into 'port_tx_inst/tx_cpl_fifo_inst/m_rst_sync1_reg_reg' [/home/keshav/Documents/Workspace/corundum/fpga/mqnic/ADM_PCIE_9V3/fpga_25g/lib/axis/rtl/axis_async_fifo.v:358]
INFO: [Synth 8-4471] merging register 'port_tx_inst/tx_async_fifo_inst/fifo_inst/s_rst_sync2_reg_reg' into 'port_tx_inst/tx_cpl_fifo_inst/m_rst_sync2_reg_reg' [/home/keshav/Documents/Workspace/corundum/fpga/mqnic/ADM_PCIE_9V3/fpga_25g/lib/axis/rtl/axis_async_fifo.v:365]
INFO: [Synth 8-4471] merging register 'port_tx_inst/tx_async_fifo_inst/fifo_inst/s_rst_sync3_reg_reg' into 'port_tx_inst/tx_cpl_fifo_inst/m_rst_sync3_reg_reg' [/home/keshav/Documents/Workspace/corundum/fpga/mqnic/ADM_PCIE_9V3/fpga_25g/lib/axis/rtl/axis_async_fifo.v:306]
INFO: [Synth 8-4471] merging register 'port_tx_inst/tx_async_fifo_inst/fifo_inst/mark_frame_reg_reg' into 'port_tx_inst/tx_cpl_fifo_inst/m_drop_frame_reg_reg' [/home/keshav/Documents/Workspace/corundum/fpga/mqnic/ADM_PCIE_9V3/fpga_25g/lib/axis/rtl/axis_async_fifo.v:313]
INFO: [Synth 8-4471] merging register 'port_rx_inst/rx_async_fifo_inst/fifo_inst/s_rst_sync1_reg_reg' into 'port_tx_inst/tx_cpl_fifo_inst/s_rst_sync1_reg_reg' [/home/keshav/Documents/Workspace/corundum/fpga/mqnic/ADM_PCIE_9V3/fpga_25g/lib/axis/rtl/axis_async_fifo.v:358]
INFO: [Synth 8-5546] ROM "p_6_in" won't be mapped to RAM because it is too sparse
INFO: [Synth 8-5546] ROM "p_0_in" won't be mapped to RAM because it is too sparse
INFO: [Synth 8-5546] ROM "p_6_in" won't be mapped to RAM because it is too sparse
INFO: [Synth 8-5546] ROM "p_0_in" won't be mapped to RAM because it is too sparse
INFO: [Synth 8-6904] The RAM "\port[0].port_inst/port_tx_inst/tx_cpl_fifo_inst/mem_reg " of size (depth=32 x width=112) is automatically implemented using LUTRAM. BRAM implementation would be inefficient 
INFO: [Common 17-14] Message 'Synth 8-6904' appears 100 times and further instances of the messages will be disabled. Use the Tcl command set_msg_config to change the current settings.
INFO: [Synth 8-4471] merging register 'm_ifaces[0].w_select_reg_reg[-1:0]' into 'm_ifaces[0].w_select_reg_reg[-1:0]' [/home/keshav/Documents/Workspace/corundum/fpga/mqnic/ADM_PCIE_9V3/fpga_25g/lib/axi/rtl/axil_crossbar_wr.v:496]
INFO: [Synth 8-4471] merging register 'm_ifaces[1].w_select_reg_reg[-1:0]' into 'm_ifaces[1].w_select_reg_reg[-1:0]' [/home/keshav/Documents/Workspace/corundum/fpga/mqnic/ADM_PCIE_9V3/fpga_25g/lib/axi/rtl/axil_crossbar_wr.v:496]
INFO: [Synth 8-4471] merging register 'm_ifaces[2].w_select_reg_reg[-1:0]' into 'm_ifaces[2].w_select_reg_reg[-1:0]' [/home/keshav/Documents/Workspace/corundum/fpga/mqnic/ADM_PCIE_9V3/fpga_25g/lib/axi/rtl/axil_crossbar_wr.v:496]
INFO: [Synth 8-4471] merging register 'm_ifaces[3].w_select_reg_reg[-1:0]' into 'm_ifaces[3].w_select_reg_reg[-1:0]' [/home/keshav/Documents/Workspace/corundum/fpga/mqnic/ADM_PCIE_9V3/fpga_25g/lib/axi/rtl/axil_crossbar_wr.v:496]
INFO: [Synth 8-4471] merging register 'm_ifaces[4].w_select_reg_reg[-1:0]' into 'm_ifaces[4].w_select_reg_reg[-1:0]' [/home/keshav/Documents/Workspace/corundum/fpga/mqnic/ADM_PCIE_9V3/fpga_25g/lib/axi/rtl/axil_crossbar_wr.v:496]
INFO: [Synth 8-4471] merging register 'm_ifaces[5].w_select_reg_reg[-1:0]' into 'm_ifaces[5].w_select_reg_reg[-1:0]' [/home/keshav/Documents/Workspace/corundum/fpga/mqnic/ADM_PCIE_9V3/fpga_25g/lib/axi/rtl/axil_crossbar_wr.v:496]
INFO: [Synth 8-4471] merging register 'm_ifaces[6].w_select_reg_reg[-1:0]' into 'm_ifaces[6].w_select_reg_reg[-1:0]' [/home/keshav/Documents/Workspace/corundum/fpga/mqnic/ADM_PCIE_9V3/fpga_25g/lib/axi/rtl/axil_crossbar_wr.v:496]
INFO: [Synth 8-4471] merging register 'm_ifaces[7].w_select_reg_reg[-1:0]' into 'm_ifaces[7].w_select_reg_reg[-1:0]' [/home/keshav/Documents/Workspace/corundum/fpga/mqnic/ADM_PCIE_9V3/fpga_25g/lib/axi/rtl/axil_crossbar_wr.v:496]
INFO: [Common 17-14] Message 'Synth 8-7129' appears 100 times and further instances of the messages will be disabled. Use the Tcl command set_msg_config to change the current settings.
INFO: [Synth 8-7124] RAM ("\sched[0].scheduler_block/tx_scheduler_inst/rr_fifo/mem_reg ") is implemented using BRAM instead of URAM. Memory would be severely underutilized if URAMs are used
INFO: [Synth 8-7124] RAM ("\sched[0].scheduler_block/tx_scheduler_inst/queue_ram_reg ") is implemented using BRAM instead of URAM. Memory would be severely underutilized if URAMs are used
WARNING: [Synth 8-6841] Block RAM (tx_scheduler_inst/queue_ram_reg) originally specified as a Byte Wide Write Enable RAM cannot take advantage of ByteWide feature and is implemented with single write enable per RAM due to following reason.
(address width (13) is more than optimal threshold of 12. Implementing using BWWE will require more logic and timing would be suboptimal. Please use attribute ram_decomp = power if BWWE is desired.)
INFO: [Synth 8-7124] RAM ("\sched[0].scheduler_block/tx_scheduler_inst/queue_ram_reg ") is implemented using BRAM instead of URAM. Memory would be severely underutilized if URAMs are used
INFO: [Synth 8-7124] RAM ("\sched[0].scheduler_block/tx_scheduler_inst/queue_ram_reg ") is implemented using BRAM instead of URAM. Memory would be severely underutilized if URAMs are used
INFO: [Synth 8-5784] Optimized 1 bits of RAM "fifo[0].fifo_inst/fifo_inst/mem_reg" due to constant propagation. Old ram width 243 bits, new ram width 242 bits.
INFO: [Synth 8-6794] RAM ("rx_fifo_inst/fifo[0].fifo_inst/fifo_inst/mem_reg") will be automatically implemented using URAM. 
INFO: [Synth 8-5780] Default cascade height of 1 will be used for URAM '"rx_fifo_inst/fifo[0].fifo_inst/fifo_inst/mem_reg"'.
INFO: [Synth 8-12589] Found 17 bits of RAM  (tx_fifo_inst/fifo_insti_0) with no load. RAM width may be reduced from 179 to 162 
INFO: [Synth 8-7124] RAM ("tx_fifo_inst/fifo[0].fifo_inst/fifo_inst/mem_reg") is implemented using BRAM instead of URAM. Memory would be severely underutilized if URAMs are used
WARNING: [Synth 8-13161] RAM (event_write_inst/i_11) is optimized away because it doesn't have any load.
INFO: [Synth 8-5784] Optimized 1 bits of RAM "fifo[0].fifo_inst/fifo_inst/mem_reg" due to constant propagation. Old ram width 243 bits, new ram width 242 bits.
INFO: [Synth 8-6794] RAM ("rx_fifo_inst/fifo[0].fifo_inst/fifo_inst/mem_reg") will be automatically implemented using URAM. 
INFO: [Synth 8-5780] Default cascade height of 1 will be used for URAM '"rx_fifo_inst/fifo[0].fifo_inst/fifo_inst/mem_reg"'.
INFO: [Synth 8-7067] Removed DRAM instance event_write_inst/i_3/desc_table_sel_reg_0_31_0_0 from module cpl_write due to constant propagation
INFO: [Synth 8-7067] Removed DRAM instance event_write_inst/i_3/desc_table_sel_reg_0_31_1_1 from module cpl_write due to constant propagation
INFO: [Synth 8-7067] Removed DRAM instance cpl_write_inst/i_3/desc_table_sel_reg_0_31_0_0 from module cpl_write__parameterized0 due to constant propagation
INFO: [Synth 8-7067] Removed DRAM instance cpl_write_inst/i_3/desc_table_sel_reg_0_31_1_1 from module cpl_write__parameterized0 due to constant propagation
INFO: [Common 17-14] Message 'Synth 8-3886' appears 100 times and further instances of the messages will be disabled. Use the Tcl command set_msg_config to change the current settings.
INFO: [Synth 8-7067] Removed DRAM instance cq_eq_dma_if_mux_wr_inst/i_5/i_0/dma_ram_demux_inst/genblk1[1].out_fifo_rd_resp_data_reg_0_31_504_511 from module partition__51 due to constant propagation
INFO: [Synth 8-7067] Removed DRAM instance cq_eq_dma_if_mux_wr_inst/i_5/i_0/dma_ram_demux_inst/genblk1[1].out_fifo_rd_resp_data_reg_0_31_490_503 from module partition__51 due to constant propagation
INFO: [Synth 8-7067] Removed DRAM instance cq_eq_dma_if_mux_wr_inst/i_5/i_0/dma_ram_demux_inst/genblk1[1].out_fifo_rd_resp_data_reg_0_31_476_489 from module partition__51 due to constant propagation
INFO: [Synth 8-7067] Removed DRAM instance cq_eq_dma_if_mux_wr_inst/i_5/i_0/dma_ram_demux_inst/genblk1[1].out_fifo_rd_resp_data_reg_0_31_462_475 from module partition__51 due to constant propagation
INFO: [Synth 8-7067] Removed DRAM instance cq_eq_dma_if_mux_wr_inst/i_5/i_0/dma_ram_demux_inst/genblk1[1].out_fifo_rd_resp_data_reg_0_31_448_461 from module partition__51 due to constant propagation
INFO: [Synth 8-7067] Removed DRAM instance cq_eq_dma_if_mux_wr_inst/i_5/i_0/dma_ram_demux_inst/genblk1[1].out_fifo_rd_resp_data_reg_0_31_434_447 from module partition__51 due to constant propagation
INFO: [Synth 8-7067] Removed DRAM instance cq_eq_dma_if_mux_wr_inst/i_5/i_0/dma_ram_demux_inst/genblk1[1].out_fifo_rd_resp_data_reg_0_31_420_433 from module partition__51 due to constant propagation
INFO: [Synth 8-7067] Removed DRAM instance cq_eq_dma_if_mux_wr_inst/i_5/i_0/dma_ram_demux_inst/genblk1[1].out_fifo_rd_resp_data_reg_0_31_406_419 from module partition__51 due to constant propagation
INFO: [Synth 8-7067] Removed DRAM instance cq_eq_dma_if_mux_wr_inst/i_5/i_0/dma_ram_demux_inst/genblk1[1].out_fifo_rd_resp_data_reg_0_31_392_405 from module partition__51 due to constant propagation
INFO: [Synth 8-7067] Removed DRAM instance cq_eq_dma_if_mux_wr_inst/i_5/i_0/dma_ram_demux_inst/genblk1[1].out_fifo_rd_resp_data_reg_0_31_378_391 from module partition__51 due to constant propagation
INFO: [Synth 8-7067] Removed DRAM instance cq_eq_dma_if_mux_wr_inst/i_5/i_0/dma_ram_demux_inst/genblk1[1].out_fifo_rd_resp_data_reg_0_31_364_377 from module partition__51 due to constant propagation
INFO: [Synth 8-7067] Removed DRAM instance cq_eq_dma_if_mux_wr_inst/i_5/i_0/dma_ram_demux_inst/genblk1[1].out_fifo_rd_resp_data_reg_0_31_350_363 from module partition__51 due to constant propagation
INFO: [Synth 8-7067] Removed DRAM instance cq_eq_dma_if_mux_wr_inst/i_5/i_0/dma_ram_demux_inst/genblk1[1].out_fifo_rd_resp_data_reg_0_31_336_349 from module partition__51 due to constant propagation
INFO: [Synth 8-7067] Removed DRAM instance cq_eq_dma_if_mux_wr_inst/i_5/i_0/dma_ram_demux_inst/genblk1[1].out_fifo_rd_resp_data_reg_0_31_322_335 from module partition__51 due to constant propagation
INFO: [Synth 8-7067] Removed DRAM instance cq_eq_dma_if_mux_wr_inst/i_5/i_0/dma_ram_demux_inst/genblk1[1].out_fifo_rd_resp_data_reg_0_31_308_321 from module partition__51 due to constant propagation
INFO: [Synth 8-7067] Removed DRAM instance cq_eq_dma_if_mux_wr_inst/i_5/i_0/dma_ram_demux_inst/genblk1[1].out_fifo_rd_resp_data_reg_0_31_294_307 from module partition__51 due to constant propagation
INFO: [Synth 8-7067] Removed DRAM instance cq_eq_dma_if_mux_wr_inst/i_5/i_0/dma_ram_demux_inst/genblk1[1].out_fifo_rd_resp_data_reg_0_31_280_293 from module partition__51 due to constant propagation
INFO: [Synth 8-7067] Removed DRAM instance cq_eq_dma_if_mux_wr_inst/i_5/i_0/dma_ram_demux_inst/genblk1[1].out_fifo_rd_resp_data_reg_0_31_266_279 from module partition__51 due to constant propagation
INFO: [Synth 8-7067] Removed DRAM instance cq_eq_dma_if_mux_wr_inst/i_4/i_0/dma_ram_demux_inst/genblk1[0].out_fifo_rd_resp_data_reg_0_31_504_511 from module partition__50 due to constant propagation
INFO: [Synth 8-7067] Removed DRAM instance cq_eq_dma_if_mux_wr_inst/i_4/i_0/dma_ram_demux_inst/genblk1[0].out_fifo_rd_resp_data_reg_0_31_490_503 from module partition__50 due to constant propagation
INFO: [Common 17-14] Message 'Synth 8-7067' appears 100 times and further instances of the messages will be disabled. Use the Tcl command set_msg_config to change the current settings.
INFO: [Common 17-14] Message 'Synth 8-3333' appears 100 times and further instances of the messages will be disabled. Use the Tcl command set_msg_config to change the current settings.
INFO: [Synth 8-6794] RAM ("tx_qm_inst/queue_ram_reg") will be automatically implemented using URAM. 
INFO: [Synth 8-6794] RAM ("tx_qm_inst/queue_ram_reg") will be automatically implemented using URAM. 
INFO: [Synth 8-5780] Default cascade height of 2 will be used for URAM '"tx_qm_inst/queue_ram_reg"'.
RAM ("rx_qm_inst/queue_ram_reg") is too shallow (depth = 256) to use URAM. Choosing BRAM instead of URAM 
INFO: [Synth 8-6794] RAM ("tx_qm_inst/queue_ram_reg") will be automatically implemented using URAM. 
INFO: [Synth 8-6794] RAM ("tx_qm_inst/queue_ram_reg") will be automatically implemented using URAM. 
INFO: [Synth 8-5780] Default cascade height of 2 will be used for URAM '"tx_qm_inst/queue_ram_reg"'.
INFO: [Synth 8-6776] UltraRAM "tx_qm_inst/queue_ram_reg": Pipeline stages found = 3; Recommended pipeline stages =1, Maximum pipeline stages = 3
INFO: [Synth 8-5814] Pipeline result for URAM ("tx_qm_inst/queue_ram_reg"): Matrix size= (1 cols x 2 rows) | Pipeline stages => ( available = 3, absorbed = 3 )
INFO: [Synth 8-5546] ROM "ctrl_reg_rd_ack_reg" won't be mapped to RAM because it is too sparse
INFO: [Synth 8-5546] ROM "ctrl_reg_rd_ack_reg" won't be mapped to RAM because it is too sparse
WARNING: [Synth 8-3917] design mqnic_interface__GCB2 has port m_axil_bresp[1] driven by constant 0
WARNING: [Synth 8-3917] design mqnic_interface__GCB2 has port m_axil_bresp[0] driven by constant 0
WARNING: [Synth 8-3917] design mqnic_interface__GCB2 has port m_axil_rresp[1] driven by constant 0
WARNING: [Synth 8-3917] design mqnic_interface__GCB2 has port m_axil_rresp[0] driven by constant 0
INFO: [Synth 8-6794] RAM ("cqm_inst/queue_ram_reg") will be automatically implemented using URAM. 
INFO: [Synth 8-6794] RAM ("cqm_inst/queue_ram_reg") will be automatically implemented using URAM. 
INFO: [Synth 8-5780] Default cascade height of 4 will be used for URAM '"cqm_inst/queue_ram_reg"'.
INFO: [Synth 8-5784] Optimized 2 bits of RAM "event_fifo/mem_reg" due to constant propagation. Old ram width 22 bits, new ram width 20 bits.
RAM ("mqnic_interface__GCB2/event_fifo/mem_reg") is too shallow (depth = 1024) to use URAM. Choosing BRAM instead of URAM 
RAM ("event_queue_manager_inst/queue_ram_reg") is too shallow (depth = 64) to use URAM. Choosing BRAM instead of URAM 
INFO: [Synth 8-6794] RAM ("cqm_inst/queue_ram_reg") will be automatically implemented using URAM. 
INFO: [Synth 8-6794] RAM ("cqm_inst/queue_ram_reg") will be automatically implemented using URAM. 
INFO: [Synth 8-5780] Default cascade height of 4 will be used for URAM '"cqm_inst/queue_ram_reg"'.
INFO: [Synth 8-6776] UltraRAM "cqm_inst/queue_ram_reg": Pipeline stages found = 4; Recommended pipeline stages =2, Maximum pipeline stages = 5
INFO: [Synth 8-5814] Pipeline result for URAM ("cqm_inst/queue_ram_reg"): Matrix size= (1 cols x 4 rows) | Pipeline stages => ( available = 4, absorbed = 4 )
INFO: [Synth 8-4471] merging register 'sample_acc_sync_reg_reg[5:0]' into 'sample_acc_sync_reg_reg[5:0]' [/home/keshav/Documents/Workspace/corundum/fpga/mqnic/ADM_PCIE_9V3/fpga_25g/lib/eth/rtl/ptp_td_leaf.v:512]
INFO: [Synth 8-4471] merging register 'ts_ns_diff_reg_reg[12:0]' into 'ts_ns_diff_reg_reg[12:0]' [/home/keshav/Documents/Workspace/corundum/fpga/mqnic/ADM_PCIE_9V3/fpga_25g/lib/eth/rtl/ptp_td_leaf.v:961]
INFO: [Synth 8-4471] merging register 'ts_ns_diff_reg_reg[12:0]' into 'ts_ns_diff_reg_reg[12:0]' [/home/keshav/Documents/Workspace/corundum/fpga/mqnic/ADM_PCIE_9V3/fpga_25g/lib/eth/rtl/ptp_td_leaf.v:961]
INFO: [Synth 8-4471] merging register 'sample_acc_sync_reg_reg[5:0]' into 'sample_acc_sync_reg_reg[5:0]' [/home/keshav/Documents/Workspace/corundum/fpga/mqnic/ADM_PCIE_9V3/fpga_25g/lib/eth/rtl/ptp_td_leaf.v:512]
INFO: [Synth 8-4471] merging register 'sample_acc_sync_reg_reg[5:0]' into 'sample_acc_sync_reg_reg[5:0]' [/home/keshav/Documents/Workspace/corundum/fpga/mqnic/ADM_PCIE_9V3/fpga_25g/lib/eth/rtl/ptp_td_leaf.v:512]
INFO: [Synth 8-4471] merging register 'phase_err_acc_reg_reg[4:0]' into 'phase_err_acc_reg_reg[4:0]' [/home/keshav/Documents/Workspace/corundum/fpga/mqnic/ADM_PCIE_9V3/fpga_25g/lib/eth/rtl/ptp_td_leaf.v:563]
INFO: [Synth 8-4471] merging register 'phase_err_out_reg_reg[4:0]' into 'phase_err_out_reg_reg[4:0]' [/home/keshav/Documents/Workspace/corundum/fpga/mqnic/ADM_PCIE_9V3/fpga_25g/lib/eth/rtl/ptp_td_leaf.v:569]
WARNING: [Synth 8-3936] Found unconnected internal register 'src_period_reg_reg' and it is trimmed from '40' to '38' bits. [/home/keshav/Documents/Workspace/corundum/fpga/mqnic/ADM_PCIE_9V3/fpga_25g/lib/eth/rtl/ptp_td_leaf.v:235]
INFO: [Synth 8-4471] merging register 'sample_acc_sync_reg_reg[5:0]' into 'sample_acc_sync_reg_reg[5:0]' [/home/keshav/Documents/Workspace/corundum/fpga/mqnic/ADM_PCIE_9V3/fpga_25g/lib/eth/rtl/ptp_td_leaf.v:512]
INFO: [Synth 8-4471] merging register 'ts_ns_diff_reg_reg[12:0]' into 'ts_ns_diff_reg_reg[12:0]' [/home/keshav/Documents/Workspace/corundum/fpga/mqnic/ADM_PCIE_9V3/fpga_25g/lib/eth/rtl/ptp_td_leaf.v:961]
INFO: [Synth 8-4471] merging register 'ts_ns_diff_reg_reg[12:0]' into 'ts_ns_diff_reg_reg[12:0]' [/home/keshav/Documents/Workspace/corundum/fpga/mqnic/ADM_PCIE_9V3/fpga_25g/lib/eth/rtl/ptp_td_leaf.v:961]
INFO: [Synth 8-4471] merging register 'sample_acc_sync_reg_reg[5:0]' into 'sample_acc_sync_reg_reg[5:0]' [/home/keshav/Documents/Workspace/corundum/fpga/mqnic/ADM_PCIE_9V3/fpga_25g/lib/eth/rtl/ptp_td_leaf.v:512]
INFO: [Synth 8-4471] merging register 'sample_acc_sync_reg_reg[5:0]' into 'sample_acc_sync_reg_reg[5:0]' [/home/keshav/Documents/Workspace/corundum/fpga/mqnic/ADM_PCIE_9V3/fpga_25g/lib/eth/rtl/ptp_td_leaf.v:512]
INFO: [Synth 8-4471] merging register 'phase_err_acc_reg_reg[4:0]' into 'phase_err_acc_reg_reg[4:0]' [/home/keshav/Documents/Workspace/corundum/fpga/mqnic/ADM_PCIE_9V3/fpga_25g/lib/eth/rtl/ptp_td_leaf.v:563]
INFO: [Synth 8-4471] merging register 'phase_err_out_reg_reg[4:0]' into 'phase_err_out_reg_reg[4:0]' [/home/keshav/Documents/Workspace/corundum/fpga/mqnic/ADM_PCIE_9V3/fpga_25g/lib/eth/rtl/ptp_td_leaf.v:569]
WARNING: [Synth 8-3936] Found unconnected internal register 'src_period_reg_reg' and it is trimmed from '40' to '38' bits. [/home/keshav/Documents/Workspace/corundum/fpga/mqnic/ADM_PCIE_9V3/fpga_25g/lib/eth/rtl/ptp_td_leaf.v:235]
INFO: [Synth 8-4471] merging register 'sample_acc_sync_reg_reg[5:0]' into 'sample_acc_sync_reg_reg[5:0]' [/home/keshav/Documents/Workspace/corundum/fpga/mqnic/ADM_PCIE_9V3/fpga_25g/lib/eth/rtl/ptp_td_leaf.v:512]
INFO: [Synth 8-4471] merging register 'ts_ns_diff_reg_reg[12:0]' into 'ts_ns_diff_reg_reg[12:0]' [/home/keshav/Documents/Workspace/corundum/fpga/mqnic/ADM_PCIE_9V3/fpga_25g/lib/eth/rtl/ptp_td_leaf.v:961]
INFO: [Synth 8-4471] merging register 'ts_ns_diff_reg_reg[12:0]' into 'ts_ns_diff_reg_reg[12:0]' [/home/keshav/Documents/Workspace/corundum/fpga/mqnic/ADM_PCIE_9V3/fpga_25g/lib/eth/rtl/ptp_td_leaf.v:961]
INFO: [Synth 8-4471] merging register 'sample_acc_sync_reg_reg[5:0]' into 'sample_acc_sync_reg_reg[5:0]' [/home/keshav/Documents/Workspace/corundum/fpga/mqnic/ADM_PCIE_9V3/fpga_25g/lib/eth/rtl/ptp_td_leaf.v:512]
INFO: [Synth 8-4471] merging register 'sample_acc_sync_reg_reg[5:0]' into 'sample_acc_sync_reg_reg[5:0]' [/home/keshav/Documents/Workspace/corundum/fpga/mqnic/ADM_PCIE_9V3/fpga_25g/lib/eth/rtl/ptp_td_leaf.v:512]
INFO: [Synth 8-4471] merging register 'phase_err_acc_reg_reg[4:0]' into 'phase_err_acc_reg_reg[4:0]' [/home/keshav/Documents/Workspace/corundum/fpga/mqnic/ADM_PCIE_9V3/fpga_25g/lib/eth/rtl/ptp_td_leaf.v:563]
INFO: [Synth 8-4471] merging register 'phase_err_out_reg_reg[4:0]' into 'phase_err_out_reg_reg[4:0]' [/home/keshav/Documents/Workspace/corundum/fpga/mqnic/ADM_PCIE_9V3/fpga_25g/lib/eth/rtl/ptp_td_leaf.v:569]
WARNING: [Synth 8-3936] Found unconnected internal register 'src_period_reg_reg' and it is trimmed from '40' to '38' bits. [/home/keshav/Documents/Workspace/corundum/fpga/mqnic/ADM_PCIE_9V3/fpga_25g/lib/eth/rtl/ptp_td_leaf.v:235]
INFO: [Synth 8-4471] merging register 'sample_acc_sync_reg_reg[5:0]' into 'sample_acc_sync_reg_reg[5:0]' [/home/keshav/Documents/Workspace/corundum/fpga/mqnic/ADM_PCIE_9V3/fpga_25g/lib/eth/rtl/ptp_td_leaf.v:512]
INFO: [Synth 8-4471] merging register 'ts_ns_diff_reg_reg[12:0]' into 'ts_ns_diff_reg_reg[12:0]' [/home/keshav/Documents/Workspace/corundum/fpga/mqnic/ADM_PCIE_9V3/fpga_25g/lib/eth/rtl/ptp_td_leaf.v:961]
INFO: [Synth 8-4471] merging register 'ts_ns_diff_reg_reg[12:0]' into 'ts_ns_diff_reg_reg[12:0]' [/home/keshav/Documents/Workspace/corundum/fpga/mqnic/ADM_PCIE_9V3/fpga_25g/lib/eth/rtl/ptp_td_leaf.v:961]
INFO: [Synth 8-4471] merging register 'sample_acc_sync_reg_reg[5:0]' into 'sample_acc_sync_reg_reg[5:0]' [/home/keshav/Documents/Workspace/corundum/fpga/mqnic/ADM_PCIE_9V3/fpga_25g/lib/eth/rtl/ptp_td_leaf.v:512]
INFO: [Synth 8-4471] merging register 'sample_acc_sync_reg_reg[5:0]' into 'sample_acc_sync_reg_reg[5:0]' [/home/keshav/Documents/Workspace/corundum/fpga/mqnic/ADM_PCIE_9V3/fpga_25g/lib/eth/rtl/ptp_td_leaf.v:512]
INFO: [Synth 8-4471] merging register 'phase_err_acc_reg_reg[4:0]' into 'phase_err_acc_reg_reg[4:0]' [/home/keshav/Documents/Workspace/corundum/fpga/mqnic/ADM_PCIE_9V3/fpga_25g/lib/eth/rtl/ptp_td_leaf.v:563]
INFO: [Synth 8-4471] merging register 'phase_err_out_reg_reg[4:0]' into 'phase_err_out_reg_reg[4:0]' [/home/keshav/Documents/Workspace/corundum/fpga/mqnic/ADM_PCIE_9V3/fpga_25g/lib/eth/rtl/ptp_td_leaf.v:569]
WARNING: [Synth 8-3936] Found unconnected internal register 'src_period_reg_reg' and it is trimmed from '40' to '38' bits. [/home/keshav/Documents/Workspace/corundum/fpga/mqnic/ADM_PCIE_9V3/fpga_25g/lib/eth/rtl/ptp_td_leaf.v:235]
INFO: [Synth 8-4471] merging register 'sample_acc_sync_reg_reg[5:0]' into 'sample_acc_sync_reg_reg[5:0]' [/home/keshav/Documents/Workspace/corundum/fpga/mqnic/ADM_PCIE_9V3/fpga_25g/lib/eth/rtl/ptp_td_leaf.v:512]
INFO: [Synth 8-4471] merging register 'ts_ns_diff_reg_reg[12:0]' into 'ts_ns_diff_reg_reg[12:0]' [/home/keshav/Documents/Workspace/corundum/fpga/mqnic/ADM_PCIE_9V3/fpga_25g/lib/eth/rtl/ptp_td_leaf.v:961]
INFO: [Synth 8-4471] merging register 'ts_ns_diff_reg_reg[12:0]' into 'ts_ns_diff_reg_reg[12:0]' [/home/keshav/Documents/Workspace/corundum/fpga/mqnic/ADM_PCIE_9V3/fpga_25g/lib/eth/rtl/ptp_td_leaf.v:961]
INFO: [Synth 8-4471] merging register 'sample_acc_sync_reg_reg[5:0]' into 'sample_acc_sync_reg_reg[5:0]' [/home/keshav/Documents/Workspace/corundum/fpga/mqnic/ADM_PCIE_9V3/fpga_25g/lib/eth/rtl/ptp_td_leaf.v:512]
INFO: [Synth 8-4471] merging register 'sample_acc_sync_reg_reg[5:0]' into 'sample_acc_sync_reg_reg[5:0]' [/home/keshav/Documents/Workspace/corundum/fpga/mqnic/ADM_PCIE_9V3/fpga_25g/lib/eth/rtl/ptp_td_leaf.v:512]
INFO: [Synth 8-4471] merging register 'phase_err_acc_reg_reg[4:0]' into 'phase_err_acc_reg_reg[4:0]' [/home/keshav/Documents/Workspace/corundum/fpga/mqnic/ADM_PCIE_9V3/fpga_25g/lib/eth/rtl/ptp_td_leaf.v:563]
INFO: [Synth 8-4471] merging register 'phase_err_out_reg_reg[4:0]' into 'phase_err_out_reg_reg[4:0]' [/home/keshav/Documents/Workspace/corundum/fpga/mqnic/ADM_PCIE_9V3/fpga_25g/lib/eth/rtl/ptp_td_leaf.v:569]
WARNING: [Synth 8-3936] Found unconnected internal register 'src_period_reg_reg' and it is trimmed from '40' to '38' bits. [/home/keshav/Documents/Workspace/corundum/fpga/mqnic/ADM_PCIE_9V3/fpga_25g/lib/eth/rtl/ptp_td_leaf.v:235]
INFO: [Synth 8-5546] ROM "ptp_clock_inst/reg_rd_ack_reg" won't be mapped to RAM because it is too sparse
INFO: [Synth 8-5546] ROM "ptp_clock_inst/get_ptp_ts_tod_reg" won't be mapped to RAM because it is too sparse
INFO: [Synth 8-5546] ROM "ptp_clock_inst/reg_rd_ack_reg" won't be mapped to RAM because it is too sparse
INFO: [Synth 8-5546] ROM "ptp_clock_inst/get_ptp_ts_tod_reg" won't be mapped to RAM because it is too sparse
INFO: [Synth 8-5546] ROM "ctrl_reg_rd_ack_reg" won't be mapped to RAM because it is too sparse
INFO: [Synth 8-5546] ROM "ctrl_reg_rd_ack_reg" won't be mapped to RAM because it is too sparse
INFO: [Common 17-14] Message 'Synth 8-7129' appears 100 times and further instances of the messages will be disabled. Use the Tcl command set_msg_config to change the current settings.
INFO: [Synth 8-4471] merging register 's_ifaces[0].w_select_reg_reg[1:0]' into 's_ifaces[0].w_select_reg_reg[1:0]' [/home/keshav/Documents/Workspace/corundum/fpga/mqnic/ADM_PCIE_9V3/fpga_25g/lib/axi/rtl/axil_crossbar_wr.v:316]
INFO: [Synth 8-4471] merging register 's_ifaces[1].w_select_reg_reg[1:0]' into 's_ifaces[1].w_select_reg_reg[1:0]' [/home/keshav/Documents/Workspace/corundum/fpga/mqnic/ADM_PCIE_9V3/fpga_25g/lib/axi/rtl/axil_crossbar_wr.v:316]
INFO: [Synth 8-4471] merging register 'axil_crossbar_wr_inst/m_ifaces[0].w_select_reg_reg[-1:0]' into 'axil_crossbar_wr_inst/m_ifaces[0].w_select_reg_reg[-1:0]' [/home/keshav/Documents/Workspace/corundum/fpga/mqnic/ADM_PCIE_9V3/fpga_25g/lib/axi/rtl/axil_crossbar_wr.v:496]
INFO: [Synth 8-4471] merging register 'axil_crossbar_wr_inst/m_ifaces[1].w_select_reg_reg[-1:0]' into 'axil_crossbar_wr_inst/m_ifaces[1].w_select_reg_reg[-1:0]' [/home/keshav/Documents/Workspace/corundum/fpga/mqnic/ADM_PCIE_9V3/fpga_25g/lib/axi/rtl/axil_crossbar_wr.v:496]
INFO: [Common 17-14] Message 'Synth 8-7129' appears 100 times and further instances of the messages will be disabled. Use the Tcl command set_msg_config to change the current settings.
INFO: [Synth 8-6794] RAM ("stats_counter_inst/mem_reg") will be automatically implemented using URAM. 
INFO: [Synth 8-5780] Default cascade height of 1 will be used for URAM '"stats_counter_inst/mem_reg"'.
INFO: [Synth 8-6794] RAM ("stats_counter_inst/mem_reg") will be automatically implemented using URAM. 
INFO: [Synth 8-5780] Default cascade height of 1 will be used for URAM '"stats_counter_inst/mem_reg"'.
INFO: [Synth 8-6776] UltraRAM "stats_counter_inst/mem_reg": Pipeline stages found = 1; Recommended pipeline stages =0, Maximum pipeline stages = 2
INFO: [Synth 8-5814] Pipeline result for URAM ("stats_counter_inst/mem_reg"): Matrix size= (1 cols x 1 rows) | Pipeline stages => ( available = 1, absorbed = 1 )
INFO: [Synth 8-4471] merging register 'resp_chunk_reg_reg[3:0]' into 'resp_chunk_reg_reg[3:0]' [/home/keshav/Documents/Workspace/corundum/fpga/mqnic/ADM_PCIE_9V3/fpga_25g/lib/pcie/rtl/pcie_axil_master.v:961]
RAM ("pcie_msix_inst/tbl_mem_reg") is too shallow (depth = 128) to use URAM. Choosing BRAM instead of URAM 
RAM ("pcie_msix_inst/tbl_mem_reg") is too shallow (depth = 128) to use URAM. Choosing BRAM instead of URAM 
INFO: [Synth 8-3971] The signal "pcie_msix_inst/tbl_mem_reg" was recognized as a true dual port RAM template.
INFO: [Common 17-14] Message 'Synth 8-3886' appears 100 times and further instances of the messages will be disabled. Use the Tcl command set_msg_config to change the current settings.
---------------------------------------------------------------------------------
Finished Cross Boundary and Area Optimization : Time (s): cpu = 00:04:20 ; elapsed = 00:04:06 . Memory (MB): peak = 7663.895 ; gain = 4936.566 ; free physical = 35979 ; free virtual = 81118
---------------------------------------------------------------------------------
WARNING: [Synth 8-6057] Memory: "fifo[0].fifo_inst/fifo_inst/mem_reg" defined in module: "rx_fifo_inst" implemented as Ultra-Ram has no pipeline registers. It is recommended to use pipeline registers to achieve high performance.
WARNING: [Synth 8-6057] Memory: "fifo[0].fifo_inst/fifo_inst/mem_reg" defined in module: "rx_fifo_inst" implemented as Ultra-Ram has no pipeline registers. It is recommended to use pipeline registers to achieve high performance.
---------------------------------------------------------------------------------
Start ROM, RAM, DSP, Shift Register and Retiming Reporting
---------------------------------------------------------------------------------

ROM: Preliminary Mapping Report
+------------------+---------------------------+---------------+----------------+
|Module Name       | RTL Object                | Depth x Width | Implemented As | 
+------------------+---------------------------+---------------+----------------+
|pcie_tlp_fifo_raw | seg_mem_rd_addr_reg0      | 64x20         | LUT            | 
|pcie_tlp_fifo_raw | seg_ctrl_mem_rd_addr_reg0 | 64x20         | LUT            | 
+------------------+---------------------------+---------------+----------------+


Ultra RAM: Preliminary Mapping Report (see note below)
+-------------------+-------------------------------------+------------------------+---+---+------------------------+---+---+------------------+---------+--------------+--------------------------+-------------+
|Module Name        | RTL Object                          | PORT A (Depth x Width) | W | R | PORT B (Depth x Width) | W | R | Ports driving FF | URAM288 | Matrix Shape | FF provided for Pipeline | FF absorbed | 
+-------------------+-------------------------------------+------------------------+---+---+------------------------+---+---+------------------+---------+--------------+--------------------------+-------------+
|rx_fifo_inst       | fifo[0].fifo_inst/fifo_inst/mem_reg | 4 K x 243              |   | R | 4 K x 243              | W |   | Port A and B     | 4       | 1x1          | 0                        | 0           | 
|tx_qm_inst         | queue_ram_reg                       | 8 K x 128              | W |   | 8 K x 128              |   | R | Port A and B     | 4       | 2x1          | 3                        | 3           | 
|cqm_inst           | queue_ram_reg                       | 16 K x 128             | W |   | 16 K x 128             |   | R | Port A and B     | 8       | 4x1          | 4                        | 4           | 
|rx_fifo_inst       | fifo[0].fifo_inst/fifo_inst/mem_reg | 4 K x 243              |   | R | 4 K x 243              | W |   | Port A and B     | 4       | 1x1          | 0                        | 0           | 
|tx_qm_inst         | queue_ram_reg                       | 8 K x 128              | W |   | 8 K x 128              |   | R | Port A and B     | 4       | 2x1          | 3                        | 3           | 
|cqm_inst           | queue_ram_reg                       | 16 K x 128             | W |   | 16 K x 128             |   | R | Port A and B     | 8       | 4x1          | 4                        | 4           | 
|stats_counter_inst | mem_reg                             | 4 K x 64               |   | R | 4 K x 64               | W |   | Port A and B     | 1       | 1x1          | 1                        | 1           | 
+-------------------+-------------------------------------+------------------------+---+---+------------------------+---+---+------------------+---------+--------------+--------------------------+-------------+

Note: The table above is a preliminary report that shows the Ultra RAMs at the current stage of the synthesis flow. Some Ultra RAMs may be reimplemented as non Ultra RAM primitives later in the synthesis flow. Multiple instantiated Ultra RAMs are reported only once. Fields "FF provided for Pipeline" and "FF absorbed" respectively indicate number of registers available for pipelining and number of registers absorbed in the URAM matrix for pipelining. 

Block RAM: Preliminary Mapping Report (see note below)
+---------------------------------+-------------------------------------+------------------------+---+---+------------------------+---+---+------------------+--------+--------+-----------------+
|Module Name                      | RTL Object                          | PORT A (Depth x Width) | W | R | PORT B (Depth x Width) | W | R | Ports driving FF | RAMB18 | RAMB36 | Cascade Heights | 
+---------------------------------+-------------------------------------+------------------------+---+---+------------------------+---+---+------------------+--------+--------+-----------------+
|dma_psdpram__GB1                 | genblk1[1].mem_reg_reg              | 32 x 512(READ_FIRST)   | W |   | 32 x 512(WRITE_FIRST)  |   | R | Port A and B     | 0      | 8      |                 | 
|dma_psdpram__GB2                 | genblk1[0].mem_reg_reg              | 32 x 512(READ_FIRST)   | W |   | 32 x 512(WRITE_FIRST)  |   | R | Port A and B     | 0      | 8      |                 | 
|dma_psdpram__parameterized0__GB1 | genblk1[1].mem_reg_reg              | 256 x 512(READ_FIRST)  | W |   | 256 x 512(WRITE_FIRST) |   | R | Port A and B     | 0      | 8      |                 | 
|dma_psdpram__parameterized0__GB2 | genblk1[0].mem_reg_reg              | 256 x 512(READ_FIRST)  | W |   | 256 x 512(WRITE_FIRST) |   | R | Port A and B     | 0      | 8      |                 | 
|mqnic_interface_tx__GCM0         | tx_desc_fifo/mem_reg                | 128 x 150(READ_FIRST)  | W |   | 128 x 150(WRITE_FIRST) |   | R | Port A and B     | 1      | 2      |                 | 
|\egress_inst/tx_checksum_inst    | data_fifo/mem_reg                   | 1 K x 179(READ_FIRST)  | W |   | 1 K x 179(WRITE_FIRST) |   | R | Port A and B     | 0      | 5      | 1,1,1,1,1       | 
|dma_psdpram__parameterized1__GB1 | genblk1[1].mem_reg_reg              | 1 K x 512(READ_FIRST)  | W |   | 1 K x 512(WRITE_FIRST) |   | R | Port A and B     | 0      | 16     |                 | 
|dma_psdpram__parameterized1__GB2 | genblk1[0].mem_reg_reg              | 1 K x 512(READ_FIRST)  | W |   | 1 K x 512(WRITE_FIRST) |   | R | Port A and B     | 0      | 16     |                 | 
|rx_desc_fifo                     | mem_reg                             | 128 x 150(READ_FIRST)  | W |   | 128 x 150(WRITE_FIRST) |   | R | Port A and B     | 1      | 2      |                 | 
|\sched[0].scheduler_block        | tx_scheduler_inst/rr_fifo/mem_reg   | 8 K x 13(READ_FIRST)   | W |   | 8 K x 13(WRITE_FIRST)  |   | R | Port A and B     | 0      | 3      | 2,1             | 
|\sched[0].scheduler_block        | tx_scheduler_inst/queue_ram_reg     | 8 K x 16(READ_FIRST)   | W |   | 8 K x 16(WRITE_FIRST)  |   | R | Port A and B     | 0      | 4      | 2,2             | 
|tx_fifo_inst                     | fifo[0].fifo_inst/fifo_inst/mem_reg | 2 K x 162(READ_FIRST)  | W |   | 2 K x 162(WRITE_FIRST) |   | R | Port A and B     | 0      | 9      | 2,2,2,2,1       | 
|rx_qm_inst                       | queue_ram_reg                       | 256 x 128(READ_FIRST)  | W |   | 256 x 128(WRITE_FIRST) |   | R | Port A and B     | 0      | 2      |                 | 
|mqnic_interface__xdcDup__1__GCB2 | event_fifo/mem_reg                  | 1 K x 22(READ_FIRST)   | W |   | 1 K x 22(WRITE_FIRST)  |   | R | Port A and B     | 0      | 1      | 1               | 
|event_queue_manager_inst         | queue_ram_reg                       | 64 x 128(READ_FIRST)   | W |   | 64 x 128(WRITE_FIRST)  |   | R | Port A and B     | 0      | 2      |                 | 
|\sched[0].scheduler_block        | tx_scheduler_inst/rr_fifo/mem_reg   | 8 K x 13(READ_FIRST)   | W |   | 8 K x 13(WRITE_FIRST)  |   | R | Port A and B     | 0      | 3      | 2,1             | 
|\sched[0].scheduler_block        | tx_scheduler_inst/queue_ram_reg     | 8 K x 16(READ_FIRST)   | W |   | 8 K x 16(WRITE_FIRST)  |   | R | Port A and B     | 0      | 4      | 2,2             | 
|tx_fifo_inst                     | fifo[0].fifo_inst/fifo_inst/mem_reg | 2 K x 162(READ_FIRST)  | W |   | 2 K x 162(WRITE_FIRST) |   | R | Port A and B     | 0      | 9      | 2,2,2,2,1       | 
|rx_qm_inst                       | queue_ram_reg                       | 256 x 128(READ_FIRST)  | W |   | 256 x 128(WRITE_FIRST) |   | R | Port A and B     | 0      | 2      |                 | 
|mqnic_interface__GCB2            | event_fifo/mem_reg                  | 1 K x 22(READ_FIRST)   | W |   | 1 K x 22(WRITE_FIRST)  |   | R | Port A and B     | 0      | 1      | 1               | 
|event_queue_manager_inst         | queue_ram_reg                       | 64 x 128(READ_FIRST)   | W |   | 64 x 128(WRITE_FIRST)  |   | R | Port A and B     | 0      | 2      |                 | 
+---------------------------------+-------------------------------------+------------------------+---+---+------------------------+---+---+------------------+--------+--------+-----------------+

Note: The table above is a preliminary report that shows the Block RAMs at the current stage of the synthesis flow. Some Block RAMs may be reimplemented as non Block RAM primitives later in the synthesis flow. Multiple instantiated Block RAMs are reported only once. 

Distributed RAM: Preliminary Mapping Report (see note below)
+-----------------------------------------------------------------+------------------------------------------------------------------------------------------+----------------+----------------------+----------------+
|Module Name                                                      | RTL Object                                                                               | Inference      | Size (Depth x Width) | Primitives     | 
+-----------------------------------------------------------------+------------------------------------------------------------------------------------------+----------------+----------------------+----------------+
|pcie_us_if_rc_inst/pcie_tlp_fifo_inst/pcie_tlp_fifo_raw_inst     | seg_ram[0].seg_mem_data_reg                                                              | User Attribute | 32 x 128             | RAM32M16 x 10  | 
|pcie_us_if_rc_inst/pcie_tlp_fifo_inst/pcie_tlp_fifo_raw_inst     | seg_ram[1].seg_mem_data_reg                                                              | User Attribute | 32 x 128             | RAM32M16 x 10  | 
|pcie_us_if_rc_inst/pcie_tlp_fifo_inst/pcie_tlp_fifo_raw_inst     | seg_ram[2].seg_mem_data_reg                                                              | User Attribute | 32 x 128             | RAM32M16 x 10  | 
|pcie_us_if_rc_inst/pcie_tlp_fifo_inst/pcie_tlp_fifo_raw_inst     | seg_ram[3].seg_mem_data_reg                                                              | User Attribute | 32 x 128             | RAM32M16 x 10  | 
|pcie_us_if_rc_inst/pcie_tlp_fifo_inst/pcie_tlp_fifo_raw_inst     | seg_ram[0].seg_mem_strb_reg                                                              | User Attribute | 32 x 4               | RAM32M16 x 2   | 
|pcie_us_if_rc_inst/pcie_tlp_fifo_inst/pcie_tlp_fifo_raw_inst     | seg_ram[1].seg_mem_strb_reg                                                              | User Attribute | 32 x 4               | RAM32M16 x 2   | 
|pcie_us_if_rc_inst/pcie_tlp_fifo_inst/pcie_tlp_fifo_raw_inst     | seg_ram[2].seg_mem_strb_reg                                                              | User Attribute | 32 x 4               | RAM32M16 x 2   | 
|pcie_us_if_rc_inst/pcie_tlp_fifo_inst/pcie_tlp_fifo_raw_inst     | seg_ram[3].seg_mem_strb_reg                                                              | User Attribute | 32 x 4               | RAM32M16 x 2   | 
|pcie_us_if_rc_inst/pcie_tlp_fifo_inst/pcie_tlp_fifo_raw_inst     | seg_ram[0].seg_mem_hdr_reg                                                               | User Attribute | 32 x 128             | RAM32M16 x 20  | 
|pcie_us_if_rc_inst/pcie_tlp_fifo_inst/pcie_tlp_fifo_raw_inst     | seg_ram[1].seg_mem_hdr_reg                                                               | User Attribute | 32 x 128             | RAM32M16 x 20  | 
|pcie_us_if_rc_inst/pcie_tlp_fifo_inst/pcie_tlp_fifo_raw_inst     | seg_ram[2].seg_mem_hdr_reg                                                               | User Attribute | 32 x 128             | RAM32M16 x 20  | 
|pcie_us_if_rc_inst/pcie_tlp_fifo_inst/pcie_tlp_fifo_raw_inst     | seg_ram[3].seg_mem_hdr_reg                                                               | User Attribute | 32 x 128             | RAM32M16 x 20  | 
|pcie_us_if_rc_inst/pcie_tlp_fifo_inst/pcie_tlp_fifo_raw_inst     | seg_ram[0].seg_mem_error_reg                                                             | User Attribute | 32 x 4               | RAM32M16 x 1   | 
|pcie_us_if_rc_inst/pcie_tlp_fifo_inst/pcie_tlp_fifo_raw_inst     | seg_ram[1].seg_mem_error_reg                                                             | User Attribute | 32 x 4               | RAM32M16 x 1   | 
|pcie_us_if_rc_inst/pcie_tlp_fifo_inst/pcie_tlp_fifo_raw_inst     | seg_ram[2].seg_mem_error_reg                                                             | User Attribute | 32 x 4               | RAM32M16 x 1   | 
|pcie_us_if_rc_inst/pcie_tlp_fifo_inst/pcie_tlp_fifo_raw_inst     | seg_ram[3].seg_mem_error_reg                                                             | User Attribute | 32 x 4               | RAM32M16 x 1   | 
|pcie_us_if_rc_inst/pcie_tlp_fifo_inst/pcie_tlp_fifo_raw_inst     | seg_ram[0].seg_mem_sop_reg                                                               | User Attribute | 32 x 1               | RAM32X1D x 2   | 
|pcie_us_if_rc_inst/pcie_tlp_fifo_inst/pcie_tlp_fifo_raw_inst     | seg_ram[1].seg_mem_sop_reg                                                               | User Attribute | 32 x 1               | RAM32X1D x 2   | 
|pcie_us_if_rc_inst/pcie_tlp_fifo_inst/pcie_tlp_fifo_raw_inst     | seg_ram[2].seg_mem_sop_reg                                                               | User Attribute | 32 x 1               | RAM32X1D x 2   | 
|pcie_us_if_rc_inst/pcie_tlp_fifo_inst/pcie_tlp_fifo_raw_inst     | seg_ram[3].seg_mem_sop_reg                                                               | User Attribute | 32 x 1               | RAM32X1D x 2   | 
|pcie_us_if_rc_inst/pcie_tlp_fifo_inst/pcie_tlp_fifo_raw_inst     | seg_ram[0].seg_mem_eop_reg                                                               | User Attribute | 32 x 1               | RAM32X1D x 2   | 
|pcie_us_if_rc_inst/pcie_tlp_fifo_inst/pcie_tlp_fifo_raw_inst     | seg_ram[1].seg_mem_eop_reg                                                               | User Attribute | 32 x 1               | RAM32X1D x 2   | 
|pcie_us_if_rc_inst/pcie_tlp_fifo_inst/pcie_tlp_fifo_raw_inst     | seg_ram[2].seg_mem_eop_reg                                                               | User Attribute | 32 x 1               | RAM32X1D x 2   | 
|pcie_us_if_rc_inst/pcie_tlp_fifo_inst/pcie_tlp_fifo_raw_inst     | seg_ram[3].seg_mem_eop_reg                                                               | User Attribute | 32 x 1               | RAM32X1D x 2   | 
|pcie_us_if_rc_inst/pcie_tlp_fifo_inst                            | out_fifo_out_tlp_data_reg                                                                | Implied        | 32 x 512             | RAM32M16 x 37  | 
|pcie_us_if_rc_inst/pcie_tlp_fifo_inst                            | out_fifo_out_tlp_strb_reg                                                                | Implied        | 32 x 16              | RAM32M16 x 2   | 
|pcie_us_if_rc_inst/pcie_tlp_fifo_inst                            | out_fifo_out_tlp_hdr_reg                                                                 | Implied        | 32 x 128             | RAM32M16 x 10  | 
|pcie_us_if_rc_inst/pcie_tlp_fifo_inst                            | out_fifo_out_tlp_error_reg                                                               | Implied        | 32 x 4               | RAM32M16 x 1   | 
|pcie_us_if_rc_inst/pcie_tlp_fifo_inst                            | out_fifo_out_tlp_sop_reg                                                                 | Implied        | 32 x 1               | RAM32X1D x 1   | 
|pcie_us_if_rc_inst/pcie_tlp_fifo_inst                            | out_fifo_out_tlp_eop_reg                                                                 | Implied        | 32 x 1               | RAM32X1D x 1   | 
|pcie_us_if__GB0                                                  | pcie_us_if_cc_inst/cpl_fifo_inst/seg_ram[0].seg_mem_data_reg                             | User Attribute | 32 x 256             | RAM32M16 x 19  | 
|pcie_us_if__GB0                                                  | pcie_us_if_cc_inst/cpl_fifo_inst/seg_ram[1].seg_mem_data_reg                             | User Attribute | 32 x 256             | RAM32M16 x 19  | 
|pcie_us_if__GB0                                                  | pcie_us_if_cc_inst/cpl_fifo_inst/seg_ram[0].seg_mem_strb_reg                             | User Attribute | 32 x 8               | RAM32M16 x 1   | 
|pcie_us_if__GB0                                                  | pcie_us_if_cc_inst/cpl_fifo_inst/seg_ram[1].seg_mem_strb_reg                             | User Attribute | 32 x 8               | RAM32M16 x 1   | 
|pcie_us_if__GB0                                                  | pcie_us_if_cc_inst/cpl_fifo_inst/seg_ram[0].seg_mem_hdr_reg                              | User Attribute | 32 x 128             | RAM32M16 x 10  | 
|pcie_us_if__GB0                                                  | pcie_us_if_cc_inst/cpl_fifo_inst/seg_ram[1].seg_mem_hdr_reg                              | User Attribute | 32 x 128             | RAM32M16 x 10  | 
|pcie_us_if__GB0                                                  | pcie_us_if_cc_inst/cpl_fifo_inst/seg_ram[0].seg_mem_eop_reg                              | User Attribute | 32 x 1               | RAM32X1D x 1   | 
|pcie_us_if__GB0                                                  | pcie_us_if_cc_inst/cpl_fifo_inst/seg_ram[1].seg_mem_eop_reg                              | User Attribute | 32 x 1               | RAM32X1D x 1   | 
|\pcie_us_if_cq_inst/pcie_tlp_fifo_inst/pcie_tlp_fifo_raw_inst    | seg_ram[0].seg_mem_data_reg                                                              | User Attribute | 32 x 256             | RAM32M16 x 19  | 
|\pcie_us_if_cq_inst/pcie_tlp_fifo_inst/pcie_tlp_fifo_raw_inst    | seg_ram[1].seg_mem_data_reg                                                              | User Attribute | 32 x 256             | RAM32M16 x 19  | 
|\pcie_us_if_cq_inst/pcie_tlp_fifo_inst/pcie_tlp_fifo_raw_inst    | seg_ram[0].seg_mem_strb_reg                                                              | User Attribute | 32 x 8               | RAM32M16 x 2   | 
|\pcie_us_if_cq_inst/pcie_tlp_fifo_inst/pcie_tlp_fifo_raw_inst    | seg_ram[1].seg_mem_strb_reg                                                              | User Attribute | 32 x 8               | RAM32M16 x 2   | 
|\pcie_us_if_cq_inst/pcie_tlp_fifo_inst/pcie_tlp_fifo_raw_inst    | seg_ram[0].seg_mem_hdr_reg                                                               | User Attribute | 32 x 128             | RAM32M16 x 20  | 
|\pcie_us_if_cq_inst/pcie_tlp_fifo_inst/pcie_tlp_fifo_raw_inst    | seg_ram[1].seg_mem_hdr_reg                                                               | User Attribute | 32 x 128             | RAM32M16 x 20  | 
|\pcie_us_if_cq_inst/pcie_tlp_fifo_inst/pcie_tlp_fifo_raw_inst    | seg_ram[0].seg_mem_bar_id_reg                                                            | User Attribute | 32 x 3               | RAM32M16 x 1   | 
|\pcie_us_if_cq_inst/pcie_tlp_fifo_inst/pcie_tlp_fifo_raw_inst    | seg_ram[1].seg_mem_bar_id_reg                                                            | User Attribute | 32 x 3               | RAM32M16 x 1   | 
|\pcie_us_if_cq_inst/pcie_tlp_fifo_inst/pcie_tlp_fifo_raw_inst    | seg_ram[0].seg_mem_func_num_reg                                                          | User Attribute | 32 x 8               | RAM32M16 x 1   | 
|\pcie_us_if_cq_inst/pcie_tlp_fifo_inst/pcie_tlp_fifo_raw_inst    | seg_ram[1].seg_mem_func_num_reg                                                          | User Attribute | 32 x 8               | RAM32M16 x 1   | 
|\pcie_us_if_cq_inst/pcie_tlp_fifo_inst/pcie_tlp_fifo_raw_inst    | seg_ram[0].seg_mem_sop_reg                                                               | User Attribute | 32 x 1               | RAM32X1D x 2   | 
|\pcie_us_if_cq_inst/pcie_tlp_fifo_inst/pcie_tlp_fifo_raw_inst    | seg_ram[1].seg_mem_sop_reg                                                               | User Attribute | 32 x 1               | RAM32X1D x 2   | 
|\pcie_us_if_cq_inst/pcie_tlp_fifo_inst/pcie_tlp_fifo_raw_inst    | seg_ram[0].seg_mem_eop_reg                                                               | User Attribute | 32 x 1               | RAM32X1D x 2   | 
|\pcie_us_if_cq_inst/pcie_tlp_fifo_inst/pcie_tlp_fifo_raw_inst    | seg_ram[1].seg_mem_eop_reg                                                               | User Attribute | 32 x 1               | RAM32X1D x 2   | 
|pcie_us_if__GB1                                                  | pcie_us_if_cq_inst/pcie_tlp_fifo_inst/out_fifo_out_tlp_data_reg                          | Implied        | 32 x 512             | RAM32M16 x 37  | 
|pcie_us_if__GB1                                                  | pcie_us_if_cq_inst/pcie_tlp_fifo_inst/out_fifo_out_tlp_strb_reg                          | Implied        | 32 x 16              | RAM32M16 x 2   | 
|pcie_us_if__GB1                                                  | pcie_us_if_cq_inst/pcie_tlp_fifo_inst/out_fifo_out_tlp_hdr_reg                           | Implied        | 32 x 128             | RAM32M16 x 10  | 
|pcie_us_if__GB1                                                  | pcie_us_if_cq_inst/pcie_tlp_fifo_inst/out_fifo_out_tlp_bar_id_reg                        | Implied        | 32 x 3               | RAM32M16 x 1   | 
|pcie_us_if__GB1                                                  | pcie_us_if_cq_inst/pcie_tlp_fifo_inst/out_fifo_out_tlp_func_num_reg                      | Implied        | 32 x 8               | RAM32M16 x 1   | 
|pcie_us_if__GB1                                                  | pcie_us_if_cq_inst/pcie_tlp_fifo_inst/out_fifo_out_tlp_sop_reg                           | Implied        | 32 x 1               | RAM32X1D x 1   | 
|pcie_us_if__GB1                                                  | pcie_us_if_cq_inst/pcie_tlp_fifo_inst/out_fifo_out_tlp_eop_reg                           | Implied        | 32 x 1               | RAM32X1D x 1   | 
|pcie_us_if_rq_inst/rd_req_fifo_inst                              | seg_ram[0].seg_mem_hdr_reg                                                               | User Attribute | 32 x 128             | RAM32M16 x 10  | 
|pcie_us_if_rq_inst/rd_req_fifo_inst                              | seg_ram[1].seg_mem_hdr_reg                                                               | User Attribute | 32 x 128             | RAM32M16 x 10  | 
|pcie_us_if_rq_inst/rd_req_fifo_inst                              | seg_ram[0].seg_mem_seq_reg                                                               | User Attribute | 32 x 5               | RAM32M16 x 1   | 
|pcie_us_if_rq_inst/rd_req_fifo_inst                              | seg_ram[1].seg_mem_seq_reg                                                               | User Attribute | 32 x 5               | RAM32M16 x 1   | 
|pcie_us_if_rq_inst/wr_req_fifo_inst                              | seg_ram[0].seg_mem_data_reg                                                              | User Attribute | 32 x 256             | RAM32M16 x 19  | 
|pcie_us_if_rq_inst/wr_req_fifo_inst                              | seg_ram[1].seg_mem_data_reg                                                              | User Attribute | 32 x 256             | RAM32M16 x 19  | 
|pcie_us_if_rq_inst/wr_req_fifo_inst                              | seg_ram[0].seg_mem_strb_reg                                                              | User Attribute | 32 x 8               | RAM32M16 x 1   | 
|pcie_us_if_rq_inst/wr_req_fifo_inst                              | seg_ram[1].seg_mem_strb_reg                                                              | User Attribute | 32 x 8               | RAM32M16 x 1   | 
|pcie_us_if_rq_inst/wr_req_fifo_inst                              | seg_ram[0].seg_mem_hdr_reg                                                               | User Attribute | 32 x 128             | RAM32M16 x 10  | 
|pcie_us_if_rq_inst/wr_req_fifo_inst                              | seg_ram[1].seg_mem_hdr_reg                                                               | User Attribute | 32 x 128             | RAM32M16 x 10  | 
|pcie_us_if_rq_inst/wr_req_fifo_inst                              | seg_ram[0].seg_mem_seq_reg                                                               | User Attribute | 32 x 5               | RAM32M16 x 1   | 
|pcie_us_if_rq_inst/wr_req_fifo_inst                              | seg_ram[1].seg_mem_seq_reg                                                               | User Attribute | 32 x 5               | RAM32M16 x 1   | 
|pcie_us_if_rq_inst/wr_req_fifo_inst                              | seg_ram[0].seg_mem_eop_reg                                                               | User Attribute | 32 x 1               | RAM32X1D x 1   | 
|pcie_us_if_rq_inst/wr_req_fifo_inst                              | seg_ram[1].seg_mem_eop_reg                                                               | User Attribute | 32 x 1               | RAM32X1D x 1   | 
|dma_if_pcie_rd                                                   | pcie_tag_fifo_2_mem_reg                                                                  | User Attribute | 256 x 8              | RAM64M8 x 8    | 
|dma_if_pcie_rd                                                   | pcie_tag_fifo_1_mem_reg                                                                  | User Attribute | 32 x 5               | RAM32M16 x 1   | 
|dma_if_pcie_rd                                                   | op_table_read_count_finish_reg                                                           | User Attribute | 256 x 9              | RAM64M8 x 16   | 
|dma_if_pcie_rd                                                   | op_table_read_commit_reg                                                                 | User Attribute | 256 x 1              | RAM256X1D x 1  | 
|dma_if_pcie_rd                                                   | op_table_read_init_b_reg                                                                 | User Attribute | 256 x 1              | RAM256X1D x 1  | 
|dma_if_pcie_rd                                                   | op_table_read_init_a_reg                                                                 | User Attribute | 256 x 1              | RAM256X1D x 1  | 
|dma_if_pcie_rd                                                   | op_table_read_count_start_reg                                                            | User Attribute | 256 x 9              | RAM64M8 x 16   | 
|dma_if_pcie_rd                                                   | pcie_tag_table_cpld_fc_reg                                                               | User Attribute | 256 x 9              | RAM64M8 x 8    | 
|dma_if_pcie_rd                                                   | pcie_tag_table_cplh_fc_reg                                                               | User Attribute | 256 x 7              | RAM64M8 x 4    | 
|dma_if_pcie_rd                                                   | pcie_tag_table_active_b_reg                                                              | User Attribute | 256 x 1              | RAM256X1D x 3  | 
|dma_if_pcie_rd                                                   | pcie_tag_table_active_a_reg                                                              | User Attribute | 256 x 1              | RAM256X1D x 3  | 
|dma_if_pcie_rd                                                   | pcie_tag_table_ram_addr_reg                                                              | User Attribute | 256 x 17             | RAM64M8 x 12   | 
|dma_if_pcie_rd                                                   | pcie_tag_table_zero_len_reg                                                              | User Attribute | 256 x 1              | RAM256X1D x 1  | 
|dma_if_pcie_rd                                                   | op_table_error_a_reg                                                                     | User Attribute | 256 x 1              | RAM256X1D x 2  | 
|dma_if_pcie_rd                                                   | op_table_error_b_reg                                                                     | User Attribute | 256 x 1              | RAM256X1D x 2  | 
|dma_if_pcie_rd                                                   | op_table_error_code_reg                                                                  | User Attribute | 256 x 4              | RAM256X1S x 4  | 
|dma_if_pcie_rd                                                   | status_fifo_finish_reg                                                                   | User Attribute | 32 x 1               | RAM32X1D x 1   | 
|dma_if_pcie_rd                                                   | pcie_tag_table_op_tag_reg                                                                | User Attribute | 256 x 8              | RAM64M8 x 8    | 
|dma_if_pcie_rd                                                   | status_fifo_op_tag_reg                                                                   | User Attribute | 32 x 8               | RAM32M16 x 1   | 
|dma_if_pcie_rd                                                   | op_tag_fifo_mem_reg                                                                      | User Attribute | 256 x 8              | RAM64M8 x 8    | 
|dma_if_pcie_rd                                                   | status_fifo_mask_reg                                                                     | User Attribute | 32 x 2               | RAM32X1D x 2   | 
|dma_if_pcie_rd                                                   | op_table_tag_reg                                                                         | User Attribute | 256 x 16             | RAM64M8 x 12   | 
|dma_if_pcie_rd                                                   | status_fifo_error_reg                                                                    | User Attribute | 32 x 4               | RAM32M16 x 1   | 
|dma_if_pcie_rd                                                   | genblk1[0].out_fifo_wr_cmd_sel_reg                                                       | User Attribute | 32 x 3               | RAM32M16 x 1   | 
|dma_if_pcie_rd                                                   | genblk1[1].out_fifo_wr_cmd_sel_reg                                                       | User Attribute | 32 x 3               | RAM32M16 x 1   | 
|dma_if_pcie_rd                                                   | genblk1[0].out_fifo_wr_cmd_be_reg                                                        | User Attribute | 32 x 64              | RAM32M16 x 5   | 
|dma_if_pcie_rd                                                   | genblk1[1].out_fifo_wr_cmd_be_reg                                                        | User Attribute | 32 x 64              | RAM32M16 x 5   | 
|dma_if_pcie_rd                                                   | genblk1[0].out_fifo_wr_cmd_addr_reg                                                      | User Attribute | 32 x 10              | RAM32M16 x 1   | 
|dma_if_pcie_rd                                                   | genblk1[1].out_fifo_wr_cmd_addr_reg                                                      | User Attribute | 32 x 10              | RAM32M16 x 1   | 
|dma_if_pcie_rd                                                   | genblk1[0].out_fifo_wr_cmd_data_reg                                                      | User Attribute | 32 x 512             | RAM32M16 x 37  | 
|dma_if_pcie_rd                                                   | genblk1[1].out_fifo_wr_cmd_data_reg                                                      | User Attribute | 32 x 512             | RAM32M16 x 37  | 
|dma_if_pcie_rd                                                   | pcie_tag_table_ram_sel_reg                                                               | User Attribute | 256 x 3              | RAM64M8 x 4    | 
|dma_if_pcie_wr                                                   | op_table_cycle_count_reg                                                                 | User Attribute | 32 x 7               | RAM32M16 x 1   | 
|dma_if_pcie_wr                                                   | op_table_offset_reg                                                                      | User Attribute | 32 x 7               | RAM32M16 x 1   | 
|dma_if_pcie_wr                                                   | op_table_dword_len_reg                                                                   | User Attribute | 32 x 10              | RAM32M16 x 1   | 
|dma_if_pcie_wr                                                   | op_table_last_reg                                                                        | User Attribute | 32 x 1               | RAM32X1D x 1   | 
|dma_if_pcie_wr                                                   | mask_fifo_mask_reg                                                                       | User Attribute | 64 x 2               | RAM64M8 x 1    | 
|dma_if_pcie_wr                                                   | op_table_len_reg                                                                         | User Attribute | 32 x 2               | RAM32X1D x 2   | 
|dma_if_pcie_wr                                                   | op_table_pcie_addr_reg                                                                   | User Attribute | 32 x 64              | RAM32M16 x 5   | 
|dma_if_pcie_wr                                                   | op_table_zero_len_reg                                                                    | User Attribute | 32 x 1               | RAM32X1D x 1   | 
|dma_if_pcie_wr                                                   | op_table_tag_reg                                                                         | User Attribute | 32 x 16              | RAM32M16 x 2   | 
|fpga                                                             | dma_client_axis_source_inst/out_fifo_tdata_reg                                           | User Attribute | 32 x 128             | RAM32M16 x 10  | 
|fpga                                                             | dma_client_axis_source_inst/out_fifo_tlast_reg                                           | User Attribute | 32 x 1               | RAM32X1D x 1   | 
|fpga                                                             | dma_client_axis_source_inst/out_fifo_tid_reg                                             | User Attribute | 32 x 6               | RAM32M16 x 1   | 
|fpga                                                             | desc_table_sel_reg                                                                       | User Attribute | 32 x 1               | RAM32X1D x 1   | 
|fpga                                                             | desc_table_log_desc_block_size_reg                                                       | User Attribute | 32 x 2               | RAM32X1D x 2   | 
|fpga                                                             | desc_table_queue_op_tag_reg                                                              | User Attribute | 32 x 6               | RAM32M16 x 1   | 
|fpga                                                             | desc_table_tag_reg                                                                       | User Attribute | 32 x 6               | RAM32M16 x 1   | 
|tx_engine_inst                                                   | desc_table_len_reg                                                                       | User Attribute | 32 x 16              | RAM32M16 x 8   | 
|tx_engine_inst                                                   | desc_table_read_commit_reg                                                               | User Attribute | 32 x 1               | RAM32X1D x 1   | 
|tx_engine_inst                                                   | desc_table_read_count_finish_reg                                                         | User Attribute | 32 x 4               | RAM32M16 x 2   | 
|tx_engine_inst                                                   | desc_table_read_count_start_reg                                                          | User Attribute | 32 x 4               | RAM32X1D x 4   | 
|tx_engine_inst                                                   | desc_table_tx_done_a_reg                                                                 | User Attribute | 32 x 1               | RAM32X1D x 2   | 
|tx_engine_inst                                                   | desc_table_tx_done_b_reg                                                                 | User Attribute | 32 x 1               | RAM32X1D x 2   | 
|tx_engine_inst                                                   | desc_table_tag_reg                                                                       | User Attribute | 32 x 5               | RAM32M16 x 2   | 
|tx_engine_inst                                                   | desc_table_queue_ptr_reg                                                                 | User Attribute | 32 x 16              | RAM32M16 x 2   | 
|tx_engine_inst                                                   | desc_table_ptp_ts_reg                                                                    | User Attribute | 32 x 48              | RAM32M16 x 4   | 
|tx_engine_inst                                                   | desc_table_csum_start_reg                                                                | User Attribute | 32 x 7               | RAM32M16 x 1   | 
|tx_engine_inst                                                   | desc_table_csum_offset_reg                                                               | User Attribute | 32 x 7               | RAM32M16 x 1   | 
|tx_engine_inst                                                   | desc_table_buf_ptr_reg                                                                   | User Attribute | 32 x 16              | RAM32M16 x 4   | 
|tx_engine_inst                                                   | desc_table_cpl_queue_reg                                                                 | User Attribute | 32 x 14              | RAM32M16 x 1   | 
|tx_engine_inst                                                   | desc_table_queue_reg                                                                     | User Attribute | 32 x 13              | RAM32M16 x 2   | 
|tx_engine_inst                                                   | desc_table_dest_reg                                                                      | User Attribute | 32 x 4               | RAM32M16 x 2   | 
|tx_engine_inst                                                   | desc_table_csum_enable_reg                                                               | User Attribute | 32 x 1               | RAM32X1D x 1   | 
|\egress_inst/tx_checksum_inst                                    | csum_fifo/mem_reg                                                                        | Implied        | 64 x 25              | RAM64M8 x 4    | 
|mqnic_interface_tx__GCM0                                         | egress_inst/tx_csum_cmd_fifo/mem_reg                                                     | Implied        | 32 x 17              | RAM32M16 x 2   | 
|mqnic_interface_tx__GCM0                                         | dma_client_axis_source_inst/out_fifo_tdata_reg                                           | User Attribute | 32 x 128             | RAM32M16 x 10  | 
|mqnic_interface_tx__GCM0                                         | dma_client_axis_source_inst/out_fifo_tkeep_reg                                           | User Attribute | 32 x 16              | RAM32M16 x 2   | 
|mqnic_interface_tx__GCM0                                         | dma_client_axis_source_inst/out_fifo_tlast_reg                                           | User Attribute | 32 x 1               | RAM32X1D x 1   | 
|mqnic_interface_tx__GCM0                                         | dma_client_axis_source_inst/out_fifo_tid_reg                                             | User Attribute | 32 x 13              | RAM32M16 x 1   | 
|mqnic_interface_tx__GCM0                                         | dma_client_axis_source_inst/out_fifo_tdest_reg                                           | User Attribute | 32 x 4               | RAM32M16 x 1   | 
|mqnic_interface_tx__GCM0                                         | dma_client_axis_source_inst/out_fifo_tuser_reg                                           | User Attribute | 32 x 17              | RAM32M16 x 2   | 
|rx_engine_inst                                                   | desc_table_dma_len_reg                                                                   | User Attribute | 32 x 16              | RAM32M16 x 4   | 
|rx_engine_inst                                                   | desc_table_buf_ptr_reg                                                                   | User Attribute | 32 x 18              | RAM32M16 x 4   | 
|rx_engine_inst                                                   | desc_table_queue_ptr_reg                                                                 | User Attribute | 32 x 16              | RAM32M16 x 2   | 
|rx_engine_inst                                                   | desc_table_ptp_ts_reg                                                                    | User Attribute | 32 x 48              | RAM32M16 x 4   | 
|rx_engine_inst                                                   | desc_table_csum_reg                                                                      | User Attribute | 32 x 16              | RAM32M16 x 2   | 
|rx_engine_inst                                                   | desc_table_hash_reg                                                                      | User Attribute | 32 x 32              | RAM32M16 x 3   | 
|rx_engine_inst                                                   | desc_table_hash_type_reg                                                                 | User Attribute | 32 x 4               | RAM32M16 x 1   | 
|rx_engine_inst                                                   | desc_table_id_reg                                                                        | User Attribute | 32 x 1               | RAM32X1D x 1   | 
|rx_engine_inst                                                   | desc_table_queue_reg                                                                     | User Attribute | 32 x 8               | RAM32M16 x 2   | 
|rx_engine_inst                                                   | desc_table_cpl_queue_reg                                                                 | User Attribute | 32 x 14              | RAM32M16 x 1   | 
|ingress_inst                                                     | rx_hash_data_fifo/mem_reg                                                                | Implied        | 32 x 252             | RAM32M16 x 18  | 
|ingress_inst                                                     | rx_hash_fifo/mem_reg                                                                     | Implied        | 32 x 36              | RAM32M16 x 3   | 
|ingress_inst                                                     | rx_csum_fifo/mem_reg                                                                     | Implied        | 32 x 16              | RAM32M16 x 2   | 
|dma_client_axis_sink_inst                                        | status_fifo_mask_reg                                                                     | Implied        | 32 x 2               | RAM32X1D x 2   | 
|dma_client_axis_sink_inst                                        | status_fifo_last_reg                                                                     | Implied        | 32 x 1               | RAM32X1D x 1   | 
|dma_client_axis_sink_inst                                        | status_fifo_len_reg                                                                      | Implied        | 32 x 16              | RAM32M16 x 2   | 
|dma_client_axis_sink_inst                                        | status_fifo_tag_reg                                                                      | Implied        | 32 x 5               | RAM32M16 x 1   | 
|dma_client_axis_sink_inst                                        | status_fifo_id_reg                                                                       | Implied        | 32 x 1               | RAM32X1D x 1   | 
|dma_client_axis_sink_inst                                        | status_fifo_dest_reg                                                                     | Implied        | 32 x 9               | RAM32M16 x 1   | 
|dma_client_axis_sink_inst                                        | status_fifo_user_reg                                                                     | Implied        | 32 x 133             | RAM32M16 x 10  | 
|dma_client_axis_sink_inst                                        | genblk1[0].out_fifo_wr_cmd_be_reg                                                        | User Attribute | 32 x 64              | RAM32M16 x 5   | 
|dma_client_axis_sink_inst                                        | genblk1[1].out_fifo_wr_cmd_be_reg                                                        | User Attribute | 32 x 64              | RAM32M16 x 5   | 
|dma_client_axis_sink_inst                                        | genblk1[0].out_fifo_wr_cmd_addr_reg                                                      | User Attribute | 32 x 10              | RAM32M16 x 1   | 
|dma_client_axis_sink_inst                                        | genblk1[1].out_fifo_wr_cmd_addr_reg                                                      | User Attribute | 32 x 10              | RAM32M16 x 1   | 
|dma_client_axis_sink_inst                                        | genblk1[0].out_fifo_wr_cmd_data_reg                                                      | User Attribute | 32 x 512             | RAM32M16 x 37  | 
|dma_client_axis_sink_inst                                        | genblk1[1].out_fifo_wr_cmd_data_reg                                                      | User Attribute | 32 x 512             | RAM32M16 x 37  | 
|\sched[0].scheduler_block                                        | tx_scheduler_inst/doorbell_fifo/mem_reg                                                  | Implied        | 256 x 13             | RAM64M8 x 8    | 
|\sched[0].scheduler_block                                        | tx_scheduler_inst/op_table_queue_reg                                                     | User Attribute | 32 x 13              | RAM32M16 x 2   | 
|\sched[0].scheduler_block                                        | tx_scheduler_inst/op_table_prev_index_reg                                                | User Attribute | 32 x 5               | RAM32M16 x 1   | 
|\sched[0].scheduler_block                                        | tx_scheduler_inst/op_table_next_index_reg                                                | User Attribute | 32 x 5               | RAM32M16 x 1   | 
|\sched[0].scheduler_block                                        | tx_scheduler_inst/op_table_is_head_reg                                                   | User Attribute | 32 x 1               | RAM32X1D x 1   | 
|\sched[0].scheduler_block                                        | tx_scheduler_inst/finish_fifo_tag_reg                                                    | User Attribute | 32 x 5               | RAM32M16 x 1   | 
|\sched[0].scheduler_block                                        | tx_scheduler_inst/finish_fifo_status_reg                                                 | User Attribute | 32 x 1               | RAM32X1D x 1   | 
|\port[0].port_inst                                               | port_tx_inst/tx_cpl_fifo_inst/mem_reg                                                    | Implied        | 32 x 112             | RAM32M16 x 8   | 
|\port[0].port_inst                                               | port_tx_inst/tx_async_fifo_inst/fifo_inst/mem_reg                                        | Implied        | 32 x 162             | RAM32M16 x 12  | 
|\port[0].port_inst                                               | port_rx_inst/rx_async_fifo_inst/fifo_inst/mem_reg                                        | Implied        | 32 x 242             | RAM32M16 x 18  | 
|\axil_crossbar_inst/axil_crossbar_wr_inst                        | s_ifaces[0].fifo_select_reg                                                              | User Attribute | 32 x 3               | RAM32M16 x 1   | 
|\axil_crossbar_inst/axil_crossbar_wr_inst                        | s_ifaces[0].fifo_decerr_reg                                                              | User Attribute | 32 x 1               | RAM32X1D x 1   | 
|\axil_crossbar_inst/axil_crossbar_rd_inst                        | s_ifaces[0].fifo_select_reg                                                              | User Attribute | 32 x 3               | RAM32M16 x 1   | 
|\axil_crossbar_inst/axil_crossbar_rd_inst                        | s_ifaces[0].fifo_decerr_reg                                                              | User Attribute | 32 x 1               | RAM32X1D x 1   | 
|cq_eq_dma_if_mux_wr_inst                                         | dma_ram_demux_inst/genblk1[0].fifo_sel_reg                                               | User Attribute | 32 x 1               | RAM32X1D x 1   | 
|cq_eq_dma_if_mux_wr_inst                                         | dma_ram_demux_inst/genblk1[1].fifo_sel_reg                                               | User Attribute | 32 x 1               | RAM32X1D x 1   | 
|cq_eq_dma_if_mux_wr_inst                                         | dma_ram_demux_inst/genblk1[0].out_fifo_rd_resp_data_reg                                  | User Attribute | 32 x 512             | RAM32M16 x 37  | 
|event_write_inst                                                 | desc_table_queue_op_tag_reg                                                              | User Attribute | 32 x 6               | RAM32M16 x 1   | 
|event_write_inst                                                 | desc_table_data_reg                                                                      | User Attribute | 32 x 255             | RAM32M16 x 19  | 
|event_write_inst                                                 | desc_table_phase_reg                                                                     | User Attribute | 32 x 1               | RAM32X1D x 1   | 
|cpl_write_inst                                                   | desc_table_tag_reg                                                                       | User Attribute | 32 x 7               | RAM32M16 x 1   | 
|cpl_write_inst                                                   | desc_table_queue_op_tag_reg                                                              | User Attribute | 32 x 6               | RAM32M16 x 1   | 
|cpl_write_inst                                                   | desc_table_data_reg                                                                      | User Attribute | 32 x 255             | RAM32M16 x 19  | 
|cpl_write_inst                                                   | desc_table_phase_reg                                                                     | User Attribute | 32 x 1               | RAM32X1D x 1   | 
|tx_qm_inst                                                       | op_table_queue_reg                                                                       | User Attribute | 32 x 13              | RAM32M16 x 2   | 
|tx_qm_inst                                                       | op_table_queue_ptr_reg                                                                   | User Attribute | 32 x 16              | RAM32M16 x 4   | 
|rx_qm_inst                                                       | op_table_queue_reg                                                                       | User Attribute | 32 x 8               | RAM32M16 x 2   | 
|rx_qm_inst                                                       | op_table_queue_ptr_reg                                                                   | User Attribute | 32 x 16              | RAM32M16 x 4   | 
|cqm_inst                                                         | op_table_queue_reg                                                                       | User Attribute | 32 x 14              | RAM32M16 x 2   | 
|cqm_inst                                                         | op_table_queue_ptr_reg                                                                   | User Attribute | 32 x 16              | RAM32M16 x 4   | 
|event_queue_manager_inst                                         | op_table_queue_reg                                                                       | User Attribute | 32 x 6               | RAM32M16 x 2   | 
|event_queue_manager_inst                                         | op_table_queue_ptr_reg                                                                   | User Attribute | 32 x 16              | RAM32M16 x 4   | 
|mqnic_interface__xdcDup__1__GCB2                                 | irq_fifo/mem_reg                                                                         | Implied        | 128 x 6              | RAM64M8 x 2    | 
|\sched[0].scheduler_block                                        | tx_scheduler_inst/doorbell_fifo/mem_reg                                                  | Implied        | 256 x 13             | RAM64M8 x 8    | 
|\sched[0].scheduler_block                                        | tx_scheduler_inst/op_table_queue_reg                                                     | User Attribute | 32 x 13              | RAM32M16 x 2   | 
|\sched[0].scheduler_block                                        | tx_scheduler_inst/op_table_prev_index_reg                                                | User Attribute | 32 x 5               | RAM32M16 x 1   | 
|\sched[0].scheduler_block                                        | tx_scheduler_inst/op_table_next_index_reg                                                | User Attribute | 32 x 5               | RAM32M16 x 1   | 
|\sched[0].scheduler_block                                        | tx_scheduler_inst/op_table_is_head_reg                                                   | User Attribute | 32 x 1               | RAM32X1D x 1   | 
|\sched[0].scheduler_block                                        | tx_scheduler_inst/finish_fifo_tag_reg                                                    | User Attribute | 32 x 5               | RAM32M16 x 1   | 
|\sched[0].scheduler_block                                        | tx_scheduler_inst/finish_fifo_status_reg                                                 | User Attribute | 32 x 1               | RAM32X1D x 1   | 
|\port[0].port_inst                                               | port_tx_inst/tx_cpl_fifo_inst/mem_reg                                                    | Implied        | 32 x 112             | RAM32M16 x 8   | 
|\port[0].port_inst                                               | port_tx_inst/tx_async_fifo_inst/fifo_inst/mem_reg                                        | Implied        | 32 x 162             | RAM32M16 x 12  | 
|\port[0].port_inst                                               | port_rx_inst/rx_async_fifo_inst/fifo_inst/mem_reg                                        | Implied        | 32 x 242             | RAM32M16 x 18  | 
|\axil_crossbar_inst/axil_crossbar_wr_inst                        | s_ifaces[0].fifo_select_reg                                                              | User Attribute | 32 x 3               | RAM32M16 x 1   | 
|\axil_crossbar_inst/axil_crossbar_wr_inst                        | s_ifaces[0].fifo_decerr_reg                                                              | User Attribute | 32 x 1               | RAM32X1D x 1   | 
|\axil_crossbar_inst/axil_crossbar_rd_inst                        | s_ifaces[0].fifo_select_reg                                                              | User Attribute | 32 x 3               | RAM32M16 x 1   | 
|\axil_crossbar_inst/axil_crossbar_rd_inst                        | s_ifaces[0].fifo_decerr_reg                                                              | User Attribute | 32 x 1               | RAM32X1D x 1   | 
|cq_eq_dma_if_mux_wr_inst                                         | dma_ram_demux_inst/genblk1[0].fifo_sel_reg                                               | User Attribute | 32 x 1               | RAM32X1D x 1   | 
|cq_eq_dma_if_mux_wr_inst                                         | dma_ram_demux_inst/genblk1[1].fifo_sel_reg                                               | User Attribute | 32 x 1               | RAM32X1D x 1   | 
|cq_eq_dma_if_mux_wr_inst                                         | dma_ram_demux_inst/genblk1[0].out_fifo_rd_resp_data_reg                                  | User Attribute | 32 x 512             | RAM32M16 x 37  | 
|event_write_inst                                                 | desc_table_queue_op_tag_reg                                                              | User Attribute | 32 x 6               | RAM32M16 x 1   | 
|event_write_inst                                                 | desc_table_data_reg                                                                      | User Attribute | 32 x 255             | RAM32M16 x 19  | 
|event_write_inst                                                 | desc_table_phase_reg                                                                     | User Attribute | 32 x 1               | RAM32X1D x 1   | 
|cpl_write_inst                                                   | desc_table_tag_reg                                                                       | User Attribute | 32 x 7               | RAM32M16 x 1   | 
|cpl_write_inst                                                   | desc_table_queue_op_tag_reg                                                              | User Attribute | 32 x 6               | RAM32M16 x 1   | 
|cpl_write_inst                                                   | desc_table_data_reg                                                                      | User Attribute | 32 x 255             | RAM32M16 x 19  | 
|cpl_write_inst                                                   | desc_table_phase_reg                                                                     | User Attribute | 32 x 1               | RAM32X1D x 1   | 
|tx_qm_inst                                                       | op_table_queue_reg                                                                       | User Attribute | 32 x 13              | RAM32M16 x 2   | 
|tx_qm_inst                                                       | op_table_queue_ptr_reg                                                                   | User Attribute | 32 x 16              | RAM32M16 x 4   | 
|rx_qm_inst                                                       | op_table_queue_reg                                                                       | User Attribute | 32 x 8               | RAM32M16 x 2   | 
|rx_qm_inst                                                       | op_table_queue_ptr_reg                                                                   | User Attribute | 32 x 16              | RAM32M16 x 4   | 
|cqm_inst                                                         | op_table_queue_reg                                                                       | User Attribute | 32 x 14              | RAM32M16 x 2   | 
|cqm_inst                                                         | op_table_queue_ptr_reg                                                                   | User Attribute | 32 x 16              | RAM32M16 x 4   | 
|event_queue_manager_inst                                         | op_table_queue_reg                                                                       | User Attribute | 32 x 6               | RAM32M16 x 2   | 
|event_queue_manager_inst                                         | op_table_queue_ptr_reg                                                                   | User Attribute | 32 x 16              | RAM32M16 x 4   | 
|mqnic_interface__GCB2                                            | irq_fifo/mem_reg                                                                         | Implied        | 128 x 6              | RAM64M8 x 2    | 
|irq_rate_limit_inst                                              | mem_reg_reg                                                                              | Implied        | 64 x 19              | RAM64X1S x 19  | 
|dma_if_mux_inst/dma_if_mux_rd_inst                               | dma_ram_demux_inst/genblk1[0].fifo_sel_reg                                               | User Attribute | 32 x 1               | RAM32X1D x 1   | 
|dma_if_mux_inst/dma_if_mux_rd_inst                               | dma_ram_demux_inst/genblk1[1].fifo_sel_reg                                               | User Attribute | 32 x 1               | RAM32X1D x 1   | 
|dma_if_mux_inst/dma_if_mux_wr_inst                               | dma_ram_demux_inst/genblk1[0].fifo_sel_reg                                               | User Attribute | 32 x 1               | RAM32X1D x 1   | 
|dma_if_mux_inst/dma_if_mux_wr_inst                               | dma_ram_demux_inst/genblk1[1].fifo_sel_reg                                               | User Attribute | 32 x 1               | RAM32X1D x 1   | 
|dma_if_mux_inst/dma_if_mux_wr_inst                               | dma_ram_demux_inst/genblk1[0].out_fifo_rd_resp_data_reg                                  | User Attribute | 32 x 512             | RAM32M16 x 37  | 
|dma_if_mux_inst/dma_if_mux_wr_inst                               | dma_ram_demux_inst/genblk1[1].out_fifo_rd_resp_data_reg                                  | User Attribute | 32 x 512             | RAM32M16 x 37  | 
|axil_csr_crossbar_inst                                           | axil_crossbar_wr_inst/m_ifaces[0].fifo_select_reg                                        | User Attribute | 32 x 1               | RAM32X1D x 1   | 
|axil_csr_crossbar_inst                                           | axil_crossbar_wr_inst/m_ifaces[1].fifo_select_reg                                        | User Attribute | 32 x 1               | RAM32X1D x 1   | 
|axil_csr_crossbar_inst                                           | axil_crossbar_wr_inst/m_ifaces[2].fifo_select_reg                                        | User Attribute | 32 x 1               | RAM32X1D x 1   | 
|axil_csr_crossbar_inst                                           | axil_crossbar_wr_inst/s_ifaces[0].fifo_select_reg                                        | User Attribute | 32 x 2               | RAM32X1D x 2   | 
|axil_csr_crossbar_inst                                           | axil_crossbar_wr_inst/s_ifaces[1].fifo_select_reg                                        | User Attribute | 32 x 2               | RAM32X1D x 2   | 
|axil_csr_crossbar_inst                                           | axil_crossbar_wr_inst/s_ifaces[1].fifo_decerr_reg                                        | User Attribute | 32 x 1               | RAM32X1D x 1   | 
|axil_csr_crossbar_inst                                           | axil_crossbar_wr_inst/s_ifaces[0].fifo_decerr_reg                                        | User Attribute | 32 x 1               | RAM32X1D x 1   | 
|axil_csr_crossbar_inst                                           | axil_crossbar_rd_inst/m_ifaces[0].fifo_select_reg                                        | User Attribute | 32 x 1               | RAM32X1D x 1   | 
|axil_csr_crossbar_inst                                           | axil_crossbar_rd_inst/m_ifaces[1].fifo_select_reg                                        | User Attribute | 32 x 1               | RAM32X1D x 1   | 
|axil_csr_crossbar_inst                                           | axil_crossbar_rd_inst/m_ifaces[2].fifo_select_reg                                        | User Attribute | 32 x 1               | RAM32X1D x 1   | 
|axil_csr_crossbar_inst                                           | axil_crossbar_rd_inst/s_ifaces[0].fifo_select_reg                                        | User Attribute | 32 x 2               | RAM32X1D x 2   | 
|axil_csr_crossbar_inst                                           | axil_crossbar_rd_inst/s_ifaces[0].fifo_decerr_reg                                        | User Attribute | 32 x 1               | RAM32X1D x 1   | 
|axil_csr_crossbar_inst                                           | axil_crossbar_rd_inst/s_ifaces[1].fifo_select_reg                                        | User Attribute | 32 x 2               | RAM32X1D x 2   | 
|axil_csr_crossbar_inst                                           | axil_crossbar_rd_inst/s_ifaces[1].fifo_decerr_reg                                        | User Attribute | 32 x 1               | RAM32X1D x 1   | 
|axil_crossbar_inst                                               | axil_crossbar_wr_inst/s_ifaces[0].fifo_select_reg                                        | User Attribute | 32 x 1               | RAM32X1D x 1   | 
|axil_crossbar_inst                                               | axil_crossbar_rd_inst/s_ifaces[0].fifo_select_reg                                        | User Attribute | 32 x 1               | RAM32X1D x 1   | 
|\dma_if_mux.dma_if_mux_data_inst /dma_if_mux_rd_inst             | dma_ram_demux_inst/genblk1[0].fifo_sel_reg                                               | User Attribute | 32 x 1               | RAM32X1D x 1   | 
|\dma_if_mux.dma_if_mux_data_inst /dma_if_mux_rd_inst             | dma_ram_demux_inst/genblk1[1].fifo_sel_reg                                               | User Attribute | 32 x 1               | RAM32X1D x 1   | 
|\dma_if_mux.dma_if_mux_data_inst /dma_if_mux_wr_inst             | dma_ram_demux_inst/genblk1[0].fifo_sel_reg                                               | User Attribute | 32 x 1               | RAM32X1D x 1   | 
|\dma_if_mux.dma_if_mux_data_inst /dma_if_mux_wr_inst             | dma_ram_demux_inst/genblk1[1].fifo_sel_reg                                               | User Attribute | 32 x 1               | RAM32X1D x 1   | 
|\dma_if_mux.dma_if_mux_data_inst /dma_if_mux_wr_inst             | dma_ram_demux_inst/genblk1[0].out_fifo_rd_resp_data_reg                                  | User Attribute | 32 x 512             | RAM32M16 x 37  | 
|\dma_if_mux.dma_if_mux_data_inst /dma_if_mux_wr_inst             | dma_ram_demux_inst/genblk1[1].out_fifo_rd_resp_data_reg                                  | User Attribute | 32 x 512             | RAM32M16 x 37  | 
|\dma_if_mux.dma_if_mux_ctrl_inst /dma_if_mux_rd_inst             | dma_ram_demux_inst/genblk1[0].fifo_sel_reg                                               | User Attribute | 32 x 1               | RAM32X1D x 1   | 
|\dma_if_mux.dma_if_mux_ctrl_inst /dma_if_mux_rd_inst             | dma_ram_demux_inst/genblk1[1].fifo_sel_reg                                               | User Attribute | 32 x 1               | RAM32X1D x 1   | 
|\dma_if_mux.dma_if_mux_ctrl_inst /dma_if_mux_wr_inst             | dma_ram_demux_inst/genblk1[0].fifo_sel_reg                                               | User Attribute | 32 x 1               | RAM32X1D x 1   | 
|\dma_if_mux.dma_if_mux_ctrl_inst /dma_if_mux_wr_inst             | dma_ram_demux_inst/genblk1[1].fifo_sel_reg                                               | User Attribute | 32 x 1               | RAM32X1D x 1   | 
|\dma_if_mux.dma_if_mux_ctrl_inst /dma_if_mux_wr_inst             | dma_ram_demux_inst/genblk1[0].out_fifo_rd_resp_data_reg                                  | User Attribute | 32 x 512             | RAM32M16 x 37  | 
|\dma_if_mux.dma_if_mux_ctrl_inst /dma_if_mux_wr_inst             | dma_ram_demux_inst/genblk1[1].out_fifo_rd_resp_data_reg                                  | User Attribute | 32 x 512             | RAM32M16 x 37  | 
|\stats_pcie_if.stats_pcie_if_inst/stats_collect_inst             | mem_reg_reg                                                                              | User Attribute | 32 x 24              | RAM32X1S x 24  | 
|\stats_dma_if_pcie.stats_dma_if_pcie_inst/stats_collect_tx_inst  | mem_reg_reg                                                                              | User Attribute | 32 x 24              | RAM32X1S x 24  | 
|pcie_axil_master_inst                                            | resp_fifo_op_read_reg                                                                    | User Attribute | 32 x 1               | RAM32X1D x 1   | 
|pcie_axil_master_inst                                            | resp_fifo_first_reg                                                                      | User Attribute | 32 x 1               | RAM32X1D x 1   | 
|pcie_axil_master_inst                                            | resp_fifo_last_reg                                                                       | User Attribute | 32 x 1               | RAM32X1D x 1   | 
|pcie_axil_master_inst                                            | resp_fifo_op_write_reg                                                                   | User Attribute | 32 x 1               | RAM32X1D x 1   | 
|pcie_axil_master_inst                                            | resp_fifo_lower_addr_reg                                                                 | User Attribute | 32 x 7               | RAM32M16 x 1   | 
|pcie_axil_master_inst                                            | resp_fifo_tag_reg                                                                        | User Attribute | 32 x 10              | RAM32M16 x 1   | 
|pcie_axil_master_inst                                            | resp_fifo_requester_id_reg                                                               | User Attribute | 32 x 16              | RAM32M16 x 2   | 
|pcie_axil_master_inst                                            | resp_fifo_byte_count_reg                                                                 | User Attribute | 32 x 12              | RAM32M16 x 1   | 
|pcie_axil_master_inst                                            | resp_fifo_cpl_status_reg                                                                 | User Attribute | 32 x 1               | RAM32M16 x 1   | 
|pcie_axil_master_inst                                            | resp_fifo_dword_count_reg                                                                | User Attribute | 32 x 6               | RAM32M16 x 1   | 
|pcie_axil_master_inst                                            | resp_fifo_attr_reg                                                                       | User Attribute | 32 x 3               | RAM32M16 x 1   | 
|pcie_axil_master_inst                                            | resp_fifo_tc_reg                                                                         | User Attribute | 32 x 3               | RAM32M16 x 1   | 
|mqnic_core_pcie__GC0                                             | stats_dma_if_pcie.stats_dma_if_pcie_inst/stats_dma_latency_rd_op_inst/len_mem_reg_reg    | User Attribute | 256 x 16             | RAM64M8 x 12   | 
|mqnic_core_pcie__GC0                                             | stats_dma_if_pcie.stats_dma_if_pcie_inst/stats_dma_latency_rd_op_inst/count_mem_reg_reg  | User Attribute | 256 x 16             | RAM64M8 x 12   | 
|mqnic_core_pcie__GC0                                             | stats_dma_if_pcie.stats_dma_if_pcie_inst/stats_dma_latency_rd_req_inst/count_mem_reg_reg | User Attribute | 256 x 16             | RAM64M8 x 12   | 
|mqnic_core_pcie__GC0                                             | stats_dma_if_pcie.stats_dma_if_pcie_inst/stats_dma_latency_wr_op_inst/len_mem_reg_reg    | User Attribute | 32 x 16              | RAM32M16 x 2   | 
|mqnic_core_pcie__GC0                                             | stats_dma_if_pcie.stats_dma_if_pcie_inst/stats_dma_latency_wr_op_inst/count_mem_reg_reg  | User Attribute | 32 x 16              | RAM32M16 x 2   | 
|mqnic_core_pcie__GC0                                             | stats_dma_if_pcie.stats_dma_if_pcie_inst/stats_dma_latency_wr_req_inst/count_mem_reg_reg | User Attribute | 32 x 16              | RAM32M16 x 2   | 
+-----------------------------------------------------------------+------------------------------------------------------------------------------------------+----------------+----------------------+----------------+

Note: The table above is a preliminary report that shows the Distributed RAMs at the current stage of the synthesis flow. Some Distributed RAMs may be reimplemented as non Distributed RAM primitives later in the synthesis flow. Multiple instantiated RAMs are reported only once.
---------------------------------------------------------------------------------
Finished ROM, RAM, DSP, Shift Register and Retiming Reporting
---------------------------------------------------------------------------------
---------------------------------------------------------------------------------
Start Applying XDC Timing Constraints
---------------------------------------------------------------------------------
WARNING: [Synth 8-3321] set_false_path : Empty to list for constraint at line 23 of /home/keshav/Documents/Workspace/corundum/fpga/mqnic/ADM_PCIE_9V3/fpga_25g/lib/axis/syn/vivado/sync_reset.tcl. [/home/keshav/Documents/Workspace/corundum/fpga/mqnic/ADM_PCIE_9V3/fpga_25g/lib/axis/syn/vivado/sync_reset.tcl:23]
WARNING: [Synth 8-3321] set_false_path : Empty to list for constraint at line 23 of /home/keshav/Documents/Workspace/corundum/fpga/mqnic/ADM_PCIE_9V3/fpga_25g/lib/axis/syn/vivado/sync_reset.tcl. [/home/keshav/Documents/Workspace/corundum/fpga/mqnic/ADM_PCIE_9V3/fpga_25g/lib/axis/syn/vivado/sync_reset.tcl:23]
WARNING: [Synth 8-3321] set_false_path : Empty to list for constraint at line 23 of /home/keshav/Documents/Workspace/corundum/fpga/mqnic/ADM_PCIE_9V3/fpga_25g/lib/axis/syn/vivado/sync_reset.tcl. [/home/keshav/Documents/Workspace/corundum/fpga/mqnic/ADM_PCIE_9V3/fpga_25g/lib/axis/syn/vivado/sync_reset.tcl:23]
WARNING: [Synth 8-3321] set_false_path : Empty to list for constraint at line 23 of /home/keshav/Documents/Workspace/corundum/fpga/mqnic/ADM_PCIE_9V3/fpga_25g/lib/axis/syn/vivado/sync_reset.tcl. [/home/keshav/Documents/Workspace/corundum/fpga/mqnic/ADM_PCIE_9V3/fpga_25g/lib/axis/syn/vivado/sync_reset.tcl:23]
WARNING: [Synth 8-3321] set_false_path : Empty to list for constraint at line 23 of /home/keshav/Documents/Workspace/corundum/fpga/mqnic/ADM_PCIE_9V3/fpga_25g/lib/axis/syn/vivado/sync_reset.tcl. [/home/keshav/Documents/Workspace/corundum/fpga/mqnic/ADM_PCIE_9V3/fpga_25g/lib/axis/syn/vivado/sync_reset.tcl:23]
WARNING: [Synth 8-3321] set_false_path : Empty to list for constraint at line 23 of /home/keshav/Documents/Workspace/corundum/fpga/mqnic/ADM_PCIE_9V3/fpga_25g/lib/axis/syn/vivado/sync_reset.tcl. [/home/keshav/Documents/Workspace/corundum/fpga/mqnic/ADM_PCIE_9V3/fpga_25g/lib/axis/syn/vivado/sync_reset.tcl:23]
WARNING: [Synth 8-3321] set_false_path : Empty to list for constraint at line 23 of /home/keshav/Documents/Workspace/corundum/fpga/mqnic/ADM_PCIE_9V3/fpga_25g/lib/axis/syn/vivado/sync_reset.tcl. [/home/keshav/Documents/Workspace/corundum/fpga/mqnic/ADM_PCIE_9V3/fpga_25g/lib/axis/syn/vivado/sync_reset.tcl:23]
WARNING: [Synth 8-3321] set_false_path : Empty to list for constraint at line 23 of /home/keshav/Documents/Workspace/corundum/fpga/mqnic/ADM_PCIE_9V3/fpga_25g/lib/axis/syn/vivado/sync_reset.tcl. [/home/keshav/Documents/Workspace/corundum/fpga/mqnic/ADM_PCIE_9V3/fpga_25g/lib/axis/syn/vivado/sync_reset.tcl:23]
WARNING: [Synth 8-3321] set_false_path : Empty to list for constraint at line 23 of /home/keshav/Documents/Workspace/corundum/fpga/mqnic/ADM_PCIE_9V3/fpga_25g/lib/axis/syn/vivado/sync_reset.tcl. [/home/keshav/Documents/Workspace/corundum/fpga/mqnic/ADM_PCIE_9V3/fpga_25g/lib/axis/syn/vivado/sync_reset.tcl:23]
WARNING: [Synth 8-3321] set_false_path : Empty to list for constraint at line 23 of /home/keshav/Documents/Workspace/corundum/fpga/mqnic/ADM_PCIE_9V3/fpga_25g/lib/axis/syn/vivado/sync_reset.tcl. [/home/keshav/Documents/Workspace/corundum/fpga/mqnic/ADM_PCIE_9V3/fpga_25g/lib/axis/syn/vivado/sync_reset.tcl:23]
WARNING: [Synth 8-3321] set_false_path : Empty to list for constraint at line 23 of /home/keshav/Documents/Workspace/corundum/fpga/mqnic/ADM_PCIE_9V3/fpga_25g/lib/axis/syn/vivado/sync_reset.tcl. [/home/keshav/Documents/Workspace/corundum/fpga/mqnic/ADM_PCIE_9V3/fpga_25g/lib/axis/syn/vivado/sync_reset.tcl:23]
WARNING: [Synth 8-3321] set_false_path : Empty to list for constraint at line 23 of /home/keshav/Documents/Workspace/corundum/fpga/mqnic/ADM_PCIE_9V3/fpga_25g/lib/axis/syn/vivado/sync_reset.tcl. [/home/keshav/Documents/Workspace/corundum/fpga/mqnic/ADM_PCIE_9V3/fpga_25g/lib/axis/syn/vivado/sync_reset.tcl:23]
WARNING: [Synth 8-3321] set_false_path : Empty to list for constraint at line 6 of /home/keshav/Documents/Workspace/corundum/fpga/common/syn/vivado/mqnic_port.tcl. [/home/keshav/Documents/Workspace/corundum/fpga/common/syn/vivado/mqnic_port.tcl:6]
WARNING: [Synth 8-3321] set_false_path : Empty to list for constraint at line 6 of /home/keshav/Documents/Workspace/corundum/fpga/common/syn/vivado/mqnic_port.tcl. [/home/keshav/Documents/Workspace/corundum/fpga/common/syn/vivado/mqnic_port.tcl:6]
WARNING: [Synth 8-3321] set_false_path : Empty to list for constraint at line 6 of /home/keshav/Documents/Workspace/corundum/fpga/common/syn/vivado/mqnic_port.tcl. [/home/keshav/Documents/Workspace/corundum/fpga/common/syn/vivado/mqnic_port.tcl:6]
WARNING: [Synth 8-3321] set_false_path : Empty to list for constraint at line 6 of /home/keshav/Documents/Workspace/corundum/fpga/common/syn/vivado/mqnic_port.tcl. [/home/keshav/Documents/Workspace/corundum/fpga/common/syn/vivado/mqnic_port.tcl:6]
---------------------------------------------------------------------------------
Finished Applying XDC Timing Constraints : Time (s): cpu = 00:04:26 ; elapsed = 00:04:17 . Memory (MB): peak = 7709.816 ; gain = 4982.488 ; free physical = 34832 ; free virtual = 80080
---------------------------------------------------------------------------------
---------------------------------------------------------------------------------
Start Timing Optimization
---------------------------------------------------------------------------------
WARNING: [Synth 8-13374] Removed Unreachable instance pcie_if_insti_12/pcie_us_if_cq_insti_1 containing BRAMs/URAMs in constant propagation
WARNING: [Synth 8-13374] Removed Unreachable instance pcie_if_insti_12/pcie_us_if_cq_insti_3 containing BRAMs/URAMs in constant propagation
WARNING: [Synth 8-13374] Removed Unreachable instance pcie_if_insti_12/pcie_us_if_cq_insti_4 containing BRAMs/URAMs in constant propagation
WARNING: [Synth 8-13374] Removed Unreachable instance pcie_if_insti_11/pcie_us_if_rc_inst/pcie_tlp_fifo_inst/i_1 containing BRAMs/URAMs in constant propagation
INFO: [Synth 8-5556] The block RAM "\iface[1].interface_insti_40 /\core_inst/core_inst/core_pcie_inst/core_inst/iface[1].interface_inst/sched[0].scheduler_block/tx_scheduler_inst/rr_fifo/mem_reg " may be mapped as a cascade chain, because it is not timing critical.
INFO: [Synth 8-7124] RAM ("\iface[1].interface_insti_40 /\core_inst/core_inst/core_pcie_inst/core_inst/iface[1].interface_inst/sched[0].scheduler_block/tx_scheduler_inst/rr_fifo/mem_reg ") is implemented using BRAM instead of URAM. Memory would be severely underutilized if URAMs are used
INFO: [Synth 8-5556] The block RAM "\iface[1].interface_insti_40 /\core_inst/core_inst/core_pcie_inst/core_inst/iface[1].interface_inst/sched[0].scheduler_block/tx_scheduler_inst/queue_ram_reg " may be mapped as a cascade chain, because it is not timing critical.
INFO: [Synth 8-7124] RAM ("\iface[1].interface_insti_40 /\core_inst/core_inst/core_pcie_inst/core_inst/iface[1].interface_inst/sched[0].scheduler_block/tx_scheduler_inst/queue_ram_reg ") is implemented using BRAM instead of URAM. Memory would be severely underutilized if URAMs are used
WARNING: [Synth 8-6841] Block RAM (tx_scheduler_inst/queue_ram_reg) originally specified as a Byte Wide Write Enable RAM cannot take advantage of ByteWide feature and is implemented with single write enable per RAM due to following reason.
(address width (13) is more than optimal threshold of 12. Implementing using BWWE will require more logic and timing would be suboptimal. Please use attribute ram_decomp = power if BWWE is desired.)
INFO: [Synth 8-7124] RAM ("\iface[1].interface_insti_40 /\core_inst/core_inst/core_pcie_inst/core_inst/iface[1].interface_inst/sched[0].scheduler_block/tx_scheduler_inst/queue_ram_reg ") is implemented using BRAM instead of URAM. Memory would be severely underutilized if URAMs are used
INFO: [Synth 8-7124] RAM ("\iface[1].interface_insti_40 /\core_inst/core_inst/core_pcie_inst/core_inst/iface[1].interface_inst/sched[0].scheduler_block/tx_scheduler_inst/queue_ram_reg ") is implemented using BRAM instead of URAM. Memory would be severely underutilized if URAMs are used
INFO: [Synth 8-5556] The block RAM "\iface[1].interface_insti_40 /\core_inst/core_inst/core_pcie_inst/core_inst/iface[1].interface_inst/tx_fifo_inst/fifo[0].fifo_inst/fifo_inst/mem_reg " may be mapped as a cascade chain, because it is not timing critical.
INFO: [Synth 8-7124] RAM ("\iface[1].interface_insti_40 /\core_inst/core_inst/core_pcie_inst/core_inst/iface[1].interface_inst/tx_fifo_inst/fifo[0].fifo_inst/fifo_inst/mem_reg ") is implemented using BRAM instead of URAM. Memory would be severely underutilized if URAMs are used
INFO: [Synth 8-5556] The block RAM "\iface[0].interface_insti_25 /\core_inst/core_inst/core_pcie_inst/core_inst/iface[0].interface_inst/sched[0].scheduler_block/tx_scheduler_inst/rr_fifo/mem_reg " may be mapped as a cascade chain, because it is not timing critical.
INFO: [Synth 8-7124] RAM ("\iface[0].interface_insti_25 /\core_inst/core_inst/core_pcie_inst/core_inst/iface[0].interface_inst/sched[0].scheduler_block/tx_scheduler_inst/rr_fifo/mem_reg ") is implemented using BRAM instead of URAM. Memory would be severely underutilized if URAMs are used
INFO: [Synth 8-5556] The block RAM "\iface[0].interface_insti_25 /\core_inst/core_inst/core_pcie_inst/core_inst/iface[0].interface_inst/sched[0].scheduler_block/tx_scheduler_inst/queue_ram_reg " may be mapped as a cascade chain, because it is not timing critical.
INFO: [Synth 8-7124] RAM ("\iface[0].interface_insti_25 /\core_inst/core_inst/core_pcie_inst/core_inst/iface[0].interface_inst/sched[0].scheduler_block/tx_scheduler_inst/queue_ram_reg ") is implemented using BRAM instead of URAM. Memory would be severely underutilized if URAMs are used
WARNING: [Synth 8-6841] Block RAM (tx_scheduler_inst/queue_ram_reg) originally specified as a Byte Wide Write Enable RAM cannot take advantage of ByteWide feature and is implemented with single write enable per RAM due to following reason.
(address width (13) is more than optimal threshold of 12. Implementing using BWWE will require more logic and timing would be suboptimal. Please use attribute ram_decomp = power if BWWE is desired.)
INFO: [Synth 8-7124] RAM ("\iface[0].interface_insti_25 /\core_inst/core_inst/core_pcie_inst/core_inst/iface[0].interface_inst/sched[0].scheduler_block/tx_scheduler_inst/queue_ram_reg ") is implemented using BRAM instead of URAM. Memory would be severely underutilized if URAMs are used
INFO: [Synth 8-7124] RAM ("\iface[0].interface_insti_25 /\core_inst/core_inst/core_pcie_inst/core_inst/iface[0].interface_inst/sched[0].scheduler_block/tx_scheduler_inst/queue_ram_reg ") is implemented using BRAM instead of URAM. Memory would be severely underutilized if URAMs are used
INFO: [Synth 8-5556] The block RAM "\iface[0].interface_insti_25 /\core_inst/core_inst/core_pcie_inst/core_inst/iface[0].interface_inst/tx_fifo_inst/fifo[0].fifo_inst/fifo_inst/mem_reg " may be mapped as a cascade chain, because it is not timing critical.
INFO: [Synth 8-7124] RAM ("\iface[0].interface_insti_25 /\core_inst/core_inst/core_pcie_inst/core_inst/iface[0].interface_inst/tx_fifo_inst/fifo[0].fifo_inst/fifo_inst/mem_reg ") is implemented using BRAM instead of URAM. Memory would be severely underutilized if URAMs are used
---------------------------------------------------------------------------------
Finished Timing Optimization : Time (s): cpu = 00:04:45 ; elapsed = 00:04:36 . Memory (MB): peak = 7709.816 ; gain = 4982.488 ; free physical = 34791 ; free virtual = 80047
---------------------------------------------------------------------------------
WARNING: [Synth 8-6057] Memory: "fifo[0].fifo_inst/fifo_inst/mem_reg" defined in module: "rx_fifo_inst" implemented as Ultra-Ram has no pipeline registers. It is recommended to use pipeline registers to achieve high performance.
WARNING: [Synth 8-6057] Memory: "fifo[0].fifo_inst/fifo_inst/mem_reg" defined in module: "rx_fifo_inst" implemented as Ultra-Ram has no pipeline registers. It is recommended to use pipeline registers to achieve high performance.
---------------------------------------------------------------------------------
Start ROM, RAM, DSP, Shift Register and Retiming Reporting
---------------------------------------------------------------------------------

Ultra RAM: Final Mapping Report
+-------------------+-------------------------------------+------------------------+---+---+------------------------+---+---+------------------+---------+--------------+--------------------------+-------------+
|Module Name        | RTL Object                          | PORT A (Depth x Width) | W | R | PORT B (Depth x Width) | W | R | Ports driving FF | URAM288 | Matrix Shape | FF provided for Pipeline | FF absorbed | 
+-------------------+-------------------------------------+------------------------+---+---+------------------------+---+---+------------------+---------+--------------+--------------------------+-------------+
|rx_fifo_inst       | fifo[0].fifo_inst/fifo_inst/mem_reg | 4 K x 243              |   | R | 4 K x 243              | W |   | Port A and B     | 4       | 1x1          | 0                        | 0           | 
|tx_qm_inst         | queue_ram_reg                       | 8 K x 128              | W |   | 8 K x 128              |   | R | Port A and B     | 4       | 2x1          | 3                        | 3           | 
|cqm_inst           | queue_ram_reg                       | 16 K x 128             | W |   | 16 K x 128             |   | R | Port A and B     | 8       | 4x1          | 4                        | 4           | 
|rx_fifo_inst       | fifo[0].fifo_inst/fifo_inst/mem_reg | 4 K x 243              |   | R | 4 K x 243              | W |   | Port A and B     | 4       | 1x1          | 0                        | 0           | 
|tx_qm_inst         | queue_ram_reg                       | 8 K x 128              | W |   | 8 K x 128              |   | R | Port A and B     | 4       | 2x1          | 3                        | 3           | 
|cqm_inst           | queue_ram_reg                       | 16 K x 128             | W |   | 16 K x 128             |   | R | Port A and B     | 8       | 4x1          | 4                        | 4           | 
|stats_counter_inst | mem_reg                             | 4 K x 64               |   | R | 4 K x 64               | W |   | Port A and B     | 1       | 1x1          | 1                        | 1           | 
+-------------------+-------------------------------------+------------------------+---+---+------------------------+---+---+------------------+---------+--------------+--------------------------+-------------+


Block RAM: Final Mapping Report
+------------------------------------------------------------------------------------------------------------------------------+-------------------------------------+------------------------+---+---+------------------------+---+---+------------------+--------+--------+-----------------+
|Module Name                                                                                                                   | RTL Object                          | PORT A (Depth x Width) | W | R | PORT B (Depth x Width) | W | R | Ports driving FF | RAMB18 | RAMB36 | Cascade Heights | 
+------------------------------------------------------------------------------------------------------------------------------+-------------------------------------+------------------------+---+---+------------------------+---+---+------------------+--------+--------+-----------------+
|dma_psdpram__GB1                                                                                                              | genblk1[1].mem_reg_reg              | 32 x 512(READ_FIRST)   | W |   | 32 x 512(WRITE_FIRST)  |   | R | Port A and B     | 0      | 8      |                 | 
|dma_psdpram__GB2                                                                                                              | genblk1[0].mem_reg_reg              | 32 x 512(READ_FIRST)   | W |   | 32 x 512(WRITE_FIRST)  |   | R | Port A and B     | 0      | 8      |                 | 
|dma_psdpram__parameterized0__GB1                                                                                              | genblk1[1].mem_reg_reg              | 256 x 512(READ_FIRST)  | W |   | 256 x 512(WRITE_FIRST) |   | R | Port A and B     | 0      | 8      |                 | 
|dma_psdpram__parameterized0__GB2                                                                                              | genblk1[0].mem_reg_reg              | 256 x 512(READ_FIRST)  | W |   | 256 x 512(WRITE_FIRST) |   | R | Port A and B     | 0      | 8      |                 | 
|mqnic_interface_tx__GCM0                                                                                                      | tx_desc_fifo/mem_reg                | 128 x 150(READ_FIRST)  | W |   | 128 x 150(WRITE_FIRST) |   | R | Port A and B     | 1      | 2      |                 | 
|\egress_inst/tx_checksum_inst                                                                                                 | data_fifo/mem_reg                   | 1 K x 179(READ_FIRST)  | W |   | 1 K x 179(WRITE_FIRST) |   | R | Port A and B     | 0      | 5      | 1,1,1,1,1       | 
|dma_psdpram__parameterized1__GB1                                                                                              | genblk1[1].mem_reg_reg              | 1 K x 512(READ_FIRST)  | W |   | 1 K x 512(WRITE_FIRST) |   | R | Port A and B     | 0      | 16     |                 | 
|dma_psdpram__parameterized1__GB2                                                                                              | genblk1[0].mem_reg_reg              | 1 K x 512(READ_FIRST)  | W |   | 1 K x 512(WRITE_FIRST) |   | R | Port A and B     | 0      | 16     |                 | 
|rx_desc_fifo                                                                                                                  | mem_reg                             | 128 x 150(READ_FIRST)  | W |   | 128 x 150(WRITE_FIRST) |   | R | Port A and B     | 1      | 2      |                 | 
|\iface[0].interface_insti_25 /\core_inst/core_inst/core_pcie_inst/core_inst/iface[0].interface_inst/sched[0].scheduler_block  | tx_scheduler_inst/rr_fifo/mem_reg   | 8 K x 13(READ_FIRST)   | W |   | 8 K x 13(WRITE_FIRST)  |   | R | Port A and B     | 0      | 3      | 2,1             | 
|\iface[0].interface_insti_25 /\core_inst/core_inst/core_pcie_inst/core_inst/iface[0].interface_inst/sched[0].scheduler_block  | tx_scheduler_inst/queue_ram_reg     | 8 K x 16(READ_FIRST)   | W |   | 8 K x 16(WRITE_FIRST)  |   | R | Port A and B     | 0      | 4      | 2,2             | 
|\iface[0].interface_insti_25 /\core_inst/core_inst/core_pcie_inst/core_inst/iface[0].interface_inst/tx_fifo_inst              | fifo[0].fifo_inst/fifo_inst/mem_reg | 2 K x 162(READ_FIRST)  | W |   | 2 K x 162(WRITE_FIRST) |   | R | Port A and B     | 0      | 9      | 2,2,2,2,1       | 
|rx_qm_inst                                                                                                                    | queue_ram_reg                       | 256 x 128(READ_FIRST)  | W |   | 256 x 128(WRITE_FIRST) |   | R | Port A and B     | 0      | 2      |                 | 
|mqnic_interface__xdcDup__1__GCB2                                                                                              | event_fifo/mem_reg                  | 1 K x 22(READ_FIRST)   | W |   | 1 K x 22(WRITE_FIRST)  |   | R | Port A and B     | 0      | 1      | 1               | 
|event_queue_manager_inst                                                                                                      | queue_ram_reg                       | 64 x 128(READ_FIRST)   | W |   | 64 x 128(WRITE_FIRST)  |   | R | Port A and B     | 0      | 2      |                 | 
|\iface[1].interface_insti_40 /\core_inst/core_inst/core_pcie_inst/core_inst/iface[1].interface_inst/sched[0].scheduler_block  | tx_scheduler_inst/rr_fifo/mem_reg   | 8 K x 13(READ_FIRST)   | W |   | 8 K x 13(WRITE_FIRST)  |   | R | Port A and B     | 0      | 3      | 2,1             | 
|\iface[1].interface_insti_40 /\core_inst/core_inst/core_pcie_inst/core_inst/iface[1].interface_inst/sched[0].scheduler_block  | tx_scheduler_inst/queue_ram_reg     | 8 K x 16(READ_FIRST)   | W |   | 8 K x 16(WRITE_FIRST)  |   | R | Port A and B     | 0      | 4      | 2,2             | 
|\iface[1].interface_insti_40 /\core_inst/core_inst/core_pcie_inst/core_inst/iface[1].interface_inst/tx_fifo_inst              | fifo[0].fifo_inst/fifo_inst/mem_reg | 2 K x 162(READ_FIRST)  | W |   | 2 K x 162(WRITE_FIRST) |   | R | Port A and B     | 0      | 9      | 2,2,2,2,1       | 
|rx_qm_inst                                                                                                                    | queue_ram_reg                       | 256 x 128(READ_FIRST)  | W |   | 256 x 128(WRITE_FIRST) |   | R | Port A and B     | 0      | 2      |                 | 
|mqnic_interface__GCB2                                                                                                         | event_fifo/mem_reg                  | 1 K x 22(READ_FIRST)   | W |   | 1 K x 22(WRITE_FIRST)  |   | R | Port A and B     | 0      | 1      | 1               | 
|event_queue_manager_inst                                                                                                      | queue_ram_reg                       | 64 x 128(READ_FIRST)   | W |   | 64 x 128(WRITE_FIRST)  |   | R | Port A and B     | 0      | 2      |                 | 
+------------------------------------------------------------------------------------------------------------------------------+-------------------------------------+------------------------+---+---+------------------------+---+---+------------------+--------+--------+-----------------+


Distributed RAM: Final Mapping Report
+-----------------------------------------------------------------+------------------------------------------------------------------------------------------+----------------+----------------------+----------------+
|Module Name                                                      | RTL Object                                                                               | Inference      | Size (Depth x Width) | Primitives     | 
+-----------------------------------------------------------------+------------------------------------------------------------------------------------------+----------------+----------------------+----------------+
|pcie_us_if_rc_inst/pcie_tlp_fifo_inst/pcie_tlp_fifo_raw_inst     | seg_ram[0].seg_mem_data_reg                                                              | User Attribute | 32 x 128             | RAM32M16 x 10  | 
|pcie_us_if_rc_inst/pcie_tlp_fifo_inst/pcie_tlp_fifo_raw_inst     | seg_ram[1].seg_mem_data_reg                                                              | User Attribute | 32 x 128             | RAM32M16 x 10  | 
|pcie_us_if_rc_inst/pcie_tlp_fifo_inst/pcie_tlp_fifo_raw_inst     | seg_ram[2].seg_mem_data_reg                                                              | User Attribute | 32 x 128             | RAM32M16 x 10  | 
|pcie_us_if_rc_inst/pcie_tlp_fifo_inst/pcie_tlp_fifo_raw_inst     | seg_ram[3].seg_mem_data_reg                                                              | User Attribute | 32 x 128             | RAM32M16 x 10  | 
|pcie_us_if_rc_inst/pcie_tlp_fifo_inst/pcie_tlp_fifo_raw_inst     | seg_ram[0].seg_mem_hdr_reg                                                               | User Attribute | 32 x 128             | RAM32M16 x 20  | 
|pcie_us_if_rc_inst/pcie_tlp_fifo_inst/pcie_tlp_fifo_raw_inst     | seg_ram[1].seg_mem_hdr_reg                                                               | User Attribute | 32 x 128             | RAM32M16 x 20  | 
|pcie_us_if_rc_inst/pcie_tlp_fifo_inst/pcie_tlp_fifo_raw_inst     | seg_ram[2].seg_mem_hdr_reg                                                               | User Attribute | 32 x 128             | RAM32M16 x 20  | 
|pcie_us_if_rc_inst/pcie_tlp_fifo_inst/pcie_tlp_fifo_raw_inst     | seg_ram[3].seg_mem_hdr_reg                                                               | User Attribute | 32 x 128             | RAM32M16 x 20  | 
|pcie_us_if_rc_inst/pcie_tlp_fifo_inst/pcie_tlp_fifo_raw_inst     | seg_ram[0].seg_mem_error_reg                                                             | User Attribute | 32 x 4               | RAM32M16 x 1   | 
|pcie_us_if_rc_inst/pcie_tlp_fifo_inst/pcie_tlp_fifo_raw_inst     | seg_ram[1].seg_mem_error_reg                                                             | User Attribute | 32 x 4               | RAM32M16 x 1   | 
|pcie_us_if_rc_inst/pcie_tlp_fifo_inst/pcie_tlp_fifo_raw_inst     | seg_ram[2].seg_mem_error_reg                                                             | User Attribute | 32 x 4               | RAM32M16 x 1   | 
|pcie_us_if_rc_inst/pcie_tlp_fifo_inst/pcie_tlp_fifo_raw_inst     | seg_ram[3].seg_mem_error_reg                                                             | User Attribute | 32 x 4               | RAM32M16 x 1   | 
|pcie_us_if_rc_inst/pcie_tlp_fifo_inst/pcie_tlp_fifo_raw_inst     | seg_ram[0].seg_mem_sop_reg                                                               | User Attribute | 32 x 1               | RAM32X1D x 2   | 
|pcie_us_if_rc_inst/pcie_tlp_fifo_inst/pcie_tlp_fifo_raw_inst     | seg_ram[1].seg_mem_sop_reg                                                               | User Attribute | 32 x 1               | RAM32X1D x 2   | 
|pcie_us_if_rc_inst/pcie_tlp_fifo_inst/pcie_tlp_fifo_raw_inst     | seg_ram[2].seg_mem_sop_reg                                                               | User Attribute | 32 x 1               | RAM32X1D x 2   | 
|pcie_us_if_rc_inst/pcie_tlp_fifo_inst/pcie_tlp_fifo_raw_inst     | seg_ram[3].seg_mem_sop_reg                                                               | User Attribute | 32 x 1               | RAM32X1D x 2   | 
|pcie_us_if_rc_inst/pcie_tlp_fifo_inst/pcie_tlp_fifo_raw_inst     | seg_ram[0].seg_mem_eop_reg                                                               | User Attribute | 32 x 1               | RAM32X1D x 2   | 
|pcie_us_if_rc_inst/pcie_tlp_fifo_inst/pcie_tlp_fifo_raw_inst     | seg_ram[1].seg_mem_eop_reg                                                               | User Attribute | 32 x 1               | RAM32X1D x 2   | 
|pcie_us_if_rc_inst/pcie_tlp_fifo_inst/pcie_tlp_fifo_raw_inst     | seg_ram[2].seg_mem_eop_reg                                                               | User Attribute | 32 x 1               | RAM32X1D x 2   | 
|pcie_us_if_rc_inst/pcie_tlp_fifo_inst/pcie_tlp_fifo_raw_inst     | seg_ram[3].seg_mem_eop_reg                                                               | User Attribute | 32 x 1               | RAM32X1D x 2   | 
|pcie_us_if_rc_inst/pcie_tlp_fifo_inst                            | out_fifo_out_tlp_data_reg                                                                | Implied        | 32 x 512             | RAM32M16 x 37  | 
|pcie_us_if_rc_inst/pcie_tlp_fifo_inst                            | out_fifo_out_tlp_hdr_reg                                                                 | Implied        | 32 x 128             | RAM32M16 x 10  | 
|pcie_us_if_rc_inst/pcie_tlp_fifo_inst                            | out_fifo_out_tlp_error_reg                                                               | Implied        | 32 x 4               | RAM32M16 x 1   | 
|pcie_us_if_rc_inst/pcie_tlp_fifo_inst                            | out_fifo_out_tlp_sop_reg                                                                 | Implied        | 32 x 1               | RAM32X1D x 1   | 
|pcie_us_if_rc_inst/pcie_tlp_fifo_inst                            | out_fifo_out_tlp_eop_reg                                                                 | Implied        | 32 x 1               | RAM32X1D x 1   | 
|pcie_us_if__GB0                                                  | pcie_us_if_cc_inst/cpl_fifo_inst/seg_ram[0].seg_mem_data_reg                             | User Attribute | 32 x 256             | RAM32M16 x 19  | 
|pcie_us_if__GB0                                                  | pcie_us_if_cc_inst/cpl_fifo_inst/seg_ram[1].seg_mem_data_reg                             | User Attribute | 32 x 256             | RAM32M16 x 19  | 
|pcie_us_if__GB0                                                  | pcie_us_if_cc_inst/cpl_fifo_inst/seg_ram[0].seg_mem_strb_reg                             | User Attribute | 32 x 8               | RAM32M16 x 1   | 
|pcie_us_if__GB0                                                  | pcie_us_if_cc_inst/cpl_fifo_inst/seg_ram[1].seg_mem_strb_reg                             | User Attribute | 32 x 8               | RAM32M16 x 1   | 
|pcie_us_if__GB0                                                  | pcie_us_if_cc_inst/cpl_fifo_inst/seg_ram[0].seg_mem_hdr_reg                              | User Attribute | 32 x 128             | RAM32M16 x 10  | 
|pcie_us_if__GB0                                                  | pcie_us_if_cc_inst/cpl_fifo_inst/seg_ram[1].seg_mem_hdr_reg                              | User Attribute | 32 x 128             | RAM32M16 x 10  | 
|pcie_us_if__GB0                                                  | pcie_us_if_cc_inst/cpl_fifo_inst/seg_ram[0].seg_mem_eop_reg                              | User Attribute | 32 x 1               | RAM32X1D x 1   | 
|pcie_us_if__GB0                                                  | pcie_us_if_cc_inst/cpl_fifo_inst/seg_ram[1].seg_mem_eop_reg                              | User Attribute | 32 x 1               | RAM32X1D x 1   | 
|\pcie_us_if_cq_inst/pcie_tlp_fifo_inst/pcie_tlp_fifo_raw_inst    | seg_ram[0].seg_mem_data_reg                                                              | User Attribute | 32 x 256             | RAM32M16 x 19  | 
|\pcie_us_if_cq_inst/pcie_tlp_fifo_inst/pcie_tlp_fifo_raw_inst    | seg_ram[1].seg_mem_data_reg                                                              | User Attribute | 32 x 256             | RAM32M16 x 19  | 
|\pcie_us_if_cq_inst/pcie_tlp_fifo_inst/pcie_tlp_fifo_raw_inst    | seg_ram[0].seg_mem_hdr_reg                                                               | User Attribute | 32 x 128             | RAM32M16 x 20  | 
|\pcie_us_if_cq_inst/pcie_tlp_fifo_inst/pcie_tlp_fifo_raw_inst    | seg_ram[1].seg_mem_hdr_reg                                                               | User Attribute | 32 x 128             | RAM32M16 x 20  | 
|\pcie_us_if_cq_inst/pcie_tlp_fifo_inst/pcie_tlp_fifo_raw_inst    | seg_ram[0].seg_mem_sop_reg                                                               | User Attribute | 32 x 1               | RAM32X1D x 2   | 
|\pcie_us_if_cq_inst/pcie_tlp_fifo_inst/pcie_tlp_fifo_raw_inst    | seg_ram[1].seg_mem_sop_reg                                                               | User Attribute | 32 x 1               | RAM32X1D x 2   | 
|\pcie_us_if_cq_inst/pcie_tlp_fifo_inst/pcie_tlp_fifo_raw_inst    | seg_ram[0].seg_mem_eop_reg                                                               | User Attribute | 32 x 1               | RAM32X1D x 2   | 
|\pcie_us_if_cq_inst/pcie_tlp_fifo_inst/pcie_tlp_fifo_raw_inst    | seg_ram[1].seg_mem_eop_reg                                                               | User Attribute | 32 x 1               | RAM32X1D x 2   | 
|pcie_us_if__GB1                                                  | pcie_us_if_cq_inst/pcie_tlp_fifo_inst/out_fifo_out_tlp_data_reg                          | Implied        | 32 x 512             | RAM32M16 x 37  | 
|pcie_us_if__GB1                                                  | pcie_us_if_cq_inst/pcie_tlp_fifo_inst/out_fifo_out_tlp_hdr_reg                           | Implied        | 32 x 128             | RAM32M16 x 10  | 
|pcie_us_if__GB1                                                  | pcie_us_if_cq_inst/pcie_tlp_fifo_inst/out_fifo_out_tlp_sop_reg                           | Implied        | 32 x 1               | RAM32X1D x 1   | 
|pcie_us_if__GB1                                                  | pcie_us_if_cq_inst/pcie_tlp_fifo_inst/out_fifo_out_tlp_eop_reg                           | Implied        | 32 x 1               | RAM32X1D x 1   | 
|pcie_us_if_rq_inst/rd_req_fifo_inst                              | seg_ram[0].seg_mem_hdr_reg                                                               | User Attribute | 32 x 128             | RAM32M16 x 10  | 
|pcie_us_if_rq_inst/rd_req_fifo_inst                              | seg_ram[1].seg_mem_hdr_reg                                                               | User Attribute | 32 x 128             | RAM32M16 x 10  | 
|pcie_us_if_rq_inst/rd_req_fifo_inst                              | seg_ram[0].seg_mem_seq_reg                                                               | User Attribute | 32 x 5               | RAM32M16 x 1   | 
|pcie_us_if_rq_inst/rd_req_fifo_inst                              | seg_ram[1].seg_mem_seq_reg                                                               | User Attribute | 32 x 5               | RAM32M16 x 1   | 
|pcie_us_if_rq_inst/wr_req_fifo_inst                              | seg_ram[0].seg_mem_data_reg                                                              | User Attribute | 32 x 256             | RAM32M16 x 19  | 
|pcie_us_if_rq_inst/wr_req_fifo_inst                              | seg_ram[1].seg_mem_data_reg                                                              | User Attribute | 32 x 256             | RAM32M16 x 19  | 
|pcie_us_if_rq_inst/wr_req_fifo_inst                              | seg_ram[0].seg_mem_strb_reg                                                              | User Attribute | 32 x 8               | RAM32M16 x 1   | 
|pcie_us_if_rq_inst/wr_req_fifo_inst                              | seg_ram[1].seg_mem_strb_reg                                                              | User Attribute | 32 x 8               | RAM32M16 x 1   | 
|pcie_us_if_rq_inst/wr_req_fifo_inst                              | seg_ram[0].seg_mem_hdr_reg                                                               | User Attribute | 32 x 128             | RAM32M16 x 10  | 
|pcie_us_if_rq_inst/wr_req_fifo_inst                              | seg_ram[1].seg_mem_hdr_reg                                                               | User Attribute | 32 x 128             | RAM32M16 x 10  | 
|pcie_us_if_rq_inst/wr_req_fifo_inst                              | seg_ram[0].seg_mem_seq_reg                                                               | User Attribute | 32 x 5               | RAM32M16 x 1   | 
|pcie_us_if_rq_inst/wr_req_fifo_inst                              | seg_ram[1].seg_mem_seq_reg                                                               | User Attribute | 32 x 5               | RAM32M16 x 1   | 
|pcie_us_if_rq_inst/wr_req_fifo_inst                              | seg_ram[0].seg_mem_eop_reg                                                               | User Attribute | 32 x 1               | RAM32X1D x 1   | 
|pcie_us_if_rq_inst/wr_req_fifo_inst                              | seg_ram[1].seg_mem_eop_reg                                                               | User Attribute | 32 x 1               | RAM32X1D x 1   | 
|dma_if_pcie_rd                                                   | pcie_tag_fifo_2_mem_reg                                                                  | User Attribute | 256 x 8              | RAM64M8 x 8    | 
|dma_if_pcie_rd                                                   | pcie_tag_fifo_1_mem_reg                                                                  | User Attribute | 32 x 5               | RAM32M16 x 1   | 
|dma_if_pcie_rd                                                   | op_table_read_count_finish_reg                                                           | User Attribute | 256 x 9              | RAM64M8 x 16   | 
|dma_if_pcie_rd                                                   | op_table_read_commit_reg                                                                 | User Attribute | 256 x 1              | RAM256X1D x 1  | 
|dma_if_pcie_rd                                                   | op_table_read_init_b_reg                                                                 | User Attribute | 256 x 1              | RAM256X1D x 1  | 
|dma_if_pcie_rd                                                   | op_table_read_init_a_reg                                                                 | User Attribute | 256 x 1              | RAM256X1D x 1  | 
|dma_if_pcie_rd                                                   | op_table_read_count_start_reg                                                            | User Attribute | 256 x 9              | RAM64M8 x 16   | 
|dma_if_pcie_rd                                                   | pcie_tag_table_cpld_fc_reg                                                               | User Attribute | 256 x 9              | RAM64M8 x 8    | 
|dma_if_pcie_rd                                                   | pcie_tag_table_cplh_fc_reg                                                               | User Attribute | 256 x 7              | RAM64M8 x 4    | 
|dma_if_pcie_rd                                                   | pcie_tag_table_active_b_reg                                                              | User Attribute | 256 x 1              | RAM256X1D x 3  | 
|dma_if_pcie_rd                                                   | pcie_tag_table_active_a_reg                                                              | User Attribute | 256 x 1              | RAM256X1D x 3  | 
|dma_if_pcie_rd                                                   | pcie_tag_table_ram_addr_reg                                                              | User Attribute | 256 x 17             | RAM64M8 x 12   | 
|dma_if_pcie_rd                                                   | pcie_tag_table_zero_len_reg                                                              | User Attribute | 256 x 1              | RAM256X1D x 1  | 
|dma_if_pcie_rd                                                   | op_table_error_a_reg                                                                     | User Attribute | 256 x 1              | RAM256X1D x 2  | 
|dma_if_pcie_rd                                                   | op_table_error_b_reg                                                                     | User Attribute | 256 x 1              | RAM256X1D x 2  | 
|dma_if_pcie_rd                                                   | op_table_error_code_reg                                                                  | User Attribute | 256 x 4              | RAM256X1S x 4  | 
|dma_if_pcie_rd                                                   | status_fifo_finish_reg                                                                   | User Attribute | 32 x 1               | RAM32X1D x 1   | 
|dma_if_pcie_rd                                                   | pcie_tag_table_op_tag_reg                                                                | User Attribute | 256 x 8              | RAM64M8 x 8    | 
|dma_if_pcie_rd                                                   | status_fifo_op_tag_reg                                                                   | User Attribute | 32 x 8               | RAM32M16 x 1   | 
|dma_if_pcie_rd                                                   | op_tag_fifo_mem_reg                                                                      | User Attribute | 256 x 8              | RAM64M8 x 8    | 
|dma_if_pcie_rd                                                   | status_fifo_mask_reg                                                                     | User Attribute | 32 x 2               | RAM32X1D x 2   | 
|dma_if_pcie_rd                                                   | op_table_tag_reg                                                                         | User Attribute | 256 x 16             | RAM64M8 x 12   | 
|dma_if_pcie_rd                                                   | status_fifo_error_reg                                                                    | User Attribute | 32 x 4               | RAM32M16 x 1   | 
|dma_if_pcie_rd                                                   | genblk1[0].out_fifo_wr_cmd_sel_reg                                                       | User Attribute | 32 x 3               | RAM32M16 x 1   | 
|dma_if_pcie_rd                                                   | genblk1[1].out_fifo_wr_cmd_sel_reg                                                       | User Attribute | 32 x 3               | RAM32M16 x 1   | 
|dma_if_pcie_rd                                                   | genblk1[0].out_fifo_wr_cmd_be_reg                                                        | User Attribute | 32 x 64              | RAM32M16 x 5   | 
|dma_if_pcie_rd                                                   | genblk1[1].out_fifo_wr_cmd_be_reg                                                        | User Attribute | 32 x 64              | RAM32M16 x 5   | 
|dma_if_pcie_rd                                                   | genblk1[0].out_fifo_wr_cmd_addr_reg                                                      | User Attribute | 32 x 10              | RAM32M16 x 1   | 
|dma_if_pcie_rd                                                   | genblk1[1].out_fifo_wr_cmd_addr_reg                                                      | User Attribute | 32 x 10              | RAM32M16 x 1   | 
|dma_if_pcie_rd                                                   | genblk1[0].out_fifo_wr_cmd_data_reg                                                      | User Attribute | 32 x 512             | RAM32M16 x 37  | 
|dma_if_pcie_rd                                                   | genblk1[1].out_fifo_wr_cmd_data_reg                                                      | User Attribute | 32 x 512             | RAM32M16 x 37  | 
|dma_if_pcie_rd                                                   | pcie_tag_table_ram_sel_reg                                                               | User Attribute | 256 x 3              | RAM64M8 x 4    | 
|dma_if_pcie_wr                                                   | op_table_cycle_count_reg                                                                 | User Attribute | 32 x 7               | RAM32M16 x 1   | 
|dma_if_pcie_wr                                                   | op_table_offset_reg                                                                      | User Attribute | 32 x 7               | RAM32M16 x 1   | 
|dma_if_pcie_wr                                                   | op_table_dword_len_reg                                                                   | User Attribute | 32 x 10              | RAM32M16 x 1   | 
|dma_if_pcie_wr                                                   | op_table_last_reg                                                                        | User Attribute | 32 x 1               | RAM32X1D x 1   | 
|dma_if_pcie_wr                                                   | mask_fifo_mask_reg                                                                       | User Attribute | 64 x 2               | RAM64M8 x 1    | 
|dma_if_pcie_wr                                                   | op_table_len_reg                                                                         | User Attribute | 32 x 2               | RAM32X1D x 2   | 
|dma_if_pcie_wr                                                   | op_table_pcie_addr_reg                                                                   | User Attribute | 32 x 64              | RAM32M16 x 5   | 
|dma_if_pcie_wr                                                   | op_table_zero_len_reg                                                                    | User Attribute | 32 x 1               | RAM32X1D x 1   | 
|dma_if_pcie_wr                                                   | op_table_tag_reg                                                                         | User Attribute | 32 x 16              | RAM32M16 x 2   | 
|fpga                                                             | dma_client_axis_source_inst/out_fifo_tdata_reg                                           | User Attribute | 32 x 128             | RAM32M16 x 10  | 
|fpga                                                             | dma_client_axis_source_inst/out_fifo_tlast_reg                                           | User Attribute | 32 x 1               | RAM32X1D x 1   | 
|fpga                                                             | dma_client_axis_source_inst/out_fifo_tid_reg                                             | User Attribute | 32 x 6               | RAM32M16 x 1   | 
|fpga                                                             | desc_table_sel_reg                                                                       | User Attribute | 32 x 1               | RAM32X1D x 1   | 
|fpga                                                             | desc_table_log_desc_block_size_reg                                                       | User Attribute | 32 x 2               | RAM32X1D x 2   | 
|fpga                                                             | desc_table_queue_op_tag_reg                                                              | User Attribute | 32 x 6               | RAM32M16 x 1   | 
|fpga                                                             | desc_table_tag_reg                                                                       | User Attribute | 32 x 6               | RAM32M16 x 1   | 
|tx_engine_inst                                                   | desc_table_len_reg                                                                       | User Attribute | 32 x 16              | RAM32M16 x 8   | 
|tx_engine_inst                                                   | desc_table_read_commit_reg                                                               | User Attribute | 32 x 1               | RAM32X1D x 1   | 
|tx_engine_inst                                                   | desc_table_read_count_finish_reg                                                         | User Attribute | 32 x 4               | RAM32M16 x 2   | 
|tx_engine_inst                                                   | desc_table_read_count_start_reg                                                          | User Attribute | 32 x 4               | RAM32X1D x 4   | 
|tx_engine_inst                                                   | desc_table_tx_done_a_reg                                                                 | User Attribute | 32 x 1               | RAM32X1D x 2   | 
|tx_engine_inst                                                   | desc_table_tx_done_b_reg                                                                 | User Attribute | 32 x 1               | RAM32X1D x 2   | 
|tx_engine_inst                                                   | desc_table_tag_reg                                                                       | User Attribute | 32 x 5               | RAM32M16 x 2   | 
|tx_engine_inst                                                   | desc_table_queue_ptr_reg                                                                 | User Attribute | 32 x 16              | RAM32M16 x 2   | 
|tx_engine_inst                                                   | desc_table_ptp_ts_reg                                                                    | User Attribute | 32 x 48              | RAM32M16 x 4   | 
|tx_engine_inst                                                   | desc_table_csum_start_reg                                                                | User Attribute | 32 x 7               | RAM32M16 x 1   | 
|tx_engine_inst                                                   | desc_table_csum_offset_reg                                                               | User Attribute | 32 x 7               | RAM32M16 x 1   | 
|tx_engine_inst                                                   | desc_table_buf_ptr_reg                                                                   | User Attribute | 32 x 16              | RAM32M16 x 4   | 
|tx_engine_inst                                                   | desc_table_cpl_queue_reg                                                                 | User Attribute | 32 x 14              | RAM32M16 x 1   | 
|tx_engine_inst                                                   | desc_table_queue_reg                                                                     | User Attribute | 32 x 13              | RAM32M16 x 2   | 
|tx_engine_inst                                                   | desc_table_dest_reg                                                                      | User Attribute | 32 x 4               | RAM32M16 x 2   | 
|tx_engine_inst                                                   | desc_table_csum_enable_reg                                                               | User Attribute | 32 x 1               | RAM32X1D x 1   | 
|\egress_inst/tx_checksum_inst                                    | csum_fifo/mem_reg                                                                        | Implied        | 64 x 25              | RAM64M8 x 4    | 
|mqnic_interface_tx__GCM0                                         | egress_inst/tx_csum_cmd_fifo/mem_reg                                                     | Implied        | 32 x 17              | RAM32M16 x 2   | 
|mqnic_interface_tx__GCM0                                         | dma_client_axis_source_inst/out_fifo_tdata_reg                                           | User Attribute | 32 x 128             | RAM32M16 x 10  | 
|mqnic_interface_tx__GCM0                                         | dma_client_axis_source_inst/out_fifo_tkeep_reg                                           | User Attribute | 32 x 16              | RAM32M16 x 2   | 
|mqnic_interface_tx__GCM0                                         | dma_client_axis_source_inst/out_fifo_tlast_reg                                           | User Attribute | 32 x 1               | RAM32X1D x 1   | 
|mqnic_interface_tx__GCM0                                         | dma_client_axis_source_inst/out_fifo_tid_reg                                             | User Attribute | 32 x 13              | RAM32M16 x 1   | 
|mqnic_interface_tx__GCM0                                         | dma_client_axis_source_inst/out_fifo_tdest_reg                                           | User Attribute | 32 x 4               | RAM32M16 x 1   | 
|mqnic_interface_tx__GCM0                                         | dma_client_axis_source_inst/out_fifo_tuser_reg                                           | User Attribute | 32 x 17              | RAM32M16 x 2   | 
|rx_engine_inst                                                   | desc_table_dma_len_reg                                                                   | User Attribute | 32 x 16              | RAM32M16 x 4   | 
|rx_engine_inst                                                   | desc_table_buf_ptr_reg                                                                   | User Attribute | 32 x 18              | RAM32M16 x 4   | 
|rx_engine_inst                                                   | desc_table_queue_ptr_reg                                                                 | User Attribute | 32 x 16              | RAM32M16 x 2   | 
|rx_engine_inst                                                   | desc_table_ptp_ts_reg                                                                    | User Attribute | 32 x 48              | RAM32M16 x 4   | 
|rx_engine_inst                                                   | desc_table_csum_reg                                                                      | User Attribute | 32 x 16              | RAM32M16 x 2   | 
|rx_engine_inst                                                   | desc_table_hash_reg                                                                      | User Attribute | 32 x 32              | RAM32M16 x 3   | 
|rx_engine_inst                                                   | desc_table_hash_type_reg                                                                 | User Attribute | 32 x 4               | RAM32M16 x 1   | 
|rx_engine_inst                                                   | desc_table_id_reg                                                                        | User Attribute | 32 x 1               | RAM32X1D x 1   | 
|rx_engine_inst                                                   | desc_table_queue_reg                                                                     | User Attribute | 32 x 8               | RAM32M16 x 2   | 
|rx_engine_inst                                                   | desc_table_cpl_queue_reg                                                                 | User Attribute | 32 x 14              | RAM32M16 x 1   | 
|ingress_inst                                                     | rx_hash_data_fifo/mem_reg                                                                | Implied        | 32 x 252             | RAM32M16 x 18  | 
|ingress_inst                                                     | rx_hash_fifo/mem_reg                                                                     | Implied        | 32 x 36              | RAM32M16 x 3   | 
|ingress_inst                                                     | rx_csum_fifo/mem_reg                                                                     | Implied        | 32 x 16              | RAM32M16 x 2   | 
|dma_client_axis_sink_inst                                        | status_fifo_mask_reg                                                                     | Implied        | 32 x 2               | RAM32X1D x 2   | 
|dma_client_axis_sink_inst                                        | status_fifo_last_reg                                                                     | Implied        | 32 x 1               | RAM32X1D x 1   | 
|dma_client_axis_sink_inst                                        | status_fifo_len_reg                                                                      | Implied        | 32 x 16              | RAM32M16 x 2   | 
|dma_client_axis_sink_inst                                        | status_fifo_tag_reg                                                                      | Implied        | 32 x 5               | RAM32M16 x 1   | 
|dma_client_axis_sink_inst                                        | status_fifo_id_reg                                                                       | Implied        | 32 x 1               | RAM32X1D x 1   | 
|dma_client_axis_sink_inst                                        | status_fifo_dest_reg                                                                     | Implied        | 32 x 9               | RAM32M16 x 1   | 
|dma_client_axis_sink_inst                                        | status_fifo_user_reg                                                                     | Implied        | 32 x 133             | RAM32M16 x 10  | 
|dma_client_axis_sink_inst                                        | genblk1[0].out_fifo_wr_cmd_be_reg                                                        | User Attribute | 32 x 64              | RAM32M16 x 5   | 
|dma_client_axis_sink_inst                                        | genblk1[1].out_fifo_wr_cmd_be_reg                                                        | User Attribute | 32 x 64              | RAM32M16 x 5   | 
|dma_client_axis_sink_inst                                        | genblk1[0].out_fifo_wr_cmd_addr_reg                                                      | User Attribute | 32 x 10              | RAM32M16 x 1   | 
|dma_client_axis_sink_inst                                        | genblk1[1].out_fifo_wr_cmd_addr_reg                                                      | User Attribute | 32 x 10              | RAM32M16 x 1   | 
|dma_client_axis_sink_inst                                        | genblk1[0].out_fifo_wr_cmd_data_reg                                                      | User Attribute | 32 x 512             | RAM32M16 x 37  | 
|dma_client_axis_sink_inst                                        | genblk1[1].out_fifo_wr_cmd_data_reg                                                      | User Attribute | 32 x 512             | RAM32M16 x 37  | 
|\sched[0].scheduler_block                                        | tx_scheduler_inst/doorbell_fifo/mem_reg                                                  | Implied        | 256 x 13             | RAM64M8 x 8    | 
|\sched[0].scheduler_block                                        | tx_scheduler_inst/op_table_queue_reg                                                     | User Attribute | 32 x 13              | RAM32M16 x 2   | 
|\sched[0].scheduler_block                                        | tx_scheduler_inst/op_table_prev_index_reg                                                | User Attribute | 32 x 5               | RAM32M16 x 1   | 
|\sched[0].scheduler_block                                        | tx_scheduler_inst/op_table_next_index_reg                                                | User Attribute | 32 x 5               | RAM32M16 x 1   | 
|\sched[0].scheduler_block                                        | tx_scheduler_inst/op_table_is_head_reg                                                   | User Attribute | 32 x 1               | RAM32X1D x 1   | 
|\sched[0].scheduler_block                                        | tx_scheduler_inst/finish_fifo_tag_reg                                                    | User Attribute | 32 x 5               | RAM32M16 x 1   | 
|\sched[0].scheduler_block                                        | tx_scheduler_inst/finish_fifo_status_reg                                                 | User Attribute | 32 x 1               | RAM32X1D x 1   | 
|\port[0].port_inst                                               | port_tx_inst/tx_cpl_fifo_inst/mem_reg                                                    | Implied        | 32 x 112             | RAM32M16 x 8   | 
|\port[0].port_inst                                               | port_tx_inst/tx_async_fifo_inst/fifo_inst/mem_reg                                        | Implied        | 32 x 162             | RAM32M16 x 12  | 
|\port[0].port_inst                                               | port_rx_inst/rx_async_fifo_inst/fifo_inst/mem_reg                                        | Implied        | 32 x 242             | RAM32M16 x 18  | 
|\axil_crossbar_inst/axil_crossbar_wr_inst                        | s_ifaces[0].fifo_select_reg                                                              | User Attribute | 32 x 3               | RAM32M16 x 1   | 
|\axil_crossbar_inst/axil_crossbar_wr_inst                        | s_ifaces[0].fifo_decerr_reg                                                              | User Attribute | 32 x 1               | RAM32X1D x 1   | 
|\axil_crossbar_inst/axil_crossbar_rd_inst                        | s_ifaces[0].fifo_select_reg                                                              | User Attribute | 32 x 3               | RAM32M16 x 1   | 
|\axil_crossbar_inst/axil_crossbar_rd_inst                        | s_ifaces[0].fifo_decerr_reg                                                              | User Attribute | 32 x 1               | RAM32X1D x 1   | 
|cq_eq_dma_if_mux_wr_inst                                         | dma_ram_demux_inst/genblk1[0].fifo_sel_reg                                               | User Attribute | 32 x 1               | RAM32X1D x 1   | 
|cq_eq_dma_if_mux_wr_inst                                         | dma_ram_demux_inst/genblk1[1].fifo_sel_reg                                               | User Attribute | 32 x 1               | RAM32X1D x 1   | 
|cq_eq_dma_if_mux_wr_inst                                         | dma_ram_demux_inst/genblk1[0].out_fifo_rd_resp_data_reg                                  | User Attribute | 32 x 512             | RAM32M16 x 37  | 
|event_write_inst                                                 | desc_table_queue_op_tag_reg                                                              | User Attribute | 32 x 6               | RAM32M16 x 1   | 
|event_write_inst                                                 | desc_table_data_reg                                                                      | User Attribute | 32 x 255             | RAM32M16 x 19  | 
|event_write_inst                                                 | desc_table_phase_reg                                                                     | User Attribute | 32 x 1               | RAM32X1D x 1   | 
|cpl_write_inst                                                   | desc_table_tag_reg                                                                       | User Attribute | 32 x 7               | RAM32M16 x 1   | 
|cpl_write_inst                                                   | desc_table_queue_op_tag_reg                                                              | User Attribute | 32 x 6               | RAM32M16 x 1   | 
|cpl_write_inst                                                   | desc_table_data_reg                                                                      | User Attribute | 32 x 255             | RAM32M16 x 19  | 
|cpl_write_inst                                                   | desc_table_phase_reg                                                                     | User Attribute | 32 x 1               | RAM32X1D x 1   | 
|tx_qm_inst                                                       | op_table_queue_reg                                                                       | User Attribute | 32 x 13              | RAM32M16 x 2   | 
|tx_qm_inst                                                       | op_table_queue_ptr_reg                                                                   | User Attribute | 32 x 16              | RAM32M16 x 4   | 
|rx_qm_inst                                                       | op_table_queue_reg                                                                       | User Attribute | 32 x 8               | RAM32M16 x 2   | 
|rx_qm_inst                                                       | op_table_queue_ptr_reg                                                                   | User Attribute | 32 x 16              | RAM32M16 x 4   | 
|cqm_inst                                                         | op_table_queue_reg                                                                       | User Attribute | 32 x 14              | RAM32M16 x 2   | 
|cqm_inst                                                         | op_table_queue_ptr_reg                                                                   | User Attribute | 32 x 16              | RAM32M16 x 4   | 
|event_queue_manager_inst                                         | op_table_queue_reg                                                                       | User Attribute | 32 x 6               | RAM32M16 x 2   | 
|event_queue_manager_inst                                         | op_table_queue_ptr_reg                                                                   | User Attribute | 32 x 16              | RAM32M16 x 4   | 
|mqnic_interface__xdcDup__1__GCB2                                 | irq_fifo/mem_reg                                                                         | Implied        | 128 x 6              | RAM64M8 x 2    | 
|\sched[0].scheduler_block                                        | tx_scheduler_inst/doorbell_fifo/mem_reg                                                  | Implied        | 256 x 13             | RAM64M8 x 8    | 
|\sched[0].scheduler_block                                        | tx_scheduler_inst/op_table_queue_reg                                                     | User Attribute | 32 x 13              | RAM32M16 x 2   | 
|\sched[0].scheduler_block                                        | tx_scheduler_inst/op_table_prev_index_reg                                                | User Attribute | 32 x 5               | RAM32M16 x 1   | 
|\sched[0].scheduler_block                                        | tx_scheduler_inst/op_table_next_index_reg                                                | User Attribute | 32 x 5               | RAM32M16 x 1   | 
|\sched[0].scheduler_block                                        | tx_scheduler_inst/op_table_is_head_reg                                                   | User Attribute | 32 x 1               | RAM32X1D x 1   | 
|\sched[0].scheduler_block                                        | tx_scheduler_inst/finish_fifo_tag_reg                                                    | User Attribute | 32 x 5               | RAM32M16 x 1   | 
|\sched[0].scheduler_block                                        | tx_scheduler_inst/finish_fifo_status_reg                                                 | User Attribute | 32 x 1               | RAM32X1D x 1   | 
|\port[0].port_inst                                               | port_tx_inst/tx_cpl_fifo_inst/mem_reg                                                    | Implied        | 32 x 112             | RAM32M16 x 8   | 
|\port[0].port_inst                                               | port_tx_inst/tx_async_fifo_inst/fifo_inst/mem_reg                                        | Implied        | 32 x 162             | RAM32M16 x 12  | 
|\port[0].port_inst                                               | port_rx_inst/rx_async_fifo_inst/fifo_inst/mem_reg                                        | Implied        | 32 x 242             | RAM32M16 x 18  | 
|\axil_crossbar_inst/axil_crossbar_wr_inst                        | s_ifaces[0].fifo_select_reg                                                              | User Attribute | 32 x 3               | RAM32M16 x 1   | 
|\axil_crossbar_inst/axil_crossbar_wr_inst                        | s_ifaces[0].fifo_decerr_reg                                                              | User Attribute | 32 x 1               | RAM32X1D x 1   | 
|\axil_crossbar_inst/axil_crossbar_rd_inst                        | s_ifaces[0].fifo_select_reg                                                              | User Attribute | 32 x 3               | RAM32M16 x 1   | 
|\axil_crossbar_inst/axil_crossbar_rd_inst                        | s_ifaces[0].fifo_decerr_reg                                                              | User Attribute | 32 x 1               | RAM32X1D x 1   | 
|cq_eq_dma_if_mux_wr_inst                                         | dma_ram_demux_inst/genblk1[0].fifo_sel_reg                                               | User Attribute | 32 x 1               | RAM32X1D x 1   | 
|cq_eq_dma_if_mux_wr_inst                                         | dma_ram_demux_inst/genblk1[1].fifo_sel_reg                                               | User Attribute | 32 x 1               | RAM32X1D x 1   | 
|cq_eq_dma_if_mux_wr_inst                                         | dma_ram_demux_inst/genblk1[0].out_fifo_rd_resp_data_reg                                  | User Attribute | 32 x 512             | RAM32M16 x 37  | 
|event_write_inst                                                 | desc_table_queue_op_tag_reg                                                              | User Attribute | 32 x 6               | RAM32M16 x 1   | 
|event_write_inst                                                 | desc_table_data_reg                                                                      | User Attribute | 32 x 255             | RAM32M16 x 19  | 
|event_write_inst                                                 | desc_table_phase_reg                                                                     | User Attribute | 32 x 1               | RAM32X1D x 1   | 
|cpl_write_inst                                                   | desc_table_tag_reg                                                                       | User Attribute | 32 x 7               | RAM32M16 x 1   | 
|cpl_write_inst                                                   | desc_table_queue_op_tag_reg                                                              | User Attribute | 32 x 6               | RAM32M16 x 1   | 
|cpl_write_inst                                                   | desc_table_data_reg                                                                      | User Attribute | 32 x 255             | RAM32M16 x 19  | 
|cpl_write_inst                                                   | desc_table_phase_reg                                                                     | User Attribute | 32 x 1               | RAM32X1D x 1   | 
|tx_qm_inst                                                       | op_table_queue_reg                                                                       | User Attribute | 32 x 13              | RAM32M16 x 2   | 
|tx_qm_inst                                                       | op_table_queue_ptr_reg                                                                   | User Attribute | 32 x 16              | RAM32M16 x 4   | 
|rx_qm_inst                                                       | op_table_queue_reg                                                                       | User Attribute | 32 x 8               | RAM32M16 x 2   | 
|rx_qm_inst                                                       | op_table_queue_ptr_reg                                                                   | User Attribute | 32 x 16              | RAM32M16 x 4   | 
|cqm_inst                                                         | op_table_queue_reg                                                                       | User Attribute | 32 x 14              | RAM32M16 x 2   | 
|cqm_inst                                                         | op_table_queue_ptr_reg                                                                   | User Attribute | 32 x 16              | RAM32M16 x 4   | 
|event_queue_manager_inst                                         | op_table_queue_reg                                                                       | User Attribute | 32 x 6               | RAM32M16 x 2   | 
|event_queue_manager_inst                                         | op_table_queue_ptr_reg                                                                   | User Attribute | 32 x 16              | RAM32M16 x 4   | 
|mqnic_interface__GCB2                                            | irq_fifo/mem_reg                                                                         | Implied        | 128 x 6              | RAM64M8 x 2    | 
|irq_rate_limit_inst                                              | mem_reg_reg                                                                              | Implied        | 64 x 19              | RAM64X1S x 19  | 
|dma_if_mux_inst/dma_if_mux_rd_inst                               | dma_ram_demux_inst/genblk1[0].fifo_sel_reg                                               | User Attribute | 32 x 1               | RAM32X1D x 1   | 
|dma_if_mux_inst/dma_if_mux_rd_inst                               | dma_ram_demux_inst/genblk1[1].fifo_sel_reg                                               | User Attribute | 32 x 1               | RAM32X1D x 1   | 
|dma_if_mux_inst/dma_if_mux_wr_inst                               | dma_ram_demux_inst/genblk1[0].fifo_sel_reg                                               | User Attribute | 32 x 1               | RAM32X1D x 1   | 
|dma_if_mux_inst/dma_if_mux_wr_inst                               | dma_ram_demux_inst/genblk1[1].fifo_sel_reg                                               | User Attribute | 32 x 1               | RAM32X1D x 1   | 
|dma_if_mux_inst/dma_if_mux_wr_inst                               | dma_ram_demux_inst/genblk1[0].out_fifo_rd_resp_data_reg                                  | User Attribute | 32 x 512             | RAM32M16 x 37  | 
|dma_if_mux_inst/dma_if_mux_wr_inst                               | dma_ram_demux_inst/genblk1[1].out_fifo_rd_resp_data_reg                                  | User Attribute | 32 x 512             | RAM32M16 x 37  | 
|axil_csr_crossbar_inst                                           | axil_crossbar_wr_inst/m_ifaces[0].fifo_select_reg                                        | User Attribute | 32 x 1               | RAM32X1D x 1   | 
|axil_csr_crossbar_inst                                           | axil_crossbar_wr_inst/m_ifaces[1].fifo_select_reg                                        | User Attribute | 32 x 1               | RAM32X1D x 1   | 
|axil_csr_crossbar_inst                                           | axil_crossbar_wr_inst/m_ifaces[2].fifo_select_reg                                        | User Attribute | 32 x 1               | RAM32X1D x 1   | 
|axil_csr_crossbar_inst                                           | axil_crossbar_wr_inst/s_ifaces[0].fifo_select_reg                                        | User Attribute | 32 x 2               | RAM32X1D x 2   | 
|axil_csr_crossbar_inst                                           | axil_crossbar_wr_inst/s_ifaces[1].fifo_select_reg                                        | User Attribute | 32 x 2               | RAM32X1D x 2   | 
|axil_csr_crossbar_inst                                           | axil_crossbar_wr_inst/s_ifaces[1].fifo_decerr_reg                                        | User Attribute | 32 x 1               | RAM32X1D x 1   | 
|axil_csr_crossbar_inst                                           | axil_crossbar_wr_inst/s_ifaces[0].fifo_decerr_reg                                        | User Attribute | 32 x 1               | RAM32X1D x 1   | 
|axil_csr_crossbar_inst                                           | axil_crossbar_rd_inst/m_ifaces[0].fifo_select_reg                                        | User Attribute | 32 x 1               | RAM32X1D x 1   | 
|axil_csr_crossbar_inst                                           | axil_crossbar_rd_inst/m_ifaces[1].fifo_select_reg                                        | User Attribute | 32 x 1               | RAM32X1D x 1   | 
|axil_csr_crossbar_inst                                           | axil_crossbar_rd_inst/m_ifaces[2].fifo_select_reg                                        | User Attribute | 32 x 1               | RAM32X1D x 1   | 
|axil_csr_crossbar_inst                                           | axil_crossbar_rd_inst/s_ifaces[0].fifo_select_reg                                        | User Attribute | 32 x 2               | RAM32X1D x 2   | 
|axil_csr_crossbar_inst                                           | axil_crossbar_rd_inst/s_ifaces[0].fifo_decerr_reg                                        | User Attribute | 32 x 1               | RAM32X1D x 1   | 
|axil_csr_crossbar_inst                                           | axil_crossbar_rd_inst/s_ifaces[1].fifo_select_reg                                        | User Attribute | 32 x 2               | RAM32X1D x 2   | 
|axil_csr_crossbar_inst                                           | axil_crossbar_rd_inst/s_ifaces[1].fifo_decerr_reg                                        | User Attribute | 32 x 1               | RAM32X1D x 1   | 
|axil_crossbar_inst                                               | axil_crossbar_wr_inst/s_ifaces[0].fifo_select_reg                                        | User Attribute | 32 x 1               | RAM32X1D x 1   | 
|axil_crossbar_inst                                               | axil_crossbar_rd_inst/s_ifaces[0].fifo_select_reg                                        | User Attribute | 32 x 1               | RAM32X1D x 1   | 
|\dma_if_mux.dma_if_mux_data_inst /dma_if_mux_rd_inst             | dma_ram_demux_inst/genblk1[0].fifo_sel_reg                                               | User Attribute | 32 x 1               | RAM32X1D x 1   | 
|\dma_if_mux.dma_if_mux_data_inst /dma_if_mux_rd_inst             | dma_ram_demux_inst/genblk1[1].fifo_sel_reg                                               | User Attribute | 32 x 1               | RAM32X1D x 1   | 
|\dma_if_mux.dma_if_mux_data_inst /dma_if_mux_wr_inst             | dma_ram_demux_inst/genblk1[0].fifo_sel_reg                                               | User Attribute | 32 x 1               | RAM32X1D x 1   | 
|\dma_if_mux.dma_if_mux_data_inst /dma_if_mux_wr_inst             | dma_ram_demux_inst/genblk1[1].fifo_sel_reg                                               | User Attribute | 32 x 1               | RAM32X1D x 1   | 
|\dma_if_mux.dma_if_mux_data_inst /dma_if_mux_wr_inst             | dma_ram_demux_inst/genblk1[0].out_fifo_rd_resp_data_reg                                  | User Attribute | 32 x 512             | RAM32M16 x 37  | 
|\dma_if_mux.dma_if_mux_data_inst /dma_if_mux_wr_inst             | dma_ram_demux_inst/genblk1[1].out_fifo_rd_resp_data_reg                                  | User Attribute | 32 x 512             | RAM32M16 x 37  | 
|\dma_if_mux.dma_if_mux_ctrl_inst /dma_if_mux_rd_inst             | dma_ram_demux_inst/genblk1[0].fifo_sel_reg                                               | User Attribute | 32 x 1               | RAM32X1D x 1   | 
|\dma_if_mux.dma_if_mux_ctrl_inst /dma_if_mux_rd_inst             | dma_ram_demux_inst/genblk1[1].fifo_sel_reg                                               | User Attribute | 32 x 1               | RAM32X1D x 1   | 
|\dma_if_mux.dma_if_mux_ctrl_inst /dma_if_mux_wr_inst             | dma_ram_demux_inst/genblk1[0].fifo_sel_reg                                               | User Attribute | 32 x 1               | RAM32X1D x 1   | 
|\dma_if_mux.dma_if_mux_ctrl_inst /dma_if_mux_wr_inst             | dma_ram_demux_inst/genblk1[1].fifo_sel_reg                                               | User Attribute | 32 x 1               | RAM32X1D x 1   | 
|\dma_if_mux.dma_if_mux_ctrl_inst /dma_if_mux_wr_inst             | dma_ram_demux_inst/genblk1[0].out_fifo_rd_resp_data_reg                                  | User Attribute | 32 x 512             | RAM32M16 x 37  | 
|\dma_if_mux.dma_if_mux_ctrl_inst /dma_if_mux_wr_inst             | dma_ram_demux_inst/genblk1[1].out_fifo_rd_resp_data_reg                                  | User Attribute | 32 x 512             | RAM32M16 x 37  | 
|\stats_pcie_if.stats_pcie_if_inst/stats_collect_inst             | mem_reg_reg                                                                              | User Attribute | 32 x 24              | RAM32X1S x 24  | 
|\stats_dma_if_pcie.stats_dma_if_pcie_inst/stats_collect_tx_inst  | mem_reg_reg                                                                              | User Attribute | 32 x 24              | RAM32X1S x 24  | 
|pcie_axil_master_inst                                            | resp_fifo_op_read_reg                                                                    | User Attribute | 32 x 1               | RAM32X1D x 1   | 
|pcie_axil_master_inst                                            | resp_fifo_first_reg                                                                      | User Attribute | 32 x 1               | RAM32X1D x 1   | 
|pcie_axil_master_inst                                            | resp_fifo_last_reg                                                                       | User Attribute | 32 x 1               | RAM32X1D x 1   | 
|pcie_axil_master_inst                                            | resp_fifo_op_write_reg                                                                   | User Attribute | 32 x 1               | RAM32X1D x 1   | 
|pcie_axil_master_inst                                            | resp_fifo_lower_addr_reg                                                                 | User Attribute | 32 x 7               | RAM32M16 x 1   | 
|pcie_axil_master_inst                                            | resp_fifo_tag_reg                                                                        | User Attribute | 32 x 10              | RAM32M16 x 1   | 
|pcie_axil_master_inst                                            | resp_fifo_requester_id_reg                                                               | User Attribute | 32 x 16              | RAM32M16 x 2   | 
|pcie_axil_master_inst                                            | resp_fifo_byte_count_reg                                                                 | User Attribute | 32 x 12              | RAM32M16 x 1   | 
|pcie_axil_master_inst                                            | resp_fifo_cpl_status_reg                                                                 | User Attribute | 32 x 1               | RAM32M16 x 1   | 
|pcie_axil_master_inst                                            | resp_fifo_dword_count_reg                                                                | User Attribute | 32 x 6               | RAM32M16 x 1   | 
|pcie_axil_master_inst                                            | resp_fifo_attr_reg                                                                       | User Attribute | 32 x 3               | RAM32M16 x 1   | 
|pcie_axil_master_inst                                            | resp_fifo_tc_reg                                                                         | User Attribute | 32 x 3               | RAM32M16 x 1   | 
|mqnic_core_pcie__GC0                                             | stats_dma_if_pcie.stats_dma_if_pcie_inst/stats_dma_latency_rd_op_inst/len_mem_reg_reg    | User Attribute | 256 x 16             | RAM64M8 x 12   | 
|mqnic_core_pcie__GC0                                             | stats_dma_if_pcie.stats_dma_if_pcie_inst/stats_dma_latency_rd_op_inst/count_mem_reg_reg  | User Attribute | 256 x 16             | RAM64M8 x 12   | 
|mqnic_core_pcie__GC0                                             | stats_dma_if_pcie.stats_dma_if_pcie_inst/stats_dma_latency_rd_req_inst/count_mem_reg_reg | User Attribute | 256 x 16             | RAM64M8 x 12   | 
|mqnic_core_pcie__GC0                                             | stats_dma_if_pcie.stats_dma_if_pcie_inst/stats_dma_latency_wr_op_inst/len_mem_reg_reg    | User Attribute | 32 x 16              | RAM32M16 x 2   | 
|mqnic_core_pcie__GC0                                             | stats_dma_if_pcie.stats_dma_if_pcie_inst/stats_dma_latency_wr_op_inst/count_mem_reg_reg  | User Attribute | 32 x 16              | RAM32M16 x 2   | 
|mqnic_core_pcie__GC0                                             | stats_dma_if_pcie.stats_dma_if_pcie_inst/stats_dma_latency_wr_req_inst/count_mem_reg_reg | User Attribute | 32 x 16              | RAM32M16 x 2   | 
+-----------------------------------------------------------------+------------------------------------------------------------------------------------------+----------------+----------------------+----------------+

---------------------------------------------------------------------------------
Finished ROM, RAM, DSP, Shift Register and Retiming Reporting
---------------------------------------------------------------------------------
---------------------------------------------------------------------------------
Start Technology Mapping
---------------------------------------------------------------------------------
INFO: [Synth 8-7052] The timing for the instance dma_psdpram_insti_14/genblk1[1].mem_reg_reg_0 (implemented as a Block RAM) might be sub-optimal as no optional output register could be merged into the ram block. Providing additional output register may help in improving timing.
INFO: [Synth 8-7052] The timing for the instance dma_psdpram_insti_14/genblk1[1].mem_reg_reg_1 (implemented as a Block RAM) might be sub-optimal as no optional output register could be merged into the ram block. Providing additional output register may help in improving timing.
INFO: [Synth 8-7052] The timing for the instance dma_psdpram_insti_14/genblk1[1].mem_reg_reg_2 (implemented as a Block RAM) might be sub-optimal as no optional output register could be merged into the ram block. Providing additional output register may help in improving timing.
INFO: [Synth 8-7052] The timing for the instance dma_psdpram_insti_14/genblk1[1].mem_reg_reg_3 (implemented as a Block RAM) might be sub-optimal as no optional output register could be merged into the ram block. Providing additional output register may help in improving timing.
INFO: [Synth 8-7052] The timing for the instance dma_psdpram_insti_14/genblk1[1].mem_reg_reg_4 (implemented as a Block RAM) might be sub-optimal as no optional output register could be merged into the ram block. Providing additional output register may help in improving timing.
INFO: [Synth 8-7052] The timing for the instance dma_psdpram_insti_14/genblk1[1].mem_reg_reg_5 (implemented as a Block RAM) might be sub-optimal as no optional output register could be merged into the ram block. Providing additional output register may help in improving timing.
INFO: [Synth 8-7052] The timing for the instance dma_psdpram_insti_14/genblk1[1].mem_reg_reg_6 (implemented as a Block RAM) might be sub-optimal as no optional output register could be merged into the ram block. Providing additional output register may help in improving timing.
INFO: [Synth 8-7052] The timing for the instance dma_psdpram_insti_14/genblk1[1].mem_reg_reg_7 (implemented as a Block RAM) might be sub-optimal as no optional output register could be merged into the ram block. Providing additional output register may help in improving timing.
INFO: [Synth 8-7052] The timing for the instance dma_psdpram_tx_insti_18/genblk1[1].mem_reg_reg_0 (implemented as a Block RAM) might be sub-optimal as no optional output register could be merged into the ram block. Providing additional output register may help in improving timing.
INFO: [Synth 8-7052] The timing for the instance dma_psdpram_tx_insti_18/genblk1[1].mem_reg_reg_1 (implemented as a Block RAM) might be sub-optimal as no optional output register could be merged into the ram block. Providing additional output register may help in improving timing.
INFO: [Synth 8-7052] The timing for the instance dma_psdpram_tx_insti_18/genblk1[1].mem_reg_reg_2 (implemented as a Block RAM) might be sub-optimal as no optional output register could be merged into the ram block. Providing additional output register may help in improving timing.
INFO: [Synth 8-7052] The timing for the instance dma_psdpram_tx_insti_18/genblk1[1].mem_reg_reg_3 (implemented as a Block RAM) might be sub-optimal as no optional output register could be merged into the ram block. Providing additional output register may help in improving timing.
INFO: [Synth 8-7052] The timing for the instance dma_psdpram_tx_insti_18/genblk1[1].mem_reg_reg_4 (implemented as a Block RAM) might be sub-optimal as no optional output register could be merged into the ram block. Providing additional output register may help in improving timing.
INFO: [Synth 8-7052] The timing for the instance dma_psdpram_tx_insti_18/genblk1[1].mem_reg_reg_5 (implemented as a Block RAM) might be sub-optimal as no optional output register could be merged into the ram block. Providing additional output register may help in improving timing.
INFO: [Synth 8-7052] The timing for the instance dma_psdpram_tx_insti_18/genblk1[1].mem_reg_reg_6 (implemented as a Block RAM) might be sub-optimal as no optional output register could be merged into the ram block. Providing additional output register may help in improving timing.
INFO: [Synth 8-7052] The timing for the instance dma_psdpram_tx_insti_18/genblk1[1].mem_reg_reg_7 (implemented as a Block RAM) might be sub-optimal as no optional output register could be merged into the ram block. Providing additional output register may help in improving timing.
INFO: [Synth 8-7052] The timing for the instance dma_psdpram_rx_insti_22/genblk1[1].mem_reg_reg_0 (implemented as a Block RAM) might be sub-optimal as no optional output register could be merged into the ram block. Providing additional output register may help in improving timing.
INFO: [Synth 8-7052] The timing for the instance dma_psdpram_rx_insti_22/genblk1[1].mem_reg_reg_1 (implemented as a Block RAM) might be sub-optimal as no optional output register could be merged into the ram block. Providing additional output register may help in improving timing.
INFO: [Synth 8-7052] The timing for the instance dma_psdpram_rx_insti_22/genblk1[1].mem_reg_reg_2 (implemented as a Block RAM) might be sub-optimal as no optional output register could be merged into the ram block. Providing additional output register may help in improving timing.
INFO: [Synth 8-7052] The timing for the instance dma_psdpram_rx_insti_22/genblk1[1].mem_reg_reg_3 (implemented as a Block RAM) might be sub-optimal as no optional output register could be merged into the ram block. Providing additional output register may help in improving timing.
INFO: [Synth 8-7052] The timing for the instance dma_psdpram_rx_insti_22/genblk1[1].mem_reg_reg_4 (implemented as a Block RAM) might be sub-optimal as no optional output register could be merged into the ram block. Providing additional output register may help in improving timing.
INFO: [Synth 8-7052] The timing for the instance dma_psdpram_rx_insti_22/genblk1[1].mem_reg_reg_5 (implemented as a Block RAM) might be sub-optimal as no optional output register could be merged into the ram block. Providing additional output register may help in improving timing.
INFO: [Synth 8-7052] The timing for the instance dma_psdpram_rx_insti_22/genblk1[1].mem_reg_reg_6 (implemented as a Block RAM) might be sub-optimal as no optional output register could be merged into the ram block. Providing additional output register may help in improving timing.
INFO: [Synth 8-7052] The timing for the instance dma_psdpram_rx_insti_22/genblk1[1].mem_reg_reg_7 (implemented as a Block RAM) might be sub-optimal as no optional output register could be merged into the ram block. Providing additional output register may help in improving timing.
INFO: [Synth 8-7052] The timing for the instance dma_psdpram_rx_insti_22/genblk1[1].mem_reg_reg_8 (implemented as a Block RAM) might be sub-optimal as no optional output register could be merged into the ram block. Providing additional output register may help in improving timing.
INFO: [Synth 8-7052] The timing for the instance dma_psdpram_rx_insti_22/genblk1[1].mem_reg_reg_9 (implemented as a Block RAM) might be sub-optimal as no optional output register could be merged into the ram block. Providing additional output register may help in improving timing.
INFO: [Synth 8-7052] The timing for the instance dma_psdpram_rx_insti_22/genblk1[1].mem_reg_reg_10 (implemented as a Block RAM) might be sub-optimal as no optional output register could be merged into the ram block. Providing additional output register may help in improving timing.
INFO: [Synth 8-7052] The timing for the instance dma_psdpram_rx_insti_22/genblk1[1].mem_reg_reg_11 (implemented as a Block RAM) might be sub-optimal as no optional output register could be merged into the ram block. Providing additional output register may help in improving timing.
INFO: [Synth 8-7052] The timing for the instance dma_psdpram_rx_insti_22/genblk1[1].mem_reg_reg_12 (implemented as a Block RAM) might be sub-optimal as no optional output register could be merged into the ram block. Providing additional output register may help in improving timing.
INFO: [Synth 8-7052] The timing for the instance dma_psdpram_rx_insti_22/genblk1[1].mem_reg_reg_13 (implemented as a Block RAM) might be sub-optimal as no optional output register could be merged into the ram block. Providing additional output register may help in improving timing.
INFO: [Synth 8-7052] The timing for the instance dma_psdpram_rx_insti_22/genblk1[1].mem_reg_reg_14 (implemented as a Block RAM) might be sub-optimal as no optional output register could be merged into the ram block. Providing additional output register may help in improving timing.
INFO: [Synth 8-7052] The timing for the instance dma_psdpram_rx_insti_22/genblk1[1].mem_reg_reg_15 (implemented as a Block RAM) might be sub-optimal as no optional output register could be merged into the ram block. Providing additional output register may help in improving timing.
INFO: [Synth 8-7052] The timing for the instance interface_rx_insti_24/rx_engine_inst/mqnic_rx_queue_map_inst/indir_tbl_mem_reg_2 (implemented as a Block RAM) might be sub-optimal as no optional output register could be merged into the ram block. Providing additional output register may help in improving timing.
INFO: [Synth 8-7052] The timing for the instance dma_psdpram_insti_29/genblk1[1].mem_reg_reg_0 (implemented as a Block RAM) might be sub-optimal as no optional output register could be merged into the ram block. Providing additional output register may help in improving timing.
INFO: [Synth 8-7052] The timing for the instance dma_psdpram_insti_29/genblk1[1].mem_reg_reg_1 (implemented as a Block RAM) might be sub-optimal as no optional output register could be merged into the ram block. Providing additional output register may help in improving timing.
INFO: [Synth 8-7052] The timing for the instance dma_psdpram_insti_29/genblk1[1].mem_reg_reg_2 (implemented as a Block RAM) might be sub-optimal as no optional output register could be merged into the ram block. Providing additional output register may help in improving timing.
INFO: [Synth 8-7052] The timing for the instance dma_psdpram_insti_29/genblk1[1].mem_reg_reg_3 (implemented as a Block RAM) might be sub-optimal as no optional output register could be merged into the ram block. Providing additional output register may help in improving timing.
INFO: [Synth 8-7052] The timing for the instance dma_psdpram_insti_29/genblk1[1].mem_reg_reg_4 (implemented as a Block RAM) might be sub-optimal as no optional output register could be merged into the ram block. Providing additional output register may help in improving timing.
INFO: [Synth 8-7052] The timing for the instance dma_psdpram_insti_29/genblk1[1].mem_reg_reg_5 (implemented as a Block RAM) might be sub-optimal as no optional output register could be merged into the ram block. Providing additional output register may help in improving timing.
INFO: [Synth 8-7052] The timing for the instance dma_psdpram_insti_29/genblk1[1].mem_reg_reg_6 (implemented as a Block RAM) might be sub-optimal as no optional output register could be merged into the ram block. Providing additional output register may help in improving timing.
INFO: [Synth 8-7052] The timing for the instance dma_psdpram_insti_29/genblk1[1].mem_reg_reg_7 (implemented as a Block RAM) might be sub-optimal as no optional output register could be merged into the ram block. Providing additional output register may help in improving timing.
INFO: [Synth 8-7052] The timing for the instance dma_psdpram_tx_insti_33/genblk1[1].mem_reg_reg_0 (implemented as a Block RAM) might be sub-optimal as no optional output register could be merged into the ram block. Providing additional output register may help in improving timing.
INFO: [Synth 8-7052] The timing for the instance dma_psdpram_tx_insti_33/genblk1[1].mem_reg_reg_1 (implemented as a Block RAM) might be sub-optimal as no optional output register could be merged into the ram block. Providing additional output register may help in improving timing.
INFO: [Synth 8-7052] The timing for the instance dma_psdpram_tx_insti_33/genblk1[1].mem_reg_reg_2 (implemented as a Block RAM) might be sub-optimal as no optional output register could be merged into the ram block. Providing additional output register may help in improving timing.
INFO: [Synth 8-7052] The timing for the instance dma_psdpram_tx_insti_33/genblk1[1].mem_reg_reg_3 (implemented as a Block RAM) might be sub-optimal as no optional output register could be merged into the ram block. Providing additional output register may help in improving timing.
INFO: [Synth 8-7052] The timing for the instance dma_psdpram_tx_insti_33/genblk1[1].mem_reg_reg_4 (implemented as a Block RAM) might be sub-optimal as no optional output register could be merged into the ram block. Providing additional output register may help in improving timing.
INFO: [Synth 8-7052] The timing for the instance dma_psdpram_tx_insti_33/genblk1[1].mem_reg_reg_5 (implemented as a Block RAM) might be sub-optimal as no optional output register could be merged into the ram block. Providing additional output register may help in improving timing.
INFO: [Synth 8-7052] The timing for the instance dma_psdpram_tx_insti_33/genblk1[1].mem_reg_reg_6 (implemented as a Block RAM) might be sub-optimal as no optional output register could be merged into the ram block. Providing additional output register may help in improving timing.
INFO: [Synth 8-7052] The timing for the instance dma_psdpram_tx_insti_33/genblk1[1].mem_reg_reg_7 (implemented as a Block RAM) might be sub-optimal as no optional output register could be merged into the ram block. Providing additional output register may help in improving timing.
INFO: [Synth 8-7052] The timing for the instance dma_psdpram_rx_insti_37/genblk1[1].mem_reg_reg_0 (implemented as a Block RAM) might be sub-optimal as no optional output register could be merged into the ram block. Providing additional output register may help in improving timing.
INFO: [Synth 8-7052] The timing for the instance dma_psdpram_rx_insti_37/genblk1[1].mem_reg_reg_1 (implemented as a Block RAM) might be sub-optimal as no optional output register could be merged into the ram block. Providing additional output register may help in improving timing.
INFO: [Synth 8-7052] The timing for the instance dma_psdpram_rx_insti_37/genblk1[1].mem_reg_reg_2 (implemented as a Block RAM) might be sub-optimal as no optional output register could be merged into the ram block. Providing additional output register may help in improving timing.
INFO: [Synth 8-7052] The timing for the instance dma_psdpram_rx_insti_37/genblk1[1].mem_reg_reg_3 (implemented as a Block RAM) might be sub-optimal as no optional output register could be merged into the ram block. Providing additional output register may help in improving timing.
INFO: [Synth 8-7052] The timing for the instance dma_psdpram_rx_insti_37/genblk1[1].mem_reg_reg_4 (implemented as a Block RAM) might be sub-optimal as no optional output register could be merged into the ram block. Providing additional output register may help in improving timing.
INFO: [Synth 8-7052] The timing for the instance dma_psdpram_rx_insti_37/genblk1[1].mem_reg_reg_5 (implemented as a Block RAM) might be sub-optimal as no optional output register could be merged into the ram block. Providing additional output register may help in improving timing.
INFO: [Synth 8-7052] The timing for the instance dma_psdpram_rx_insti_37/genblk1[1].mem_reg_reg_6 (implemented as a Block RAM) might be sub-optimal as no optional output register could be merged into the ram block. Providing additional output register may help in improving timing.
INFO: [Synth 8-7052] The timing for the instance dma_psdpram_rx_insti_37/genblk1[1].mem_reg_reg_7 (implemented as a Block RAM) might be sub-optimal as no optional output register could be merged into the ram block. Providing additional output register may help in improving timing.
INFO: [Synth 8-7052] The timing for the instance dma_psdpram_rx_insti_37/genblk1[1].mem_reg_reg_8 (implemented as a Block RAM) might be sub-optimal as no optional output register could be merged into the ram block. Providing additional output register may help in improving timing.
INFO: [Synth 8-7052] The timing for the instance dma_psdpram_rx_insti_37/genblk1[1].mem_reg_reg_9 (implemented as a Block RAM) might be sub-optimal as no optional output register could be merged into the ram block. Providing additional output register may help in improving timing.
INFO: [Synth 8-7052] The timing for the instance dma_psdpram_rx_insti_37/genblk1[1].mem_reg_reg_10 (implemented as a Block RAM) might be sub-optimal as no optional output register could be merged into the ram block. Providing additional output register may help in improving timing.
INFO: [Synth 8-7052] The timing for the instance dma_psdpram_rx_insti_37/genblk1[1].mem_reg_reg_11 (implemented as a Block RAM) might be sub-optimal as no optional output register could be merged into the ram block. Providing additional output register may help in improving timing.
INFO: [Synth 8-7052] The timing for the instance dma_psdpram_rx_insti_37/genblk1[1].mem_reg_reg_12 (implemented as a Block RAM) might be sub-optimal as no optional output register could be merged into the ram block. Providing additional output register may help in improving timing.
INFO: [Synth 8-7052] The timing for the instance dma_psdpram_rx_insti_37/genblk1[1].mem_reg_reg_13 (implemented as a Block RAM) might be sub-optimal as no optional output register could be merged into the ram block. Providing additional output register may help in improving timing.
INFO: [Synth 8-7052] The timing for the instance dma_psdpram_rx_insti_37/genblk1[1].mem_reg_reg_14 (implemented as a Block RAM) might be sub-optimal as no optional output register could be merged into the ram block. Providing additional output register may help in improving timing.
INFO: [Synth 8-7052] The timing for the instance dma_psdpram_rx_insti_37/genblk1[1].mem_reg_reg_15 (implemented as a Block RAM) might be sub-optimal as no optional output register could be merged into the ram block. Providing additional output register may help in improving timing.
INFO: [Synth 8-7052] The timing for the instance interface_rx_insti_39/rx_engine_inst/mqnic_rx_queue_map_inst/indir_tbl_mem_reg_2 (implemented as a Block RAM) might be sub-optimal as no optional output register could be merged into the ram block. Providing additional output register may help in improving timing.
INFO: [Synth 8-7052] The timing for the instance core_pcie_insti_45/core_inst/core_inst/core_pcie_inst/pcie_msix_inst/tbl_mem_reg_1 (implemented as a Block RAM) might be sub-optimal as no optional output register could be merged into the ram block. Providing additional output register may help in improving timing.
INFO: [Synth 8-7052] The timing for the instance core_pcie_insti_45/core_inst/core_inst/core_pcie_inst/pcie_msix_inst/tbl_mem_reg_2 (implemented as a Block RAM) might be sub-optimal as no optional output register could be merged into the ram block. Providing additional output register may help in improving timing.
---------------------------------------------------------------------------------
Finished Technology Mapping : Time (s): cpu = 00:04:56 ; elapsed = 00:04:47 . Memory (MB): peak = 7719.742 ; gain = 4992.414 ; free physical = 32113 ; free virtual = 77374
---------------------------------------------------------------------------------
---------------------------------------------------------------------------------
Start IO Insertion
---------------------------------------------------------------------------------
---------------------------------------------------------------------------------
Start Flattening Before IO Insertion
---------------------------------------------------------------------------------
---------------------------------------------------------------------------------
Finished Flattening Before IO Insertion
---------------------------------------------------------------------------------
---------------------------------------------------------------------------------
Start Final Netlist Cleanup
---------------------------------------------------------------------------------
INFO: [Synth 8-7052] The timing for the instance core_inst/core_inst/core_pcie_inst/core_inst/iface[0].interface_inst/interface_rx_inst/rx_engine_inst/mqnic_rx_queue_map_inst/indir_tbl_mem_reg_2 (implemented as a Block RAM) might be sub-optimal as no optional output register could be merged into the ram block. Providing additional output register may help in improving timing.
INFO: [Synth 8-7052] The timing for the instance core_inst/core_inst/core_pcie_inst/core_inst/iface[1].interface_inst/interface_rx_inst/rx_engine_inst/mqnic_rx_queue_map_inst/indir_tbl_mem_reg_2 (implemented as a Block RAM) might be sub-optimal as no optional output register could be merged into the ram block. Providing additional output register may help in improving timing.
INFO: [Synth 8-7052] The timing for the instance core_inst/core_inst/core_pcie_inst/pcie_msix_inst/tbl_mem_reg_1 (implemented as a Block RAM) might be sub-optimal as no optional output register could be merged into the ram block. Providing additional output register may help in improving timing.
INFO: [Synth 8-7052] The timing for the instance core_inst/core_inst/core_pcie_inst/pcie_msix_inst/tbl_mem_reg_2 (implemented as a Block RAM) might be sub-optimal as no optional output register could be merged into the ram block. Providing additional output register may help in improving timing.
---------------------------------------------------------------------------------
Finished Final Netlist Cleanup
---------------------------------------------------------------------------------
---------------------------------------------------------------------------------
Finished IO Insertion : Time (s): cpu = 00:05:05 ; elapsed = 00:04:56 . Memory (MB): peak = 7719.742 ; gain = 4992.414 ; free physical = 31952 ; free virtual = 77344
---------------------------------------------------------------------------------
---------------------------------------------------------------------------------
Start Renaming Generated Instances
---------------------------------------------------------------------------------
---------------------------------------------------------------------------------
Finished Renaming Generated Instances : Time (s): cpu = 00:05:05 ; elapsed = 00:04:57 . Memory (MB): peak = 7719.742 ; gain = 4992.414 ; free physical = 31952 ; free virtual = 77343
---------------------------------------------------------------------------------
---------------------------------------------------------------------------------
Start Rebuilding User Hierarchy
---------------------------------------------------------------------------------
---------------------------------------------------------------------------------
Finished Rebuilding User Hierarchy : Time (s): cpu = 00:05:15 ; elapsed = 00:05:06 . Memory (MB): peak = 7719.742 ; gain = 4992.414 ; free physical = 31865 ; free virtual = 77256
---------------------------------------------------------------------------------
---------------------------------------------------------------------------------
Start Renaming Generated Ports
---------------------------------------------------------------------------------
---------------------------------------------------------------------------------
Finished Renaming Generated Ports : Time (s): cpu = 00:05:15 ; elapsed = 00:05:06 . Memory (MB): peak = 7719.742 ; gain = 4992.414 ; free physical = 31856 ; free virtual = 77247
---------------------------------------------------------------------------------
---------------------------------------------------------------------------------
Start Handling Custom Attributes
---------------------------------------------------------------------------------
---------------------------------------------------------------------------------
Finished Handling Custom Attributes : Time (s): cpu = 00:05:17 ; elapsed = 00:05:08 . Memory (MB): peak = 7719.742 ; gain = 4992.414 ; free physical = 31865 ; free virtual = 77252
---------------------------------------------------------------------------------
---------------------------------------------------------------------------------
Start Renaming Generated Nets
---------------------------------------------------------------------------------
---------------------------------------------------------------------------------
Finished Renaming Generated Nets : Time (s): cpu = 00:05:17 ; elapsed = 00:05:08 . Memory (MB): peak = 7719.742 ; gain = 4992.414 ; free physical = 31865 ; free virtual = 77252
---------------------------------------------------------------------------------
---------------------------------------------------------------------------------
Start ROM, RAM, DSP, Shift Register and Retiming Reporting
---------------------------------------------------------------------------------

Static Shift Register Report:
+------------+---------------------------------------------------------------------------------------------------------------------------------------------------------+--------+-------+--------------+--------------------+-------------------+--------+---------+
|Module Name | RTL Name                                                                                                                                                | Length | Width | Reset Signal | Pull out first Reg | Pull out last Reg | SRL16E | SRLC32E | 
+------------+---------------------------------------------------------------------------------------------------------------------------------------------------------+--------+-------+--------------+--------------------+-------------------+--------+---------+
|fpga        | core_inst/core_inst/core_pcie_inst/core_inst/iface[0].interface_inst/interface_rx_inst/rx_engine_inst/mqnic_rx_queue_map_inst/resp_tag_reg_reg[4]       | 3      | 138   | NO           | NO                 | YES               | 138    | 0       | 
|fpga        | core_inst/core_inst/core_pcie_inst/core_inst/iface[0].interface_inst/tx_qm_inst/write_data_pipeline_reg_reg[3][15]                                      | 4      | 76    | NO           | NO                 | YES               | 76     | 0       | 
|fpga        | core_inst/core_inst/core_pcie_inst/core_inst/iface[0].interface_inst/tx_qm_inst/req_tag_pipeline_reg_reg[3][5]                                          | 3      | 12    | NO           | NO                 | NO                | 12     | 0       | 
|fpga        | core_inst/core_inst/core_pcie_inst/core_inst/iface[0].interface_inst/cqm_inst/write_data_pipeline_reg_reg[4][15]                                        | 5      | 32    | NO           | NO                 | YES               | 32     | 0       | 
|fpga        | core_inst/core_inst/core_pcie_inst/core_inst/iface[0].interface_inst/cqm_inst/req_tag_pipeline_reg_reg[4][4]                                            | 4      | 10    | NO           | NO                 | NO                | 10     | 0       | 
|fpga        | core_inst/core_inst/core_pcie_inst/core_inst/dma_if_mux.dma_if_mux_ctrl_inst/dma_if_mux_wr_inst/dma_if_desc_mux_inst/m_axis_desc_status_tag_reg_reg[13] | 3      | 1     | NO           | NO                 | YES               | 1      | 0       | 
|fpga        | core_inst/core_inst/core_pcie_inst/core_inst/dma_if_mux.dma_if_mux_data_inst/dma_if_mux_wr_inst/dma_if_desc_mux_inst/m_axis_desc_status_tag_reg_reg[0]  | 3      | 5     | NO           | NO                 | YES               | 5      | 0       | 
|fpga        | core_inst/core_inst/core_pcie_inst/core_inst/dma_if_mux.dma_if_mux_data_inst/dma_if_mux_rd_inst/dma_if_desc_mux_inst/m_axis_desc_status_tag_reg_reg[0]  | 3      | 5     | NO           | NO                 | YES               | 5      | 0       | 
+------------+---------------------------------------------------------------------------------------------------------------------------------------------------------+--------+-------+--------------+--------------------+-------------------+--------+---------+

---------------------------------------------------------------------------------
Finished ROM, RAM, DSP, Shift Register and Retiming Reporting
---------------------------------------------------------------------------------
---------------------------------------------------------------------------------
Start Writing Synthesis Report
---------------------------------------------------------------------------------

Report BlackBoxes: 
+------+---------------------+----------+
|      |BlackBox name        |Instances |
+------+---------------------+----------+
|1     |pcie4_uscale_plus_0  |         1|
|2     |eth_xcvr_gty_full    |         2|
|3     |eth_xcvr_gty_channel |         6|
+------+---------------------+----------+

Report Cell Usage: 
+------+---------------------+------+
|      |Cell                 |Count |
+------+---------------------+------+
|1     |eth_xcvr_gty_channel |     6|
|7     |eth_xcvr_gty_full    |     2|
|9     |pcie4_uscale_plus    |     1|
|10    |BUFG                 |     2|
|11    |BUFG_GT              |     2|
|12    |CARRY8               |  1137|
|13    |IBUFDS_GTE4          |     3|
|14    |ICAPE3               |     1|
|15    |LUT1                 |  1472|
|16    |LUT2                 |  8856|
|17    |LUT3                 | 12934|
|18    |LUT4                 |  7785|
|19    |LUT5                 | 11332|
|20    |LUT6                 | 24026|
|21    |MMCME4_BASE          |     1|
|22    |MUXF7                |  1285|
|23    |MUXF8                |   198|
|24    |RAM256X1D            |    14|
|25    |RAM256X1S            |     4|
|26    |RAM32M               |    39|
|27    |RAM32M16             |  1058|
|28    |RAM32X1D             |   181|
|29    |RAM32X1S             |    48|
|30    |RAM64M               |    25|
|31    |RAM64M8              |   108|
|32    |RAM64X1D             |     8|
|33    |RAM64X1S             |    19|
|34    |RAMB18E2             |     8|
|37    |RAMB36E2             |   190|
|48    |SRL16E               |   279|
|49    |STARTUPE3            |     1|
|50    |URAM288              |    33|
|56    |FDCE                 |    40|
|57    |FDPE                 |    70|
|58    |FDRE                 | 70465|
|59    |FDSE                 |  1008|
|60    |IBUF                 |     4|
|61    |IBUFGDS              |     1|
|62    |IOBUF                |     8|
|63    |OBUF                 |    16|
|64    |OBUFT                |    50|
|65    |OBUFTDS              |     2|
+------+---------------------+------+
---------------------------------------------------------------------------------
Finished Writing Synthesis Report : Time (s): cpu = 00:05:17 ; elapsed = 00:05:08 . Memory (MB): peak = 7719.742 ; gain = 4992.414 ; free physical = 31866 ; free virtual = 77253
---------------------------------------------------------------------------------
Synthesis finished with 0 errors, 0 critical warnings and 987 warnings.
Synthesis Optimization Runtime : Time (s): cpu = 00:06:31 ; elapsed = 00:04:36 . Memory (MB): peak = 7719.742 ; gain = 4409.230 ; free physical = 42959 ; free virtual = 88350
Synthesis Optimization Complete : Time (s): cpu = 00:07:23 ; elapsed = 00:05:12 . Memory (MB): peak = 7719.742 ; gain = 4992.414 ; free physical = 42959 ; free virtual = 88323
INFO: [Project 1-571] Translating synthesized netlist
Netlist sorting complete. Time (s): cpu = 00:00:00.48 ; elapsed = 00:00:00.48 . Memory (MB): peak = 7719.742 ; gain = 0.000 ; free physical = 42972 ; free virtual = 88340
INFO: [Netlist 29-17] Analyzing 4142 Unisim elements for replacement
INFO: [Netlist 29-28] Unisim Transformation completed in 0 CPU seconds
INFO: [Project 1-570] Preparing netlist for logic optimization
INFO: [Opt 31-138] Pushed 0 inverter(s) to 0 load pin(s).
INFO: [Opt 31-441] Inserted BUFG_GT_SYNC BUFG_GT_SYNC for BUFG_GT bufg_gt_qsfp_0_mgt_refclk_inst
INFO: [Opt 31-441] Inserted BUFG_GT_SYNC BUFG_GT_SYNC_1 for BUFG_GT bufg_gt_qsfp_1_mgt_refclk_inst
INFO: [Opt 31-326] The CLKFBOUT to CLKFBIN net for instance clk_mmcm_inst with COMPENSATION=INTERNAL is optimized away to aid design routability
Netlist sorting complete. Time (s): cpu = 00:00:00.03 ; elapsed = 00:00:00.02 . Memory (MB): peak = 7719.742 ; gain = 0.000 ; free physical = 42959 ; free virtual = 88337
INFO: [Project 1-111] Unisim Transformation Summary:
  A total of 1522 instances were transformed.
  BUFG => BUFGCE: 2 instances
  IBUF => IBUF (IBUFCTRL, INBUF): 4 instances
  IBUFGDS => IBUFDS (DIFFINBUF, IBUFCTRL): 1 instance 
  IOBUF => IOBUF (IBUFCTRL, INBUF, OBUFT): 8 instances
  MMCME4_BASE => MMCME4_ADV: 1 instance 
  OBUFTDS => OBUFTDS_DUAL_BUF (INV, OBUFT(x2)): 2 instances
  RAM256X1D => RAM256X1D (MUXF7(x4), MUXF8(x2), RAMD64E(x8)): 14 instances
  RAM256X1S => RAM256X1S (MUXF7(x2), MUXF8, RAMS64E(x4)): 4 instances
  RAM32M => RAM32M (RAMD32(x6), RAMS32(x2)): 39 instances
  RAM32M16 => RAM32M16 (RAMD32(x14), RAMS32(x2)): 1058 instances
  RAM32X1D => RAM32X1D (RAMD32(x2)): 181 instances
  RAM32X1S => RAM32X1S (RAMS32): 48 instances
  RAM64M => RAM64M (RAMD64E(x4)): 25 instances
  RAM64M8 => RAM64M8 (RAMD64E(x8)): 108 instances
  RAM64X1D => RAM64X1D (RAMD64E(x2)): 8 instances
  RAM64X1S => RAM64X1S (RAMS64E): 19 instances

Synth Design complete | Checksum: 6dc26be3
INFO: [Common 17-83] Releasing license: Synthesis
1133 Infos, 593 Warnings, 0 Critical Warnings and 0 Errors encountered.
synth_design completed successfully
synth_design: Time (s): cpu = 00:07:42 ; elapsed = 00:05:29 . Memory (MB): peak = 7719.742 ; gain = 5984.461 ; free physical = 42971 ; free virtual = 88341
INFO: [Common 17-2834] synth_design peak Physical Memory [PSS] (MB): overall = 16268.210; main = 6047.057; forked = 11434.578
INFO: [Common 17-2834] synth_design peak Virtual Memory [VSS] (MB): overall = 24718.031; main = 7716.004; forked = 17002.207
Write ShapeDB Complete: Time (s): cpu = 00:00:00.25 ; elapsed = 00:00:00.09 . Memory (MB): peak = 7740.012 ; gain = 0.000 ; free physical = 42937 ; free virtual = 88328
INFO: [Common 17-1381] The checkpoint '/home/keshav/Documents/Workspace/corundum/fpga/mqnic/ADM_PCIE_9V3/fpga_25g/fpga/fpga.runs/synth_1/fpga.dcp' has been generated.
write_checkpoint: Time (s): cpu = 00:00:08 ; elapsed = 00:00:07 . Memory (MB): peak = 7740.012 ; gain = 20.270 ; free physical = 42922 ; free virtual = 88362
INFO: [Vivado 12-24828] Executing command : report_utilization -file fpga_utilization_synth.rpt -pb fpga_utilization_synth.pb
INFO: [Common 17-206] Exiting Vivado at Wed Sep 30 21:16:41 2026...
[Wed Sep 30 21:16:42 2026] synth_1 finished
wait_on_runs: Time (s): cpu = 00:10:44 ; elapsed = 00:07:19 . Memory (MB): peak = 1771.035 ; gain = 0.000 ; free physical = 48165 ; free virtual = 93143
INFO: [Common 17-206] Exiting Vivado at Wed Sep 30 21:16:42 2026...
echo "open_project fpga.xpr" > run_impl.tcl
echo "reset_run impl_1" >> run_impl.tcl
echo "launch_runs -jobs 4 impl_1" >> run_impl.tcl
echo "wait_on_run impl_1" >> run_impl.tcl
echo "open_run impl_1" >> run_impl.tcl
echo "report_utilization -file fpga_utilization.rpt" >> run_impl.tcl
echo "report_utilization -hierarchical -file fpga_utilization_hierarchical.rpt" >> run_impl.tcl
vivado -nojournal -nolog -mode batch -source run_impl.tcl
INFO: [Common 17-3922] A valid Vivado Design Suite ENTERPRISE license has been detected. Your current license is active and will expire on 20-nov-2026.

****** Vivado v2026.1 (64-bit)
  **** SW Build 6511674 on Tue Jun 16 11:01:26 MDT 2026
  **** IP Build 6504888 on Tue Jun 09 09:05:25 MDT 2026
  **** SharedData Build 6501428 on Mon Jun 08 17:34:18 MDT 2026
  **** Start of session at: Wed Sep 30 21:16:42 2026
    ** Copyright 1986-2022 Xilinx, Inc. All Rights Reserved.
    ** Copyright 2022-2026 Advanced Micro Devices, Inc. All Rights Reserved.

source run_impl.tcl
# open_project fpga.xpr
Scanning sources...
Finished scanning sources
WARNING: [Project 1-5713] Board part '' set for the project  is not found. BoardPart property will be unset. Please select board from latest repo build 
INFO: [IP_Flow 19-234] Refreshing IP repositories
INFO: [IP_Flow 19-1704] No user IP repositories specified
INFO: [IP_Flow 19-2313] Loaded Vivado IP repository '/home/keshav/Xilinx/2026.1/data/ip'.
# reset_run impl_1
# launch_runs -jobs 4 impl_1
[Wed Sep 30 21:16:46 2026] Launched impl_1...
Run output will be captured here: /home/keshav/Documents/Workspace/corundum/fpga/mqnic/ADM_PCIE_9V3/fpga_25g/fpga/fpga.runs/impl_1/runme.log
# wait_on_run impl_1
[Wed Sep 30 21:16:46 2026] Waiting for impl_1 to finish...

*** Running vivado
    with args -log fpga.vdi -applog -m64 -product Vivado -messageDb vivado.pb -mode batch -source fpga.tcl -notrace

INFO: [Common 17-3922] A valid Vivado Design Suite ENTERPRISE license has been detected. Your current license is active and will expire on 20-nov-2026.
#-----------------------------------------------------------
# Vivado v2026.1 (64-bit)
# SW Build 6511674 on Tue Jun 16 11:01:26 MDT 2026
# IP Build 6504888 on Tue Jun 09 09:05:25 MDT 2026
# SharedData Build 6501428 on Mon Jun 08 17:34:18 MDT 2026
# Start of session at: Wed Sep 30 21:16:48 2026
# Process ID         : 33775
# Current directory  : /home/keshav/Documents/Workspace/corundum/fpga/mqnic/ADM_PCIE_9V3/fpga_25g/fpga/fpga.runs/impl_1
# Command line       : vivado -log fpga.vdi -applog -product Vivado -messageDb vivado.pb -mode batch -source fpga.tcl -notrace
# Log file           : /home/keshav/Documents/Workspace/corundum/fpga/mqnic/ADM_PCIE_9V3/fpga_25g/fpga/fpga.runs/impl_1/fpga.vdi
# Journal file       : /home/keshav/Documents/Workspace/corundum/fpga/mqnic/ADM_PCIE_9V3/fpga_25g/fpga/fpga.runs/impl_1/vivado.jou
# Running On         : bhaskar-office
# Platform           : Ubuntu
# Operating System   : Ubuntu 24.04.2 LTS
# Processor Detail   : Intel(R) Core(TM) i9-14900K
# CPU Frequency      : 1161.397 MHz
# CPU Physical cores : 24
# CPU Logical cores  : 32
# Host memory        : 67049 MB
# Swap memory        : 38860 MB
# Total Virtual      : 105909 MB
# Available Virtual  : 97651 MB
#-----------------------------------------------------------

****** Vivado v2026.1 (64-bit)
  **** SW Build 6511674 on Tue Jun 16 11:01:26 MDT 2026
  **** IP Build 6504888 on Tue Jun 09 09:05:25 MDT 2026
  **** SharedData Build 6501428 on Mon Jun 08 17:34:18 MDT 2026
  **** Start of session at: Wed Sep 30 21:16:48 2026
    ** Copyright 1986-2022 Xilinx, Inc. All Rights Reserved.
    ** Copyright 2022-2026 Advanced Micro Devices, Inc. All Rights Reserved.

source fpga.tcl -notrace
Command: link_design -top fpga -part xcvu3p-ffvc1517-2-e
Design is defaulting to srcset: sources_1
Design is defaulting to constrset: constrs_1
INFO: [Device 21-403] Loading part xcvu3p-ffvc1517-2-e
INFO: [Project 1-5699] Read binary netlist with skipMacroContent - 1
INFO: [Project 1-454] Reading design checkpoint '/home/keshav/Documents/Workspace/corundum/fpga/mqnic/ADM_PCIE_9V3/fpga_25g/fpga/fpga.gen/sources_1/ip/pcie4_uscale_plus_0/pcie4_uscale_plus_0.dcp' for cell 'pcie4_uscale_plus_inst'
INFO: [Project 1-454] Reading design checkpoint '/home/keshav/Documents/Workspace/corundum/fpga/mqnic/ADM_PCIE_9V3/fpga_25g/fpga/fpga.gen/sources_1/ip/eth_xcvr_gty_full/eth_xcvr_gty_full.dcp' for cell 'qsfp_0_phy_quad_inst/phy1.eth_xcvr_phy_1/xcvr_gty_com_usp.eth_xcvr_gty_full_inst'
INFO: [Project 1-454] Reading design checkpoint '/home/keshav/Documents/Workspace/corundum/fpga/mqnic/ADM_PCIE_9V3/fpga_25g/fpga/fpga.gen/sources_1/ip/eth_xcvr_gty_channel/eth_xcvr_gty_channel.dcp' for cell 'qsfp_0_phy_quad_inst/phy2.eth_xcvr_phy_2/xcvr_gty.eth_xcvr_gty_channel_inst'
Netlist sorting complete. Time (s): cpu = 00:00:00.38 ; elapsed = 00:00:00.38 . Memory (MB): peak = 2814.562 ; gain = 5.000 ; free physical = 46356 ; free virtual = 91408
INFO: [Netlist 29-17] Analyzing 4507 Unisim elements for replacement
INFO: [Netlist 29-28] Unisim Transformation completed in 0 CPU seconds
INFO: [Project 1-479] Netlist was created with Vivado 2026.1
INFO: [Project 1-570] Preparing netlist for logic optimization
Parsing XDC File [/home/keshav/Documents/Workspace/corundum/fpga/mqnic/ADM_PCIE_9V3/fpga_25g/fpga/fpga.gen/sources_1/ip/pcie4_uscale_plus_0/ip_0/synth/pcie4_uscale_plus_0_gt.xdc] for cell 'pcie4_uscale_plus_inst/inst/pcie4_uscale_plus_0_gt_top_i/diablo_gt.diablo_gt_phy_wrapper/gt_wizard.gtwizard_top_i/pcie4_uscale_plus_0_gt_i/inst'
Finished Parsing XDC File [/home/keshav/Documents/Workspace/corundum/fpga/mqnic/ADM_PCIE_9V3/fpga_25g/fpga/fpga.gen/sources_1/ip/pcie4_uscale_plus_0/ip_0/synth/pcie4_uscale_plus_0_gt.xdc] for cell 'pcie4_uscale_plus_inst/inst/pcie4_uscale_plus_0_gt_top_i/diablo_gt.diablo_gt_phy_wrapper/gt_wizard.gtwizard_top_i/pcie4_uscale_plus_0_gt_i/inst'
Parsing XDC File [/home/keshav/Documents/Workspace/corundum/fpga/mqnic/ADM_PCIE_9V3/fpga_25g/fpga/fpga.gen/sources_1/ip/pcie4_uscale_plus_0/source/ip_pcie4_uscale_plus_impl_x1y0.xdc] for cell 'pcie4_uscale_plus_inst/inst'
Finished Parsing XDC File [/home/keshav/Documents/Workspace/corundum/fpga/mqnic/ADM_PCIE_9V3/fpga_25g/fpga/fpga.gen/sources_1/ip/pcie4_uscale_plus_0/source/ip_pcie4_uscale_plus_impl_x1y0.xdc] for cell 'pcie4_uscale_plus_inst/inst'
Parsing XDC File [/home/keshav/Documents/Workspace/corundum/fpga/mqnic/ADM_PCIE_9V3/fpga_25g/fpga/fpga.gen/sources_1/ip/pcie4_uscale_plus_0/source/ip_pcie4_uscale_plus_x1y0.xdc] for cell 'pcie4_uscale_plus_inst/inst'
Finished Parsing XDC File [/home/keshav/Documents/Workspace/corundum/fpga/mqnic/ADM_PCIE_9V3/fpga_25g/fpga/fpga.gen/sources_1/ip/pcie4_uscale_plus_0/source/ip_pcie4_uscale_plus_x1y0.xdc] for cell 'pcie4_uscale_plus_inst/inst'
INFO: [Power 33-23] Power model is not available for startupe3_inst
INFO: [Timing 38-35] Done setting XDC timing constraints.
Parsing XDC File [/home/keshav/Documents/Workspace/corundum/fpga/mqnic/ADM_PCIE_9V3/fpga_25g/fpga/fpga.gen/sources_1/ip/eth_xcvr_gty_full/synth/eth_xcvr_gty_full.xdc] for cell 'qsfp_0_phy_quad_inst/phy1.eth_xcvr_phy_1/xcvr_gty_com_usp.eth_xcvr_gty_full_inst/inst'
Finished Parsing XDC File [/home/keshav/Documents/Workspace/corundum/fpga/mqnic/ADM_PCIE_9V3/fpga_25g/fpga/fpga.gen/sources_1/ip/eth_xcvr_gty_full/synth/eth_xcvr_gty_full.xdc] for cell 'qsfp_0_phy_quad_inst/phy1.eth_xcvr_phy_1/xcvr_gty_com_usp.eth_xcvr_gty_full_inst/inst'
Parsing XDC File [/home/keshav/Documents/Workspace/corundum/fpga/mqnic/ADM_PCIE_9V3/fpga_25g/fpga/fpga.gen/sources_1/ip/eth_xcvr_gty_full/synth/eth_xcvr_gty_full.xdc] for cell 'qsfp_1_phy_quad_inst/phy1.eth_xcvr_phy_1/xcvr_gty_com_usp.eth_xcvr_gty_full_inst/inst'
Finished Parsing XDC File [/home/keshav/Documents/Workspace/corundum/fpga/mqnic/ADM_PCIE_9V3/fpga_25g/fpga/fpga.gen/sources_1/ip/eth_xcvr_gty_full/synth/eth_xcvr_gty_full.xdc] for cell 'qsfp_1_phy_quad_inst/phy1.eth_xcvr_phy_1/xcvr_gty_com_usp.eth_xcvr_gty_full_inst/inst'
Parsing XDC File [/home/keshav/Documents/Workspace/corundum/fpga/mqnic/ADM_PCIE_9V3/fpga_25g/fpga/fpga.gen/sources_1/ip/eth_xcvr_gty_channel/synth/eth_xcvr_gty_channel.xdc] for cell 'qsfp_0_phy_quad_inst/phy2.eth_xcvr_phy_2/xcvr_gty.eth_xcvr_gty_channel_inst/inst'
Finished Parsing XDC File [/home/keshav/Documents/Workspace/corundum/fpga/mqnic/ADM_PCIE_9V3/fpga_25g/fpga/fpga.gen/sources_1/ip/eth_xcvr_gty_channel/synth/eth_xcvr_gty_channel.xdc] for cell 'qsfp_0_phy_quad_inst/phy2.eth_xcvr_phy_2/xcvr_gty.eth_xcvr_gty_channel_inst/inst'
Parsing XDC File [/home/keshav/Documents/Workspace/corundum/fpga/mqnic/ADM_PCIE_9V3/fpga_25g/fpga/fpga.gen/sources_1/ip/eth_xcvr_gty_channel/synth/eth_xcvr_gty_channel.xdc] for cell 'qsfp_0_phy_quad_inst/phy3.eth_xcvr_phy_3/xcvr_gty.eth_xcvr_gty_channel_inst/inst'
Finished Parsing XDC File [/home/keshav/Documents/Workspace/corundum/fpga/mqnic/ADM_PCIE_9V3/fpga_25g/fpga/fpga.gen/sources_1/ip/eth_xcvr_gty_channel/synth/eth_xcvr_gty_channel.xdc] for cell 'qsfp_0_phy_quad_inst/phy3.eth_xcvr_phy_3/xcvr_gty.eth_xcvr_gty_channel_inst/inst'
Parsing XDC File [/home/keshav/Documents/Workspace/corundum/fpga/mqnic/ADM_PCIE_9V3/fpga_25g/fpga/fpga.gen/sources_1/ip/eth_xcvr_gty_channel/synth/eth_xcvr_gty_channel.xdc] for cell 'qsfp_0_phy_quad_inst/phy4.eth_xcvr_phy_4/xcvr_gty.eth_xcvr_gty_channel_inst/inst'
Finished Parsing XDC File [/home/keshav/Documents/Workspace/corundum/fpga/mqnic/ADM_PCIE_9V3/fpga_25g/fpga/fpga.gen/sources_1/ip/eth_xcvr_gty_channel/synth/eth_xcvr_gty_channel.xdc] for cell 'qsfp_0_phy_quad_inst/phy4.eth_xcvr_phy_4/xcvr_gty.eth_xcvr_gty_channel_inst/inst'
Parsing XDC File [/home/keshav/Documents/Workspace/corundum/fpga/mqnic/ADM_PCIE_9V3/fpga_25g/fpga/fpga.gen/sources_1/ip/eth_xcvr_gty_channel/synth/eth_xcvr_gty_channel.xdc] for cell 'qsfp_1_phy_quad_inst/phy2.eth_xcvr_phy_2/xcvr_gty.eth_xcvr_gty_channel_inst/inst'
Finished Parsing XDC File [/home/keshav/Documents/Workspace/corundum/fpga/mqnic/ADM_PCIE_9V3/fpga_25g/fpga/fpga.gen/sources_1/ip/eth_xcvr_gty_channel/synth/eth_xcvr_gty_channel.xdc] for cell 'qsfp_1_phy_quad_inst/phy2.eth_xcvr_phy_2/xcvr_gty.eth_xcvr_gty_channel_inst/inst'
Parsing XDC File [/home/keshav/Documents/Workspace/corundum/fpga/mqnic/ADM_PCIE_9V3/fpga_25g/fpga/fpga.gen/sources_1/ip/eth_xcvr_gty_channel/synth/eth_xcvr_gty_channel.xdc] for cell 'qsfp_1_phy_quad_inst/phy3.eth_xcvr_phy_3/xcvr_gty.eth_xcvr_gty_channel_inst/inst'
Finished Parsing XDC File [/home/keshav/Documents/Workspace/corundum/fpga/mqnic/ADM_PCIE_9V3/fpga_25g/fpga/fpga.gen/sources_1/ip/eth_xcvr_gty_channel/synth/eth_xcvr_gty_channel.xdc] for cell 'qsfp_1_phy_quad_inst/phy3.eth_xcvr_phy_3/xcvr_gty.eth_xcvr_gty_channel_inst/inst'
Parsing XDC File [/home/keshav/Documents/Workspace/corundum/fpga/mqnic/ADM_PCIE_9V3/fpga_25g/fpga/fpga.gen/sources_1/ip/eth_xcvr_gty_channel/synth/eth_xcvr_gty_channel.xdc] for cell 'qsfp_1_phy_quad_inst/phy4.eth_xcvr_phy_4/xcvr_gty.eth_xcvr_gty_channel_inst/inst'
Finished Parsing XDC File [/home/keshav/Documents/Workspace/corundum/fpga/mqnic/ADM_PCIE_9V3/fpga_25g/fpga/fpga.gen/sources_1/ip/eth_xcvr_gty_channel/synth/eth_xcvr_gty_channel.xdc] for cell 'qsfp_1_phy_quad_inst/phy4.eth_xcvr_phy_4/xcvr_gty.eth_xcvr_gty_channel_inst/inst'
Parsing XDC File [/home/keshav/Documents/Workspace/corundum/fpga/mqnic/ADM_PCIE_9V3/fpga_25g/fpga.xdc]
INFO: [Constraints 18-632] set_output_delay: No clock object specified, the clocks will be automatically identified [/home/keshav/Documents/Workspace/corundum/fpga/mqnic/ADM_PCIE_9V3/fpga_25g/fpga.xdc:38]
INFO: [Constraints 18-632] set_input_delay: No clock object specified, the clocks will be automatically identified [/home/keshav/Documents/Workspace/corundum/fpga/mqnic/ADM_PCIE_9V3/fpga_25g/fpga.xdc:45]
INFO: [Constraints 18-632] set_output_delay: No clock object specified, the clocks will be automatically identified [/home/keshav/Documents/Workspace/corundum/fpga/mqnic/ADM_PCIE_9V3/fpga_25g/fpga.xdc:108]
INFO: [Constraints 18-632] set_input_delay: No clock object specified, the clocks will be automatically identified [/home/keshav/Documents/Workspace/corundum/fpga/mqnic/ADM_PCIE_9V3/fpga_25g/fpga.xdc:110]
INFO: [Constraints 18-632] set_output_delay: No clock object specified, the clocks will be automatically identified [/home/keshav/Documents/Workspace/corundum/fpga/mqnic/ADM_PCIE_9V3/fpga_25g/fpga.xdc:113]
INFO: [Constraints 18-632] set_input_delay: No clock object specified, the clocks will be automatically identified [/home/keshav/Documents/Workspace/corundum/fpga/mqnic/ADM_PCIE_9V3/fpga_25g/fpga.xdc:115]
INFO: [Constraints 18-632] set_output_delay: No clock object specified, the clocks will be automatically identified [/home/keshav/Documents/Workspace/corundum/fpga/mqnic/ADM_PCIE_9V3/fpga_25g/fpga.xdc:123]
INFO: [Constraints 18-632] set_input_delay: No clock object specified, the clocks will be automatically identified [/home/keshav/Documents/Workspace/corundum/fpga/mqnic/ADM_PCIE_9V3/fpga_25g/fpga.xdc:125]
INFO: [Constraints 18-632] set_input_delay: No clock object specified, the clocks will be automatically identified [/home/keshav/Documents/Workspace/corundum/fpga/mqnic/ADM_PCIE_9V3/fpga_25g/fpga.xdc:204]
INFO: [Constraints 18-632] set_output_delay: No clock object specified, the clocks will be automatically identified [/home/keshav/Documents/Workspace/corundum/fpga/mqnic/ADM_PCIE_9V3/fpga_25g/fpga.xdc:490]
INFO: [Constraints 18-632] set_input_delay: No clock object specified, the clocks will be automatically identified [/home/keshav/Documents/Workspace/corundum/fpga/mqnic/ADM_PCIE_9V3/fpga_25g/fpga.xdc:492]
Finished Parsing XDC File [/home/keshav/Documents/Workspace/corundum/fpga/mqnic/ADM_PCIE_9V3/fpga_25g/fpga.xdc]
Parsing XDC File [/home/keshav/Documents/Workspace/corundum/fpga/mqnic/ADM_PCIE_9V3/fpga_25g/placement.xdc]
INFO: [Vivado 12-3520] Assignment of 'rx_async_fifo_inst, and rx_async_fifo_inst' to a pblock 'pblock_eth' means that all children of 'port_rx_inst, and port_rx_inst' are in the pblock. Changing the pblock assignment to 'port_rx_inst, and port_rx_inst'. [/home/keshav/Documents/Workspace/corundum/fpga/mqnic/ADM_PCIE_9V3/fpga_25g/placement.xdc:14]
INFO: [Vivado 12-3520] Assignment of 'tx_cpl_fifo_inst, and tx_cpl_fifo_inst' to a pblock 'pblock_eth' means that all children of 'port_tx_inst, and port_tx_inst' are in the pblock. Changing the pblock assignment to 'port_tx_inst, and port_tx_inst'. [/home/keshav/Documents/Workspace/corundum/fpga/mqnic/ADM_PCIE_9V3/fpga_25g/placement.xdc:15]
Finished Parsing XDC File [/home/keshav/Documents/Workspace/corundum/fpga/mqnic/ADM_PCIE_9V3/fpga_25g/placement.xdc]
Parsing XDC File [/home/keshav/Documents/Workspace/corundum/fpga/mqnic/ADM_PCIE_9V3/fpga_25g/boot.xdc]
Finished Parsing XDC File [/home/keshav/Documents/Workspace/corundum/fpga/mqnic/ADM_PCIE_9V3/fpga_25g/boot.xdc]
Sourcing Tcl File [/home/keshav/Documents/Workspace/corundum/fpga/mqnic/ADM_PCIE_9V3/fpga_25g/lib/axis/syn/vivado/axis_async_fifo.tcl]
Inserting timing constraints for axis_async_fifo instance core_inst/core_inst/core_pcie_inst/core_inst/iface[0].interface_inst/port[0].port_inst/port_rx_inst/rx_async_fifo_inst/fifo_inst
WARNING: [Timing 38-277] The instance 'qsfp_0_phy_quad_inst/phy1.eth_xcvr_phy_1/xcvr_gty_com_usp.eth_xcvr_gty_full_inst/inst/gen_gtwizard_gtye4_top.eth_xcvr_gty_full_gtwizard_gtye4_inst/gen_gtwizard_gtye4.gen_channel_container[0].gen_enabled_channel.gtye4_channel_wrapper_inst/channel_inst/gtye4_channel_gen.gen_gtye4_channel_inst[0].GTYE4_CHANNEL_PRIM_INST' has RXPLLCLKSEL pins that are not constant, so the corresponding mux will select the input(s) having the worst case (highest frequency) clock(s) for automatic derivation of generated clocks [/home/keshav/Documents/Workspace/corundum/fpga/mqnic/ADM_PCIE_9V3/fpga_25g/lib/axis/syn/vivado/axis_async_fifo.tcl:23]
WARNING: [Timing 38-277] The instance 'qsfp_0_phy_quad_inst/phy1.eth_xcvr_phy_1/xcvr_gty_com_usp.eth_xcvr_gty_full_inst/inst/gen_gtwizard_gtye4_top.eth_xcvr_gty_full_gtwizard_gtye4_inst/gen_gtwizard_gtye4.gen_channel_container[0].gen_enabled_channel.gtye4_channel_wrapper_inst/channel_inst/gtye4_channel_gen.gen_gtye4_channel_inst[0].GTYE4_CHANNEL_PRIM_INST' has TXPLLCLKSEL pins that are not constant, so the corresponding mux will select the input(s) having the worst case (highest frequency) clock(s) for automatic derivation of generated clocks [/home/keshav/Documents/Workspace/corundum/fpga/mqnic/ADM_PCIE_9V3/fpga_25g/lib/axis/syn/vivado/axis_async_fifo.tcl:23]
WARNING: [Timing 38-277] The instance 'qsfp_0_phy_quad_inst/phy2.eth_xcvr_phy_2/xcvr_gty.eth_xcvr_gty_channel_inst/inst/gen_gtwizard_gtye4_top.eth_xcvr_gty_channel_gtwizard_gtye4_inst/gen_gtwizard_gtye4.gen_channel_container[0].gen_enabled_channel.gtye4_channel_wrapper_inst/channel_inst/gtye4_channel_gen.gen_gtye4_channel_inst[0].GTYE4_CHANNEL_PRIM_INST' has RXPLLCLKSEL pins that are not constant, so the corresponding mux will select the input(s) having the worst case (highest frequency) clock(s) for automatic derivation of generated clocks [/home/keshav/Documents/Workspace/corundum/fpga/mqnic/ADM_PCIE_9V3/fpga_25g/lib/axis/syn/vivado/axis_async_fifo.tcl:23]
WARNING: [Timing 38-277] The instance 'qsfp_0_phy_quad_inst/phy2.eth_xcvr_phy_2/xcvr_gty.eth_xcvr_gty_channel_inst/inst/gen_gtwizard_gtye4_top.eth_xcvr_gty_channel_gtwizard_gtye4_inst/gen_gtwizard_gtye4.gen_channel_container[0].gen_enabled_channel.gtye4_channel_wrapper_inst/channel_inst/gtye4_channel_gen.gen_gtye4_channel_inst[0].GTYE4_CHANNEL_PRIM_INST' has TXPLLCLKSEL pins that are not constant, so the corresponding mux will select the input(s) having the worst case (highest frequency) clock(s) for automatic derivation of generated clocks [/home/keshav/Documents/Workspace/corundum/fpga/mqnic/ADM_PCIE_9V3/fpga_25g/lib/axis/syn/vivado/axis_async_fifo.tcl:23]
WARNING: [Timing 38-277] The instance 'qsfp_0_phy_quad_inst/phy3.eth_xcvr_phy_3/xcvr_gty.eth_xcvr_gty_channel_inst/inst/gen_gtwizard_gtye4_top.eth_xcvr_gty_channel_gtwizard_gtye4_inst/gen_gtwizard_gtye4.gen_channel_container[0].gen_enabled_channel.gtye4_channel_wrapper_inst/channel_inst/gtye4_channel_gen.gen_gtye4_channel_inst[0].GTYE4_CHANNEL_PRIM_INST' has RXPLLCLKSEL pins that are not constant, so the corresponding mux will select the input(s) having the worst case (highest frequency) clock(s) for automatic derivation of generated clocks [/home/keshav/Documents/Workspace/corundum/fpga/mqnic/ADM_PCIE_9V3/fpga_25g/lib/axis/syn/vivado/axis_async_fifo.tcl:23]
WARNING: [Timing 38-277] The instance 'qsfp_0_phy_quad_inst/phy3.eth_xcvr_phy_3/xcvr_gty.eth_xcvr_gty_channel_inst/inst/gen_gtwizard_gtye4_top.eth_xcvr_gty_channel_gtwizard_gtye4_inst/gen_gtwizard_gtye4.gen_channel_container[0].gen_enabled_channel.gtye4_channel_wrapper_inst/channel_inst/gtye4_channel_gen.gen_gtye4_channel_inst[0].GTYE4_CHANNEL_PRIM_INST' has TXPLLCLKSEL pins that are not constant, so the corresponding mux will select the input(s) having the worst case (highest frequency) clock(s) for automatic derivation of generated clocks [/home/keshav/Documents/Workspace/corundum/fpga/mqnic/ADM_PCIE_9V3/fpga_25g/lib/axis/syn/vivado/axis_async_fifo.tcl:23]
WARNING: [Timing 38-277] The instance 'qsfp_0_phy_quad_inst/phy4.eth_xcvr_phy_4/xcvr_gty.eth_xcvr_gty_channel_inst/inst/gen_gtwizard_gtye4_top.eth_xcvr_gty_channel_gtwizard_gtye4_inst/gen_gtwizard_gtye4.gen_channel_container[0].gen_enabled_channel.gtye4_channel_wrapper_inst/channel_inst/gtye4_channel_gen.gen_gtye4_channel_inst[0].GTYE4_CHANNEL_PRIM_INST' has RXPLLCLKSEL pins that are not constant, so the corresponding mux will select the input(s) having the worst case (highest frequency) clock(s) for automatic derivation of generated clocks [/home/keshav/Documents/Workspace/corundum/fpga/mqnic/ADM_PCIE_9V3/fpga_25g/lib/axis/syn/vivado/axis_async_fifo.tcl:23]
WARNING: [Timing 38-277] The instance 'qsfp_0_phy_quad_inst/phy4.eth_xcvr_phy_4/xcvr_gty.eth_xcvr_gty_channel_inst/inst/gen_gtwizard_gtye4_top.eth_xcvr_gty_channel_gtwizard_gtye4_inst/gen_gtwizard_gtye4.gen_channel_container[0].gen_enabled_channel.gtye4_channel_wrapper_inst/channel_inst/gtye4_channel_gen.gen_gtye4_channel_inst[0].GTYE4_CHANNEL_PRIM_INST' has TXPLLCLKSEL pins that are not constant, so the corresponding mux will select the input(s) having the worst case (highest frequency) clock(s) for automatic derivation of generated clocks [/home/keshav/Documents/Workspace/corundum/fpga/mqnic/ADM_PCIE_9V3/fpga_25g/lib/axis/syn/vivado/axis_async_fifo.tcl:23]
WARNING: [Timing 38-277] The instance 'qsfp_1_phy_quad_inst/phy1.eth_xcvr_phy_1/xcvr_gty_com_usp.eth_xcvr_gty_full_inst/inst/gen_gtwizard_gtye4_top.eth_xcvr_gty_full_gtwizard_gtye4_inst/gen_gtwizard_gtye4.gen_channel_container[0].gen_enabled_channel.gtye4_channel_wrapper_inst/channel_inst/gtye4_channel_gen.gen_gtye4_channel_inst[0].GTYE4_CHANNEL_PRIM_INST' has RXPLLCLKSEL pins that are not constant, so the corresponding mux will select the input(s) having the worst case (highest frequency) clock(s) for automatic derivation of generated clocks [/home/keshav/Documents/Workspace/corundum/fpga/mqnic/ADM_PCIE_9V3/fpga_25g/lib/axis/syn/vivado/axis_async_fifo.tcl:23]
WARNING: [Timing 38-277] The instance 'qsfp_1_phy_quad_inst/phy1.eth_xcvr_phy_1/xcvr_gty_com_usp.eth_xcvr_gty_full_inst/inst/gen_gtwizard_gtye4_top.eth_xcvr_gty_full_gtwizard_gtye4_inst/gen_gtwizard_gtye4.gen_channel_container[0].gen_enabled_channel.gtye4_channel_wrapper_inst/channel_inst/gtye4_channel_gen.gen_gtye4_channel_inst[0].GTYE4_CHANNEL_PRIM_INST' has TXPLLCLKSEL pins that are not constant, so the corresponding mux will select the input(s) having the worst case (highest frequency) clock(s) for automatic derivation of generated clocks [/home/keshav/Documents/Workspace/corundum/fpga/mqnic/ADM_PCIE_9V3/fpga_25g/lib/axis/syn/vivado/axis_async_fifo.tcl:23]
WARNING: [Timing 38-277] The instance 'qsfp_1_phy_quad_inst/phy2.eth_xcvr_phy_2/xcvr_gty.eth_xcvr_gty_channel_inst/inst/gen_gtwizard_gtye4_top.eth_xcvr_gty_channel_gtwizard_gtye4_inst/gen_gtwizard_gtye4.gen_channel_container[0].gen_enabled_channel.gtye4_channel_wrapper_inst/channel_inst/gtye4_channel_gen.gen_gtye4_channel_inst[0].GTYE4_CHANNEL_PRIM_INST' has RXPLLCLKSEL pins that are not constant, so the corresponding mux will select the input(s) having the worst case (highest frequency) clock(s) for automatic derivation of generated clocks [/home/keshav/Documents/Workspace/corundum/fpga/mqnic/ADM_PCIE_9V3/fpga_25g/lib/axis/syn/vivado/axis_async_fifo.tcl:23]
WARNING: [Timing 38-277] The instance 'qsfp_1_phy_quad_inst/phy2.eth_xcvr_phy_2/xcvr_gty.eth_xcvr_gty_channel_inst/inst/gen_gtwizard_gtye4_top.eth_xcvr_gty_channel_gtwizard_gtye4_inst/gen_gtwizard_gtye4.gen_channel_container[0].gen_enabled_channel.gtye4_channel_wrapper_inst/channel_inst/gtye4_channel_gen.gen_gtye4_channel_inst[0].GTYE4_CHANNEL_PRIM_INST' has TXPLLCLKSEL pins that are not constant, so the corresponding mux will select the input(s) having the worst case (highest frequency) clock(s) for automatic derivation of generated clocks [/home/keshav/Documents/Workspace/corundum/fpga/mqnic/ADM_PCIE_9V3/fpga_25g/lib/axis/syn/vivado/axis_async_fifo.tcl:23]
WARNING: [Timing 38-277] The instance 'qsfp_1_phy_quad_inst/phy3.eth_xcvr_phy_3/xcvr_gty.eth_xcvr_gty_channel_inst/inst/gen_gtwizard_gtye4_top.eth_xcvr_gty_channel_gtwizard_gtye4_inst/gen_gtwizard_gtye4.gen_channel_container[0].gen_enabled_channel.gtye4_channel_wrapper_inst/channel_inst/gtye4_channel_gen.gen_gtye4_channel_inst[0].GTYE4_CHANNEL_PRIM_INST' has RXPLLCLKSEL pins that are not constant, so the corresponding mux will select the input(s) having the worst case (highest frequency) clock(s) for automatic derivation of generated clocks [/home/keshav/Documents/Workspace/corundum/fpga/mqnic/ADM_PCIE_9V3/fpga_25g/lib/axis/syn/vivado/axis_async_fifo.tcl:23]
WARNING: [Timing 38-277] The instance 'qsfp_1_phy_quad_inst/phy3.eth_xcvr_phy_3/xcvr_gty.eth_xcvr_gty_channel_inst/inst/gen_gtwizard_gtye4_top.eth_xcvr_gty_channel_gtwizard_gtye4_inst/gen_gtwizard_gtye4.gen_channel_container[0].gen_enabled_channel.gtye4_channel_wrapper_inst/channel_inst/gtye4_channel_gen.gen_gtye4_channel_inst[0].GTYE4_CHANNEL_PRIM_INST' has TXPLLCLKSEL pins that are not constant, so the corresponding mux will select the input(s) having the worst case (highest frequency) clock(s) for automatic derivation of generated clocks [/home/keshav/Documents/Workspace/corundum/fpga/mqnic/ADM_PCIE_9V3/fpga_25g/lib/axis/syn/vivado/axis_async_fifo.tcl:23]
WARNING: [Timing 38-277] The instance 'qsfp_1_phy_quad_inst/phy4.eth_xcvr_phy_4/xcvr_gty.eth_xcvr_gty_channel_inst/inst/gen_gtwizard_gtye4_top.eth_xcvr_gty_channel_gtwizard_gtye4_inst/gen_gtwizard_gtye4.gen_channel_container[0].gen_enabled_channel.gtye4_channel_wrapper_inst/channel_inst/gtye4_channel_gen.gen_gtye4_channel_inst[0].GTYE4_CHANNEL_PRIM_INST' has RXPLLCLKSEL pins that are not constant, so the corresponding mux will select the input(s) having the worst case (highest frequency) clock(s) for automatic derivation of generated clocks [/home/keshav/Documents/Workspace/corundum/fpga/mqnic/ADM_PCIE_9V3/fpga_25g/lib/axis/syn/vivado/axis_async_fifo.tcl:23]
WARNING: [Timing 38-277] The instance 'qsfp_1_phy_quad_inst/phy4.eth_xcvr_phy_4/xcvr_gty.eth_xcvr_gty_channel_inst/inst/gen_gtwizard_gtye4_top.eth_xcvr_gty_channel_gtwizard_gtye4_inst/gen_gtwizard_gtye4.gen_channel_container[0].gen_enabled_channel.gtye4_channel_wrapper_inst/channel_inst/gtye4_channel_gen.gen_gtye4_channel_inst[0].GTYE4_CHANNEL_PRIM_INST' has TXPLLCLKSEL pins that are not constant, so the corresponding mux will select the input(s) having the worst case (highest frequency) clock(s) for automatic derivation of generated clocks [/home/keshav/Documents/Workspace/corundum/fpga/mqnic/ADM_PCIE_9V3/fpga_25g/lib/axis/syn/vivado/axis_async_fifo.tcl:23]
INFO: [Timing 38-2] Deriving generated clocks [/home/keshav/Documents/Workspace/corundum/fpga/mqnic/ADM_PCIE_9V3/fpga_25g/lib/axis/syn/vivado/axis_async_fifo.tcl:23]
Inserting timing constraints for axis_async_fifo instance core_inst/core_inst/core_pcie_inst/core_inst/iface[0].interface_inst/port[0].port_inst/port_tx_inst/tx_cpl_fifo_inst
Inserting timing constraints for axis_async_fifo instance core_inst/core_inst/core_pcie_inst/core_inst/iface[0].interface_inst/port[0].port_inst/port_tx_inst/tx_async_fifo_inst/fifo_inst
Inserting timing constraints for axis_async_fifo instance core_inst/core_inst/core_pcie_inst/core_inst/iface[1].interface_inst/port[0].port_inst/port_rx_inst/rx_async_fifo_inst/fifo_inst
Inserting timing constraints for axis_async_fifo instance core_inst/core_inst/core_pcie_inst/core_inst/iface[1].interface_inst/port[0].port_inst/port_tx_inst/tx_cpl_fifo_inst
Inserting timing constraints for axis_async_fifo instance core_inst/core_inst/core_pcie_inst/core_inst/iface[1].interface_inst/port[0].port_inst/port_tx_inst/tx_async_fifo_inst/fifo_inst
Finished Sourcing Tcl File [/home/keshav/Documents/Workspace/corundum/fpga/mqnic/ADM_PCIE_9V3/fpga_25g/lib/axis/syn/vivado/axis_async_fifo.tcl]
Sourcing Tcl File [/home/keshav/Documents/Workspace/corundum/fpga/mqnic/ADM_PCIE_9V3/fpga_25g/lib/axis/syn/vivado/sync_reset.tcl]
Inserting timing constraints for sync_reset instance qsfp_0_sync_reset_inst
Inserting timing constraints for sync_reset instance qsfp_1_sync_reset_inst
Inserting timing constraints for sync_reset instance sync_reset_125mhz_inst
Inserting timing constraints for sync_reset instance qsfp_0_phy_quad_inst/phy1.eth_xcvr_phy_1/rx_reset_sync_inst
Inserting timing constraints for sync_reset instance qsfp_0_phy_quad_inst/phy1.eth_xcvr_phy_1/sync_reset_common_reset_inst
Inserting timing constraints for sync_reset instance qsfp_0_phy_quad_inst/phy1.eth_xcvr_phy_1/tx_reset_sync_inst
Inserting timing constraints for sync_reset instance qsfp_0_phy_quad_inst/phy2.eth_xcvr_phy_2/rx_reset_sync_inst
Inserting timing constraints for sync_reset instance qsfp_0_phy_quad_inst/phy3.eth_xcvr_phy_3/rx_reset_sync_inst
Inserting timing constraints for sync_reset instance qsfp_0_phy_quad_inst/phy4.eth_xcvr_phy_4/rx_reset_sync_inst
Inserting timing constraints for sync_reset instance qsfp_1_phy_quad_inst/phy1.eth_xcvr_phy_1/rx_reset_sync_inst
Inserting timing constraints for sync_reset instance qsfp_1_phy_quad_inst/phy1.eth_xcvr_phy_1/sync_reset_common_reset_inst
Inserting timing constraints for sync_reset instance qsfp_1_phy_quad_inst/phy1.eth_xcvr_phy_1/tx_reset_sync_inst
Inserting timing constraints for sync_reset instance qsfp_1_phy_quad_inst/phy2.eth_xcvr_phy_2/rx_reset_sync_inst
Inserting timing constraints for sync_reset instance qsfp_1_phy_quad_inst/phy3.eth_xcvr_phy_3/rx_reset_sync_inst
Inserting timing constraints for sync_reset instance qsfp_1_phy_quad_inst/phy4.eth_xcvr_phy_4/rx_reset_sync_inst
Finished Sourcing Tcl File [/home/keshav/Documents/Workspace/corundum/fpga/mqnic/ADM_PCIE_9V3/fpga_25g/lib/axis/syn/vivado/sync_reset.tcl]
Sourcing Tcl File [/home/keshav/Documents/Workspace/corundum/fpga/mqnic/ADM_PCIE_9V3/fpga_25g/lib/eth/syn/vivado/ptp_td_leaf.tcl]
Inserting timing constraints for ptp_td_leaf instance core_inst/core_inst/core_pcie_inst/core_inst/iface[0].port[0].ptp.rx_ptp_td_leaf_inst
Inserting timing constraints for ptp_td_leaf instance core_inst/core_inst/core_pcie_inst/core_inst/iface[0].port[0].ptp.tx_ptp_td_leaf_inst
Inserting timing constraints for ptp_td_leaf instance core_inst/core_inst/core_pcie_inst/core_inst/iface[1].port[0].ptp.rx_ptp_td_leaf_inst
Inserting timing constraints for ptp_td_leaf instance core_inst/core_inst/core_pcie_inst/core_inst/iface[1].port[0].ptp.tx_ptp_td_leaf_inst
Inserting timing constraints for ptp_td_leaf instance core_inst/core_inst/core_pcie_inst/core_inst/mqnic_ptp_inst/ptp_clock_inst/ptp_td_leaf_inst
Finished Sourcing Tcl File [/home/keshav/Documents/Workspace/corundum/fpga/mqnic/ADM_PCIE_9V3/fpga_25g/lib/eth/syn/vivado/ptp_td_leaf.tcl]
Sourcing Tcl File [/home/keshav/Documents/Workspace/corundum/fpga/common/syn/vivado/mqnic_port.tcl]
Inserting timing constraints for mqnic_port instance core_inst/core_inst/core_pcie_inst/core_inst/iface[0].interface_inst/port[0].port_inst
WARNING: [Vivado 12-180] No cells matched 'tx_pfc_en_sync_1_reg_reg[*]'. [/home/keshav/Documents/Workspace/corundum/fpga/common/syn/vivado/mqnic_port.tcl:6]
WARNING: [Vivado 12-180] No cells matched 'tx_pfc_en_sync_2_reg_reg[*]'. [/home/keshav/Documents/Workspace/corundum/fpga/common/syn/vivado/mqnic_port.tcl:6]
WARNING: [Vivado 12-180] No cells matched 'tx_pfc_req_sync_1_reg_reg[*]'. [/home/keshav/Documents/Workspace/corundum/fpga/common/syn/vivado/mqnic_port.tcl:6]
WARNING: [Vivado 12-180] No cells matched 'tx_pfc_req_sync_2_reg_reg[*]'. [/home/keshav/Documents/Workspace/corundum/fpga/common/syn/vivado/mqnic_port.tcl:6]
WARNING: [Vivado 12-180] No cells matched 'tx_fc_quanta_step_sync_1_reg_reg[*]'. [/home/keshav/Documents/Workspace/corundum/fpga/common/syn/vivado/mqnic_port.tcl:6]
WARNING: [Vivado 12-180] No cells matched 'tx_fc_quanta_step_sync_2_reg_reg[*]'. [/home/keshav/Documents/Workspace/corundum/fpga/common/syn/vivado/mqnic_port.tcl:6]
WARNING: [Vivado 12-180] No cells matched 'rx_pfc_ack_sync_1_reg_reg[*]'. [/home/keshav/Documents/Workspace/corundum/fpga/common/syn/vivado/mqnic_port.tcl:6]
WARNING: [Vivado 12-180] No cells matched 'rx_pfc_ack_sync_2_reg_reg[*]'. [/home/keshav/Documents/Workspace/corundum/fpga/common/syn/vivado/mqnic_port.tcl:6]
WARNING: [Vivado 12-180] No cells matched 'rx_fc_quanta_step_sync_1_reg_reg[*]'. [/home/keshav/Documents/Workspace/corundum/fpga/common/syn/vivado/mqnic_port.tcl:6]
WARNING: [Vivado 12-180] No cells matched 'rx_fc_quanta_step_sync_2_reg_reg[*]'. [/home/keshav/Documents/Workspace/corundum/fpga/common/syn/vivado/mqnic_port.tcl:6]
Inserting timing constraints for mqnic_port instance core_inst/core_inst/core_pcie_inst/core_inst/iface[1].interface_inst/port[0].port_inst
WARNING: [Vivado 12-180] No cells matched 'tx_pfc_en_sync_1_reg_reg[*]'. [/home/keshav/Documents/Workspace/corundum/fpga/common/syn/vivado/mqnic_port.tcl:6]
WARNING: [Vivado 12-180] No cells matched 'tx_pfc_en_sync_2_reg_reg[*]'. [/home/keshav/Documents/Workspace/corundum/fpga/common/syn/vivado/mqnic_port.tcl:6]
WARNING: [Vivado 12-180] No cells matched 'tx_pfc_req_sync_1_reg_reg[*]'. [/home/keshav/Documents/Workspace/corundum/fpga/common/syn/vivado/mqnic_port.tcl:6]
WARNING: [Vivado 12-180] No cells matched 'tx_pfc_req_sync_2_reg_reg[*]'. [/home/keshav/Documents/Workspace/corundum/fpga/common/syn/vivado/mqnic_port.tcl:6]
WARNING: [Vivado 12-180] No cells matched 'tx_fc_quanta_step_sync_1_reg_reg[*]'. [/home/keshav/Documents/Workspace/corundum/fpga/common/syn/vivado/mqnic_port.tcl:6]
WARNING: [Vivado 12-180] No cells matched 'tx_fc_quanta_step_sync_2_reg_reg[*]'. [/home/keshav/Documents/Workspace/corundum/fpga/common/syn/vivado/mqnic_port.tcl:6]
WARNING: [Vivado 12-180] No cells matched 'rx_pfc_ack_sync_1_reg_reg[*]'. [/home/keshav/Documents/Workspace/corundum/fpga/common/syn/vivado/mqnic_port.tcl:6]
WARNING: [Vivado 12-180] No cells matched 'rx_pfc_ack_sync_2_reg_reg[*]'. [/home/keshav/Documents/Workspace/corundum/fpga/common/syn/vivado/mqnic_port.tcl:6]
WARNING: [Vivado 12-180] No cells matched 'rx_fc_quanta_step_sync_1_reg_reg[*]'. [/home/keshav/Documents/Workspace/corundum/fpga/common/syn/vivado/mqnic_port.tcl:6]
WARNING: [Vivado 12-180] No cells matched 'rx_fc_quanta_step_sync_2_reg_reg[*]'. [/home/keshav/Documents/Workspace/corundum/fpga/common/syn/vivado/mqnic_port.tcl:6]
Finished Sourcing Tcl File [/home/keshav/Documents/Workspace/corundum/fpga/common/syn/vivado/mqnic_port.tcl]
Sourcing Tcl File [/home/keshav/Documents/Workspace/corundum/fpga/common/syn/vivado/mqnic_ptp_clock.tcl]
Inserting timing constraints for mqnic_ptp_clock instance core_inst/core_inst/core_pcie_inst/core_inst/mqnic_ptp_inst/ptp_clock_inst
Finished Sourcing Tcl File [/home/keshav/Documents/Workspace/corundum/fpga/common/syn/vivado/mqnic_ptp_clock.tcl]
Sourcing Tcl File [/home/keshav/Documents/Workspace/corundum/fpga/common/syn/vivado/mqnic_rb_clk_info.tcl]
Inserting timing constraints for mqnic_rb_clk_info instance core_inst/core_inst/core_pcie_inst/core_inst/mqnic_rb_clk_info_inst
Finished Sourcing Tcl File [/home/keshav/Documents/Workspace/corundum/fpga/common/syn/vivado/mqnic_rb_clk_info.tcl]
Sourcing Tcl File [/home/keshav/Documents/Workspace/corundum/fpga/common/syn/vivado/rb_drp.tcl]
Inserting timing constraints for rb_drp instance core_inst/qsfp_0_rb_drp_inst
Inserting timing constraints for rb_drp instance core_inst/qsfp_1_rb_drp_inst
Finished Sourcing Tcl File [/home/keshav/Documents/Workspace/corundum/fpga/common/syn/vivado/rb_drp.tcl]
Sourcing Tcl File [/home/keshav/Documents/Workspace/corundum/fpga/common/syn/vivado/eth_xcvr_phy_10g_gty_wrapper.tcl]
Inserting timing constraints for eth_xcvr_phy_10g_gty_wrapper instance qsfp_0_phy_quad_inst/phy1.eth_xcvr_phy_1
Inserting timing constraints for eth_xcvr_phy_10g_gty_wrapper instance qsfp_0_phy_quad_inst/phy2.eth_xcvr_phy_2
Inserting timing constraints for eth_xcvr_phy_10g_gty_wrapper instance qsfp_0_phy_quad_inst/phy3.eth_xcvr_phy_3
Inserting timing constraints for eth_xcvr_phy_10g_gty_wrapper instance qsfp_0_phy_quad_inst/phy4.eth_xcvr_phy_4
Inserting timing constraints for eth_xcvr_phy_10g_gty_wrapper instance qsfp_1_phy_quad_inst/phy1.eth_xcvr_phy_1
Inserting timing constraints for eth_xcvr_phy_10g_gty_wrapper instance qsfp_1_phy_quad_inst/phy2.eth_xcvr_phy_2
Inserting timing constraints for eth_xcvr_phy_10g_gty_wrapper instance qsfp_1_phy_quad_inst/phy3.eth_xcvr_phy_3
Inserting timing constraints for eth_xcvr_phy_10g_gty_wrapper instance qsfp_1_phy_quad_inst/phy4.eth_xcvr_phy_4
Finished Sourcing Tcl File [/home/keshav/Documents/Workspace/corundum/fpga/common/syn/vivado/eth_xcvr_phy_10g_gty_wrapper.tcl]
Sourcing Tcl File [/home/keshav/Documents/Workspace/corundum/fpga/common/syn/vivado/tdma_ber_ch.tcl]
WARNING: [Vivado 12-180] No cells matched 'get_cells -hier -filter {(ORIG_REF_NAME == tdma_ber_ch || REF_NAME == tdma_ber_ch)}'. [/home/keshav/Documents/Workspace/corundum/fpga/common/syn/vivado/tdma_ber_ch.tcl:6]
Finished Sourcing Tcl File [/home/keshav/Documents/Workspace/corundum/fpga/common/syn/vivado/tdma_ber_ch.tcl]
Parsing XDC File [/home/keshav/Documents/Workspace/corundum/fpga/mqnic/ADM_PCIE_9V3/fpga_25g/fpga/fpga.gen/sources_1/ip/pcie4_uscale_plus_0/pcie4_uscale_plus_0_board.xdc] for cell 'pcie4_uscale_plus_inst/inst'
Finished Parsing XDC File [/home/keshav/Documents/Workspace/corundum/fpga/mqnic/ADM_PCIE_9V3/fpga_25g/fpga/fpga.gen/sources_1/ip/pcie4_uscale_plus_0/pcie4_uscale_plus_0_board.xdc] for cell 'pcie4_uscale_plus_inst/inst'
Parsing XDC File [/home/keshav/Documents/Workspace/corundum/fpga/mqnic/ADM_PCIE_9V3/fpga_25g/fpga/fpga.gen/sources_1/ip/pcie4_uscale_plus_0/synth/pcie4_uscale_plus_0_late.xdc] for cell 'pcie4_uscale_plus_inst/inst'
INFO: [Vivado 12-626] No clocks found. Please use 'create_clock' or 'create_generated_clock' command to create clocks. [/home/keshav/Documents/Workspace/corundum/fpga/mqnic/ADM_PCIE_9V3/fpga_25g/fpga/fpga.gen/sources_1/ip/pcie4_uscale_plus_0/synth/pcie4_uscale_plus_0_late.xdc:73]
WARNING: [Vivado_Tcl 4-939] Waiver ID 'TIMING-54' object list should not be empty (perhaps an invalid wildcard was used or only unsupported objects). [/home/keshav/Documents/Workspace/corundum/fpga/mqnic/ADM_PCIE_9V3/fpga_25g/fpga/fpga.gen/sources_1/ip/pcie4_uscale_plus_0/synth/pcie4_uscale_plus_0_late.xdc:73]
Finished Parsing XDC File [/home/keshav/Documents/Workspace/corundum/fpga/mqnic/ADM_PCIE_9V3/fpga_25g/fpga/fpga.gen/sources_1/ip/pcie4_uscale_plus_0/synth/pcie4_uscale_plus_0_late.xdc] for cell 'pcie4_uscale_plus_inst/inst'
INFO: [Project 1-1714] 5 XPM XDC files have been applied to the design.
INFO: [Opt 31-138] Pushed 0 inverter(s) to 0 load pin(s).
INFO: [Project 1-1687] 11 scoped IP constraints or related sub-commands were skipped due to synthesis logic optimizations usually triggered by constant connectivity or unconnected output pins. To review the skipped constraints and messages, run the command 'set_param netlist.IPMsgFiltering false' before opening the design.
Netlist sorting complete. Time (s): cpu = 00:00:00.02 ; elapsed = 00:00:00.02 . Memory (MB): peak = 5162.691 ; gain = 0.000 ; free physical = 44260 ; free virtual = 89436
INFO: [Project 1-111] Unisim Transformation Summary:
  A total of 1519 instances were transformed.
  IBUF => IBUF (IBUFCTRL, INBUF): 4 instances
  IBUFGDS => IBUFDS (DIFFINBUF, IBUFCTRL): 1 instance 
  IOBUF => IOBUF (IBUFCTRL, INBUF, OBUFT): 8 instances
  OBUFTDS => OBUFTDS_DUAL_BUF (INV, OBUFT(x2)): 2 instances
  RAM256X1D => RAM256X1D (MUXF7(x4), MUXF8(x2), RAMD64E(x8)): 14 instances
  RAM256X1S => RAM256X1S (MUXF7(x2), MUXF8, RAMS64E(x4)): 4 instances
  RAM32M => RAM32M (RAMD32(x6), RAMS32(x2)): 39 instances
  RAM32M16 => RAM32M16 (RAMD32(x14), RAMS32(x2)): 1058 instances
  RAM32X1D => RAM32X1D (RAMD32(x2)): 181 instances
  RAM32X1S => RAM32X1S (RAMS32): 48 instances
  RAM64M => RAM64M (RAMD64E(x4)): 25 instances
  RAM64M8 => RAM64M8 (RAMD64E(x8)): 108 instances
  RAM64X1D => RAM64X1D (RAMD64E(x2)): 8 instances
  RAM64X1S => RAM64X1S (RAMS64E): 19 instances

30 Infos, 38 Warnings, 0 Critical Warnings and 0 Errors encountered.
link_design completed successfully
link_design: Time (s): cpu = 00:01:07 ; elapsed = 00:00:48 . Memory (MB): peak = 5162.691 ; gain = 3425.988 ; free physical = 44263 ; free virtual = 89439
Command: opt_design
Attempting to get a license for feature 'Implementation' and/or device 'xcvu3p'
INFO: [Common 17-349] Got license for feature 'Implementation' and/or device 'xcvu3p'
Running DRC as a precondition to command opt_design

Starting DRC Task
INFO: [DRC 23-27] Running DRC with 8 threads
INFO: [Project 1-461] DRC finished with 0 Errors
INFO: [Project 1-462] Please refer to the DRC report (report_drc) for more information.

Time (s): cpu = 00:00:01 ; elapsed = 00:00:00.32 . Memory (MB): peak = 5162.691 ; gain = 0.000 ; free physical = 44280 ; free virtual = 89452

Starting Cache Timing Information Task
INFO: [Constraints 18-632] set_output_delay: No clock object specified, the clocks will be automatically identified [/home/keshav/Documents/Workspace/corundum/fpga/mqnic/ADM_PCIE_9V3/fpga_25g/fpga.xdc:38]
INFO: [Constraints 18-632] set_input_delay: No clock object specified, the clocks will be automatically identified [/home/keshav/Documents/Workspace/corundum/fpga/mqnic/ADM_PCIE_9V3/fpga_25g/fpga.xdc:45]
INFO: [Constraints 18-632] set_output_delay: No clock object specified, the clocks will be automatically identified [/home/keshav/Documents/Workspace/corundum/fpga/mqnic/ADM_PCIE_9V3/fpga_25g/fpga.xdc:108]
INFO: [Constraints 18-632] set_input_delay: No clock object specified, the clocks will be automatically identified [/home/keshav/Documents/Workspace/corundum/fpga/mqnic/ADM_PCIE_9V3/fpga_25g/fpga.xdc:110]
INFO: [Constraints 18-632] set_output_delay: No clock object specified, the clocks will be automatically identified [/home/keshav/Documents/Workspace/corundum/fpga/mqnic/ADM_PCIE_9V3/fpga_25g/fpga.xdc:113]
INFO: [Constraints 18-632] set_input_delay: No clock object specified, the clocks will be automatically identified [/home/keshav/Documents/Workspace/corundum/fpga/mqnic/ADM_PCIE_9V3/fpga_25g/fpga.xdc:115]
INFO: [Constraints 18-632] set_output_delay: No clock object specified, the clocks will be automatically identified [/home/keshav/Documents/Workspace/corundum/fpga/mqnic/ADM_PCIE_9V3/fpga_25g/fpga.xdc:123]
INFO: [Constraints 18-632] set_input_delay: No clock object specified, the clocks will be automatically identified [/home/keshav/Documents/Workspace/corundum/fpga/mqnic/ADM_PCIE_9V3/fpga_25g/fpga.xdc:125]
INFO: [Constraints 18-632] set_input_delay: No clock object specified, the clocks will be automatically identified [/home/keshav/Documents/Workspace/corundum/fpga/mqnic/ADM_PCIE_9V3/fpga_25g/fpga.xdc:204]
INFO: [Constraints 18-632] set_output_delay: No clock object specified, the clocks will be automatically identified [/home/keshav/Documents/Workspace/corundum/fpga/mqnic/ADM_PCIE_9V3/fpga_25g/fpga.xdc:490]
INFO: [Constraints 18-632] set_input_delay: No clock object specified, the clocks will be automatically identified [/home/keshav/Documents/Workspace/corundum/fpga/mqnic/ADM_PCIE_9V3/fpga_25g/fpga.xdc:492]
INFO: [Timing 38-35] Done setting XDC timing constraints.
WARNING: [Timing 38-277] The instance 'qsfp_0_phy_quad_inst/phy1.eth_xcvr_phy_1/xcvr_gty_com_usp.eth_xcvr_gty_full_inst/inst/gen_gtwizard_gtye4_top.eth_xcvr_gty_full_gtwizard_gtye4_inst/gen_gtwizard_gtye4.gen_channel_container[0].gen_enabled_channel.gtye4_channel_wrapper_inst/channel_inst/gtye4_channel_gen.gen_gtye4_channel_inst[0].GTYE4_CHANNEL_PRIM_INST' has RXPLLCLKSEL pins that are not constant, so the corresponding mux will select the input(s) having the worst case (highest frequency) clock(s) for automatic derivation of generated clocks
WARNING: [Timing 38-277] The instance 'qsfp_0_phy_quad_inst/phy1.eth_xcvr_phy_1/xcvr_gty_com_usp.eth_xcvr_gty_full_inst/inst/gen_gtwizard_gtye4_top.eth_xcvr_gty_full_gtwizard_gtye4_inst/gen_gtwizard_gtye4.gen_channel_container[0].gen_enabled_channel.gtye4_channel_wrapper_inst/channel_inst/gtye4_channel_gen.gen_gtye4_channel_inst[0].GTYE4_CHANNEL_PRIM_INST' has TXPLLCLKSEL pins that are not constant, so the corresponding mux will select the input(s) having the worst case (highest frequency) clock(s) for automatic derivation of generated clocks
WARNING: [Timing 38-277] The instance 'qsfp_0_phy_quad_inst/phy2.eth_xcvr_phy_2/xcvr_gty.eth_xcvr_gty_channel_inst/inst/gen_gtwizard_gtye4_top.eth_xcvr_gty_channel_gtwizard_gtye4_inst/gen_gtwizard_gtye4.gen_channel_container[0].gen_enabled_channel.gtye4_channel_wrapper_inst/channel_inst/gtye4_channel_gen.gen_gtye4_channel_inst[0].GTYE4_CHANNEL_PRIM_INST' has RXPLLCLKSEL pins that are not constant, so the corresponding mux will select the input(s) having the worst case (highest frequency) clock(s) for automatic derivation of generated clocks
WARNING: [Timing 38-277] The instance 'qsfp_0_phy_quad_inst/phy2.eth_xcvr_phy_2/xcvr_gty.eth_xcvr_gty_channel_inst/inst/gen_gtwizard_gtye4_top.eth_xcvr_gty_channel_gtwizard_gtye4_inst/gen_gtwizard_gtye4.gen_channel_container[0].gen_enabled_channel.gtye4_channel_wrapper_inst/channel_inst/gtye4_channel_gen.gen_gtye4_channel_inst[0].GTYE4_CHANNEL_PRIM_INST' has TXPLLCLKSEL pins that are not constant, so the corresponding mux will select the input(s) having the worst case (highest frequency) clock(s) for automatic derivation of generated clocks
WARNING: [Timing 38-277] The instance 'qsfp_0_phy_quad_inst/phy3.eth_xcvr_phy_3/xcvr_gty.eth_xcvr_gty_channel_inst/inst/gen_gtwizard_gtye4_top.eth_xcvr_gty_channel_gtwizard_gtye4_inst/gen_gtwizard_gtye4.gen_channel_container[0].gen_enabled_channel.gtye4_channel_wrapper_inst/channel_inst/gtye4_channel_gen.gen_gtye4_channel_inst[0].GTYE4_CHANNEL_PRIM_INST' has RXPLLCLKSEL pins that are not constant, so the corresponding mux will select the input(s) having the worst case (highest frequency) clock(s) for automatic derivation of generated clocks
WARNING: [Timing 38-277] The instance 'qsfp_0_phy_quad_inst/phy3.eth_xcvr_phy_3/xcvr_gty.eth_xcvr_gty_channel_inst/inst/gen_gtwizard_gtye4_top.eth_xcvr_gty_channel_gtwizard_gtye4_inst/gen_gtwizard_gtye4.gen_channel_container[0].gen_enabled_channel.gtye4_channel_wrapper_inst/channel_inst/gtye4_channel_gen.gen_gtye4_channel_inst[0].GTYE4_CHANNEL_PRIM_INST' has TXPLLCLKSEL pins that are not constant, so the corresponding mux will select the input(s) having the worst case (highest frequency) clock(s) for automatic derivation of generated clocks
WARNING: [Timing 38-277] The instance 'qsfp_0_phy_quad_inst/phy4.eth_xcvr_phy_4/xcvr_gty.eth_xcvr_gty_channel_inst/inst/gen_gtwizard_gtye4_top.eth_xcvr_gty_channel_gtwizard_gtye4_inst/gen_gtwizard_gtye4.gen_channel_container[0].gen_enabled_channel.gtye4_channel_wrapper_inst/channel_inst/gtye4_channel_gen.gen_gtye4_channel_inst[0].GTYE4_CHANNEL_PRIM_INST' has RXPLLCLKSEL pins that are not constant, so the corresponding mux will select the input(s) having the worst case (highest frequency) clock(s) for automatic derivation of generated clocks
WARNING: [Timing 38-277] The instance 'qsfp_0_phy_quad_inst/phy4.eth_xcvr_phy_4/xcvr_gty.eth_xcvr_gty_channel_inst/inst/gen_gtwizard_gtye4_top.eth_xcvr_gty_channel_gtwizard_gtye4_inst/gen_gtwizard_gtye4.gen_channel_container[0].gen_enabled_channel.gtye4_channel_wrapper_inst/channel_inst/gtye4_channel_gen.gen_gtye4_channel_inst[0].GTYE4_CHANNEL_PRIM_INST' has TXPLLCLKSEL pins that are not constant, so the corresponding mux will select the input(s) having the worst case (highest frequency) clock(s) for automatic derivation of generated clocks
WARNING: [Timing 38-277] The instance 'qsfp_1_phy_quad_inst/phy1.eth_xcvr_phy_1/xcvr_gty_com_usp.eth_xcvr_gty_full_inst/inst/gen_gtwizard_gtye4_top.eth_xcvr_gty_full_gtwizard_gtye4_inst/gen_gtwizard_gtye4.gen_channel_container[0].gen_enabled_channel.gtye4_channel_wrapper_inst/channel_inst/gtye4_channel_gen.gen_gtye4_channel_inst[0].GTYE4_CHANNEL_PRIM_INST' has RXPLLCLKSEL pins that are not constant, so the corresponding mux will select the input(s) having the worst case (highest frequency) clock(s) for automatic derivation of generated clocks
WARNING: [Timing 38-277] The instance 'qsfp_1_phy_quad_inst/phy1.eth_xcvr_phy_1/xcvr_gty_com_usp.eth_xcvr_gty_full_inst/inst/gen_gtwizard_gtye4_top.eth_xcvr_gty_full_gtwizard_gtye4_inst/gen_gtwizard_gtye4.gen_channel_container[0].gen_enabled_channel.gtye4_channel_wrapper_inst/channel_inst/gtye4_channel_gen.gen_gtye4_channel_inst[0].GTYE4_CHANNEL_PRIM_INST' has TXPLLCLKSEL pins that are not constant, so the corresponding mux will select the input(s) having the worst case (highest frequency) clock(s) for automatic derivation of generated clocks
WARNING: [Timing 38-277] The instance 'qsfp_1_phy_quad_inst/phy2.eth_xcvr_phy_2/xcvr_gty.eth_xcvr_gty_channel_inst/inst/gen_gtwizard_gtye4_top.eth_xcvr_gty_channel_gtwizard_gtye4_inst/gen_gtwizard_gtye4.gen_channel_container[0].gen_enabled_channel.gtye4_channel_wrapper_inst/channel_inst/gtye4_channel_gen.gen_gtye4_channel_inst[0].GTYE4_CHANNEL_PRIM_INST' has RXPLLCLKSEL pins that are not constant, so the corresponding mux will select the input(s) having the worst case (highest frequency) clock(s) for automatic derivation of generated clocks
WARNING: [Timing 38-277] The instance 'qsfp_1_phy_quad_inst/phy2.eth_xcvr_phy_2/xcvr_gty.eth_xcvr_gty_channel_inst/inst/gen_gtwizard_gtye4_top.eth_xcvr_gty_channel_gtwizard_gtye4_inst/gen_gtwizard_gtye4.gen_channel_container[0].gen_enabled_channel.gtye4_channel_wrapper_inst/channel_inst/gtye4_channel_gen.gen_gtye4_channel_inst[0].GTYE4_CHANNEL_PRIM_INST' has TXPLLCLKSEL pins that are not constant, so the corresponding mux will select the input(s) having the worst case (highest frequency) clock(s) for automatic derivation of generated clocks
WARNING: [Timing 38-277] The instance 'qsfp_1_phy_quad_inst/phy3.eth_xcvr_phy_3/xcvr_gty.eth_xcvr_gty_channel_inst/inst/gen_gtwizard_gtye4_top.eth_xcvr_gty_channel_gtwizard_gtye4_inst/gen_gtwizard_gtye4.gen_channel_container[0].gen_enabled_channel.gtye4_channel_wrapper_inst/channel_inst/gtye4_channel_gen.gen_gtye4_channel_inst[0].GTYE4_CHANNEL_PRIM_INST' has RXPLLCLKSEL pins that are not constant, so the corresponding mux will select the input(s) having the worst case (highest frequency) clock(s) for automatic derivation of generated clocks
WARNING: [Timing 38-277] The instance 'qsfp_1_phy_quad_inst/phy3.eth_xcvr_phy_3/xcvr_gty.eth_xcvr_gty_channel_inst/inst/gen_gtwizard_gtye4_top.eth_xcvr_gty_channel_gtwizard_gtye4_inst/gen_gtwizard_gtye4.gen_channel_container[0].gen_enabled_channel.gtye4_channel_wrapper_inst/channel_inst/gtye4_channel_gen.gen_gtye4_channel_inst[0].GTYE4_CHANNEL_PRIM_INST' has TXPLLCLKSEL pins that are not constant, so the corresponding mux will select the input(s) having the worst case (highest frequency) clock(s) for automatic derivation of generated clocks
WARNING: [Timing 38-277] The instance 'qsfp_1_phy_quad_inst/phy4.eth_xcvr_phy_4/xcvr_gty.eth_xcvr_gty_channel_inst/inst/gen_gtwizard_gtye4_top.eth_xcvr_gty_channel_gtwizard_gtye4_inst/gen_gtwizard_gtye4.gen_channel_container[0].gen_enabled_channel.gtye4_channel_wrapper_inst/channel_inst/gtye4_channel_gen.gen_gtye4_channel_inst[0].GTYE4_CHANNEL_PRIM_INST' has RXPLLCLKSEL pins that are not constant, so the corresponding mux will select the input(s) having the worst case (highest frequency) clock(s) for automatic derivation of generated clocks
WARNING: [Timing 38-277] The instance 'qsfp_1_phy_quad_inst/phy4.eth_xcvr_phy_4/xcvr_gty.eth_xcvr_gty_channel_inst/inst/gen_gtwizard_gtye4_top.eth_xcvr_gty_channel_gtwizard_gtye4_inst/gen_gtwizard_gtye4.gen_channel_container[0].gen_enabled_channel.gtye4_channel_wrapper_inst/channel_inst/gtye4_channel_gen.gen_gtye4_channel_inst[0].GTYE4_CHANNEL_PRIM_INST' has TXPLLCLKSEL pins that are not constant, so the corresponding mux will select the input(s) having the worst case (highest frequency) clock(s) for automatic derivation of generated clocks
Ending Cache Timing Information Task | Checksum: 1f5fe5098

Time (s): cpu = 00:00:05 ; elapsed = 00:00:02 . Memory (MB): peak = 5162.691 ; gain = 0.000 ; free physical = 44278 ; free virtual = 89452

Starting Logic Optimization Task

Phase 1 Initialization

Phase 1.1 Core Generation And Design Setup
Phase 1.1 Core Generation And Design Setup | Checksum: 1f5fe5098

Time (s): cpu = 00:00:00.1 ; elapsed = 00:00:00.1 . Memory (MB): peak = 5162.691 ; gain = 0.000 ; free physical = 44204 ; free virtual = 89383

Phase 1.2 Setup Constraints And Sort Netlist
Phase 1.2 Setup Constraints And Sort Netlist | Checksum: 1f5fe5098

Time (s): cpu = 00:00:00.14 ; elapsed = 00:00:00.14 . Memory (MB): peak = 5162.691 ; gain = 0.000 ; free physical = 44204 ; free virtual = 89383
Phase 1 Initialization | Checksum: 1f5fe5098

Time (s): cpu = 00:00:00.15 ; elapsed = 00:00:00.15 . Memory (MB): peak = 5162.691 ; gain = 0.000 ; free physical = 44204 ; free virtual = 89382

Phase 2 Timer Update And Timing Data Collection

Phase 2.1 Detect if minReqCache needed
Phase 2.1 Detect if minReqCache needed | Checksum: 1f5fe5098

Time (s): cpu = 00:00:00.19 ; elapsed = 00:00:00.19 . Memory (MB): peak = 5162.691 ; gain = 0.000 ; free physical = 44214 ; free virtual = 89364

Phase 2.2 Timer Update
Phase 2.2 Timer Update | Checksum: 1f5fe5098

Time (s): cpu = 00:00:04 ; elapsed = 00:00:01 . Memory (MB): peak = 5162.691 ; gain = 0.000 ; free physical = 44223 ; free virtual = 89373

Phase 2.3 Timing Data Collection
Phase 2.3 Timing Data Collection | Checksum: 1f5fe5098

Time (s): cpu = 00:00:04 ; elapsed = 00:00:01 . Memory (MB): peak = 5162.691 ; gain = 0.000 ; free physical = 44223 ; free virtual = 89373
Phase 2 Timer Update And Timing Data Collection | Checksum: 1f5fe5098

Time (s): cpu = 00:00:04 ; elapsed = 00:00:01 . Memory (MB): peak = 5162.691 ; gain = 0.000 ; free physical = 44223 ; free virtual = 89373

Phase 3 Retarget
INFO: [Opt 31-1851] Number of loadless carry chains removed were: 0
INFO: [Opt 31-1834] Total Chains To Be Transformed Were: 0 AND Number of Transformed insts Created are: 0
INFO: [Opt 31-1566] Pulled 75 inverters resulting in an inversion of 779 pins
INFO: [Opt 31-138] Pushed 149 inverter(s) to 16570 load pin(s).
INFO: [Opt 31-49] Retargeted 0 cell(s).
Phase 3 Retarget | Checksum: 2b83a2bb4

Time (s): cpu = 00:00:05 ; elapsed = 00:00:02 . Memory (MB): peak = 5162.691 ; gain = 0.000 ; free physical = 44208 ; free virtual = 89362
Retarget | Checksum: 2b83a2bb4
INFO: [Opt 31-389] Phase Retarget created 492 cells and removed 1021 cells
INFO: [Opt 31-1021] In phase Retarget, 2 netlist objects are constrained preventing optimization. Please run opt_design with -debug_log to get more detail. 

Phase 4 Constant propagation
INFO: [Opt 31-138] Pushed 2 inverter(s) to 20 load pin(s).
Phase 4 Constant propagation | Checksum: 2573c4e53

Time (s): cpu = 00:00:06 ; elapsed = 00:00:03 . Memory (MB): peak = 5162.691 ; gain = 0.000 ; free physical = 44150 ; free virtual = 89334
Constant propagation | Checksum: 2573c4e53
INFO: [Opt 31-389] Phase Constant propagation created 564 cells and removed 1579 cells

Phase 5 Sweep
INFO: [Constraints 18-11670] Building netlist checker database with flags, 0x8
Done building netlist checker database: Time (s): cpu = 00:00:00.02 ; elapsed = 00:00:00.03 . Memory (MB): peak = 5162.691 ; gain = 0.000 ; free physical = 44103 ; free virtual = 89305
INFO: [Constraints 18-11670] Building netlist checker database with flags, 0x8
Done building netlist checker database: Time (s): cpu = 00:00:00.02 ; elapsed = 00:00:00.03 . Memory (MB): peak = 5162.691 ; gain = 0.000 ; free physical = 44068 ; free virtual = 89268
Phase 5 Sweep | Checksum: 2c5707cf1

Time (s): cpu = 00:00:08 ; elapsed = 00:00:05 . Memory (MB): peak = 5162.691 ; gain = 0.000 ; free physical = 44064 ; free virtual = 89267
Sweep | Checksum: 2c5707cf1
INFO: [Opt 31-389] Phase Sweep created 0 cells and removed 7491 cells

Phase 6 BUFG optimization
INFO: [Opt 31-1077] Phase BUFG optimization inserted 0 global clock buffer(s) for CLOCK_LOW_FANOUT.
Phase 6 BUFG optimization | Checksum: 2a71c1ef4

Time (s): cpu = 00:00:10 ; elapsed = 00:00:06 . Memory (MB): peak = 5162.691 ; gain = 0.000 ; free physical = 44074 ; free virtual = 89275
BUFG optimization | Checksum: 2a71c1ef4
INFO: [Opt 31-662] Phase BUFG optimization created 1 cells of which 0 are BUFGs and removed 0 cells.

Phase 7 Shift Register Optimization
INFO: [Opt 31-1064] SRL Remap converted 0 SRLs to 0 registers and converted 0 registers of register chains to 0 SRLs
Phase 7 Shift Register Optimization | Checksum: 2a71c1ef4

Time (s): cpu = 00:00:10 ; elapsed = 00:00:06 . Memory (MB): peak = 5162.691 ; gain = 0.000 ; free physical = 44074 ; free virtual = 89275
Shift Register Optimization | Checksum: 2a71c1ef4
INFO: [Opt 31-389] Phase Shift Register Optimization created 0 cells and removed 0 cells

Phase 8 Post Processing Netlist
Phase 8 Post Processing Netlist | Checksum: 2a71c1ef4

Time (s): cpu = 00:00:10 ; elapsed = 00:00:06 . Memory (MB): peak = 5162.691 ; gain = 0.000 ; free physical = 44072 ; free virtual = 89272
Post Processing Netlist | Checksum: 2a71c1ef4
INFO: [Opt 31-389] Phase Post Processing Netlist created 0 cells and removed 0 cells

Phase 9 Finalization

Phase 9.1 Finalizing Design Cores and Updating Shapes
Phase 9.1 Finalizing Design Cores and Updating Shapes | Checksum: 1ed5f8972

Time (s): cpu = 00:00:11 ; elapsed = 00:00:07 . Memory (MB): peak = 5162.691 ; gain = 0.000 ; free physical = 44022 ; free virtual = 89222

Phase 9.2 Verifying Netlist Connectivity

Starting Connectivity Check Task

Time (s): cpu = 00:00:00.1 ; elapsed = 00:00:00.11 . Memory (MB): peak = 5162.691 ; gain = 0.000 ; free physical = 44026 ; free virtual = 89227
Phase 9.2 Verifying Netlist Connectivity | Checksum: 1ed5f8972

Time (s): cpu = 00:00:11 ; elapsed = 00:00:07 . Memory (MB): peak = 5162.691 ; gain = 0.000 ; free physical = 44046 ; free virtual = 89247
Phase 9 Finalization | Checksum: 1ed5f8972

Time (s): cpu = 00:00:11 ; elapsed = 00:00:07 . Memory (MB): peak = 5162.691 ; gain = 0.000 ; free physical = 44046 ; free virtual = 89247
Opt_design Change Summary
=========================


-------------------------------------------------------------------------------------------------------------------------
|  Phase                        |  #Cells created  |  #Cells Removed  |  #Constrained objects preventing optimizations  |
-------------------------------------------------------------------------------------------------------------------------
|  Retarget                     |             492  |            1021  |                                              2  |
|  Constant propagation         |             564  |            1579  |                                              0  |
|  Sweep                        |               0  |            7491  |                                              0  |
|  BUFG optimization            |               1  |               0  |                                              0  |
|  Shift Register Optimization  |               0  |               0  |                                              0  |
|  Post Processing Netlist      |               0  |               0  |                                              0  |
-------------------------------------------------------------------------------------------------------------------------


Ending Logic Optimization Task | Checksum: 1ed5f8972

Time (s): cpu = 00:00:11 ; elapsed = 00:00:07 . Memory (MB): peak = 5162.691 ; gain = 0.000 ; free physical = 44046 ; free virtual = 89247

Starting Power Optimization Task
INFO: [Pwropt 34-132] Skipping clock gating for clocks with a period < 2.00 ns.
INFO: [Constraints 18-632] set_output_delay: No clock object specified, the clocks will be automatically identified [/home/keshav/Documents/Workspace/corundum/fpga/mqnic/ADM_PCIE_9V3/fpga_25g/fpga.xdc:38]
INFO: [Constraints 18-632] set_input_delay: No clock object specified, the clocks will be automatically identified [/home/keshav/Documents/Workspace/corundum/fpga/mqnic/ADM_PCIE_9V3/fpga_25g/fpga.xdc:45]
INFO: [Constraints 18-632] set_output_delay: No clock object specified, the clocks will be automatically identified [/home/keshav/Documents/Workspace/corundum/fpga/mqnic/ADM_PCIE_9V3/fpga_25g/fpga.xdc:108]
INFO: [Constraints 18-632] set_input_delay: No clock object specified, the clocks will be automatically identified [/home/keshav/Documents/Workspace/corundum/fpga/mqnic/ADM_PCIE_9V3/fpga_25g/fpga.xdc:110]
INFO: [Constraints 18-632] set_output_delay: No clock object specified, the clocks will be automatically identified [/home/keshav/Documents/Workspace/corundum/fpga/mqnic/ADM_PCIE_9V3/fpga_25g/fpga.xdc:113]
INFO: [Constraints 18-632] set_input_delay: No clock object specified, the clocks will be automatically identified [/home/keshav/Documents/Workspace/corundum/fpga/mqnic/ADM_PCIE_9V3/fpga_25g/fpga.xdc:115]
INFO: [Constraints 18-632] set_output_delay: No clock object specified, the clocks will be automatically identified [/home/keshav/Documents/Workspace/corundum/fpga/mqnic/ADM_PCIE_9V3/fpga_25g/fpga.xdc:123]
INFO: [Constraints 18-632] set_input_delay: No clock object specified, the clocks will be automatically identified [/home/keshav/Documents/Workspace/corundum/fpga/mqnic/ADM_PCIE_9V3/fpga_25g/fpga.xdc:125]
INFO: [Constraints 18-632] set_input_delay: No clock object specified, the clocks will be automatically identified [/home/keshav/Documents/Workspace/corundum/fpga/mqnic/ADM_PCIE_9V3/fpga_25g/fpga.xdc:204]
INFO: [Constraints 18-632] set_output_delay: No clock object specified, the clocks will be automatically identified [/home/keshav/Documents/Workspace/corundum/fpga/mqnic/ADM_PCIE_9V3/fpga_25g/fpga.xdc:490]
INFO: [Constraints 18-632] set_input_delay: No clock object specified, the clocks will be automatically identified [/home/keshav/Documents/Workspace/corundum/fpga/mqnic/ADM_PCIE_9V3/fpga_25g/fpga.xdc:492]
INFO: [Timing 38-35] Done setting XDC timing constraints.
INFO: [Pwropt 34-9] Applying IDT optimizations ...
INFO: [Pwropt 34-10] Applying ODC optimizations ...
WARNING: [Timing 38-277] The instance 'qsfp_0_phy_quad_inst/phy1.eth_xcvr_phy_1/xcvr_gty_com_usp.eth_xcvr_gty_full_inst/inst/gen_gtwizard_gtye4_top.eth_xcvr_gty_full_gtwizard_gtye4_inst/gen_gtwizard_gtye4.gen_channel_container[0].gen_enabled_channel.gtye4_channel_wrapper_inst/channel_inst/gtye4_channel_gen.gen_gtye4_channel_inst[0].GTYE4_CHANNEL_PRIM_INST' has RXPLLCLKSEL pins that are not constant, so the corresponding mux will select the input(s) having the worst case (highest frequency) clock(s) for automatic derivation of generated clocks
WARNING: [Timing 38-277] The instance 'qsfp_0_phy_quad_inst/phy1.eth_xcvr_phy_1/xcvr_gty_com_usp.eth_xcvr_gty_full_inst/inst/gen_gtwizard_gtye4_top.eth_xcvr_gty_full_gtwizard_gtye4_inst/gen_gtwizard_gtye4.gen_channel_container[0].gen_enabled_channel.gtye4_channel_wrapper_inst/channel_inst/gtye4_channel_gen.gen_gtye4_channel_inst[0].GTYE4_CHANNEL_PRIM_INST' has TXPLLCLKSEL pins that are not constant, so the corresponding mux will select the input(s) having the worst case (highest frequency) clock(s) for automatic derivation of generated clocks
WARNING: [Timing 38-277] The instance 'qsfp_0_phy_quad_inst/phy2.eth_xcvr_phy_2/xcvr_gty.eth_xcvr_gty_channel_inst/inst/gen_gtwizard_gtye4_top.eth_xcvr_gty_channel_gtwizard_gtye4_inst/gen_gtwizard_gtye4.gen_channel_container[0].gen_enabled_channel.gtye4_channel_wrapper_inst/channel_inst/gtye4_channel_gen.gen_gtye4_channel_inst[0].GTYE4_CHANNEL_PRIM_INST' has RXPLLCLKSEL pins that are not constant, so the corresponding mux will select the input(s) having the worst case (highest frequency) clock(s) for automatic derivation of generated clocks
WARNING: [Timing 38-277] The instance 'qsfp_0_phy_quad_inst/phy2.eth_xcvr_phy_2/xcvr_gty.eth_xcvr_gty_channel_inst/inst/gen_gtwizard_gtye4_top.eth_xcvr_gty_channel_gtwizard_gtye4_inst/gen_gtwizard_gtye4.gen_channel_container[0].gen_enabled_channel.gtye4_channel_wrapper_inst/channel_inst/gtye4_channel_gen.gen_gtye4_channel_inst[0].GTYE4_CHANNEL_PRIM_INST' has TXPLLCLKSEL pins that are not constant, so the corresponding mux will select the input(s) having the worst case (highest frequency) clock(s) for automatic derivation of generated clocks
WARNING: [Timing 38-277] The instance 'qsfp_0_phy_quad_inst/phy3.eth_xcvr_phy_3/xcvr_gty.eth_xcvr_gty_channel_inst/inst/gen_gtwizard_gtye4_top.eth_xcvr_gty_channel_gtwizard_gtye4_inst/gen_gtwizard_gtye4.gen_channel_container[0].gen_enabled_channel.gtye4_channel_wrapper_inst/channel_inst/gtye4_channel_gen.gen_gtye4_channel_inst[0].GTYE4_CHANNEL_PRIM_INST' has RXPLLCLKSEL pins that are not constant, so the corresponding mux will select the input(s) having the worst case (highest frequency) clock(s) for automatic derivation of generated clocks
WARNING: [Timing 38-277] The instance 'qsfp_0_phy_quad_inst/phy3.eth_xcvr_phy_3/xcvr_gty.eth_xcvr_gty_channel_inst/inst/gen_gtwizard_gtye4_top.eth_xcvr_gty_channel_gtwizard_gtye4_inst/gen_gtwizard_gtye4.gen_channel_container[0].gen_enabled_channel.gtye4_channel_wrapper_inst/channel_inst/gtye4_channel_gen.gen_gtye4_channel_inst[0].GTYE4_CHANNEL_PRIM_INST' has TXPLLCLKSEL pins that are not constant, so the corresponding mux will select the input(s) having the worst case (highest frequency) clock(s) for automatic derivation of generated clocks
WARNING: [Timing 38-277] The instance 'qsfp_0_phy_quad_inst/phy4.eth_xcvr_phy_4/xcvr_gty.eth_xcvr_gty_channel_inst/inst/gen_gtwizard_gtye4_top.eth_xcvr_gty_channel_gtwizard_gtye4_inst/gen_gtwizard_gtye4.gen_channel_container[0].gen_enabled_channel.gtye4_channel_wrapper_inst/channel_inst/gtye4_channel_gen.gen_gtye4_channel_inst[0].GTYE4_CHANNEL_PRIM_INST' has RXPLLCLKSEL pins that are not constant, so the corresponding mux will select the input(s) having the worst case (highest frequency) clock(s) for automatic derivation of generated clocks
WARNING: [Timing 38-277] The instance 'qsfp_0_phy_quad_inst/phy4.eth_xcvr_phy_4/xcvr_gty.eth_xcvr_gty_channel_inst/inst/gen_gtwizard_gtye4_top.eth_xcvr_gty_channel_gtwizard_gtye4_inst/gen_gtwizard_gtye4.gen_channel_container[0].gen_enabled_channel.gtye4_channel_wrapper_inst/channel_inst/gtye4_channel_gen.gen_gtye4_channel_inst[0].GTYE4_CHANNEL_PRIM_INST' has TXPLLCLKSEL pins that are not constant, so the corresponding mux will select the input(s) having the worst case (highest frequency) clock(s) for automatic derivation of generated clocks
WARNING: [Timing 38-277] The instance 'qsfp_1_phy_quad_inst/phy1.eth_xcvr_phy_1/xcvr_gty_com_usp.eth_xcvr_gty_full_inst/inst/gen_gtwizard_gtye4_top.eth_xcvr_gty_full_gtwizard_gtye4_inst/gen_gtwizard_gtye4.gen_channel_container[0].gen_enabled_channel.gtye4_channel_wrapper_inst/channel_inst/gtye4_channel_gen.gen_gtye4_channel_inst[0].GTYE4_CHANNEL_PRIM_INST' has RXPLLCLKSEL pins that are not constant, so the corresponding mux will select the input(s) having the worst case (highest frequency) clock(s) for automatic derivation of generated clocks
WARNING: [Timing 38-277] The instance 'qsfp_1_phy_quad_inst/phy1.eth_xcvr_phy_1/xcvr_gty_com_usp.eth_xcvr_gty_full_inst/inst/gen_gtwizard_gtye4_top.eth_xcvr_gty_full_gtwizard_gtye4_inst/gen_gtwizard_gtye4.gen_channel_container[0].gen_enabled_channel.gtye4_channel_wrapper_inst/channel_inst/gtye4_channel_gen.gen_gtye4_channel_inst[0].GTYE4_CHANNEL_PRIM_INST' has TXPLLCLKSEL pins that are not constant, so the corresponding mux will select the input(s) having the worst case (highest frequency) clock(s) for automatic derivation of generated clocks
WARNING: [Timing 38-277] The instance 'qsfp_1_phy_quad_inst/phy2.eth_xcvr_phy_2/xcvr_gty.eth_xcvr_gty_channel_inst/inst/gen_gtwizard_gtye4_top.eth_xcvr_gty_channel_gtwizard_gtye4_inst/gen_gtwizard_gtye4.gen_channel_container[0].gen_enabled_channel.gtye4_channel_wrapper_inst/channel_inst/gtye4_channel_gen.gen_gtye4_channel_inst[0].GTYE4_CHANNEL_PRIM_INST' has RXPLLCLKSEL pins that are not constant, so the corresponding mux will select the input(s) having the worst case (highest frequency) clock(s) for automatic derivation of generated clocks
WARNING: [Timing 38-277] The instance 'qsfp_1_phy_quad_inst/phy2.eth_xcvr_phy_2/xcvr_gty.eth_xcvr_gty_channel_inst/inst/gen_gtwizard_gtye4_top.eth_xcvr_gty_channel_gtwizard_gtye4_inst/gen_gtwizard_gtye4.gen_channel_container[0].gen_enabled_channel.gtye4_channel_wrapper_inst/channel_inst/gtye4_channel_gen.gen_gtye4_channel_inst[0].GTYE4_CHANNEL_PRIM_INST' has TXPLLCLKSEL pins that are not constant, so the corresponding mux will select the input(s) having the worst case (highest frequency) clock(s) for automatic derivation of generated clocks
WARNING: [Timing 38-277] The instance 'qsfp_1_phy_quad_inst/phy3.eth_xcvr_phy_3/xcvr_gty.eth_xcvr_gty_channel_inst/inst/gen_gtwizard_gtye4_top.eth_xcvr_gty_channel_gtwizard_gtye4_inst/gen_gtwizard_gtye4.gen_channel_container[0].gen_enabled_channel.gtye4_channel_wrapper_inst/channel_inst/gtye4_channel_gen.gen_gtye4_channel_inst[0].GTYE4_CHANNEL_PRIM_INST' has RXPLLCLKSEL pins that are not constant, so the corresponding mux will select the input(s) having the worst case (highest frequency) clock(s) for automatic derivation of generated clocks
WARNING: [Timing 38-277] The instance 'qsfp_1_phy_quad_inst/phy3.eth_xcvr_phy_3/xcvr_gty.eth_xcvr_gty_channel_inst/inst/gen_gtwizard_gtye4_top.eth_xcvr_gty_channel_gtwizard_gtye4_inst/gen_gtwizard_gtye4.gen_channel_container[0].gen_enabled_channel.gtye4_channel_wrapper_inst/channel_inst/gtye4_channel_gen.gen_gtye4_channel_inst[0].GTYE4_CHANNEL_PRIM_INST' has TXPLLCLKSEL pins that are not constant, so the corresponding mux will select the input(s) having the worst case (highest frequency) clock(s) for automatic derivation of generated clocks
WARNING: [Timing 38-277] The instance 'qsfp_1_phy_quad_inst/phy4.eth_xcvr_phy_4/xcvr_gty.eth_xcvr_gty_channel_inst/inst/gen_gtwizard_gtye4_top.eth_xcvr_gty_channel_gtwizard_gtye4_inst/gen_gtwizard_gtye4.gen_channel_container[0].gen_enabled_channel.gtye4_channel_wrapper_inst/channel_inst/gtye4_channel_gen.gen_gtye4_channel_inst[0].GTYE4_CHANNEL_PRIM_INST' has RXPLLCLKSEL pins that are not constant, so the corresponding mux will select the input(s) having the worst case (highest frequency) clock(s) for automatic derivation of generated clocks
WARNING: [Timing 38-277] The instance 'qsfp_1_phy_quad_inst/phy4.eth_xcvr_phy_4/xcvr_gty.eth_xcvr_gty_channel_inst/inst/gen_gtwizard_gtye4_top.eth_xcvr_gty_channel_gtwizard_gtye4_inst/gen_gtwizard_gtye4.gen_channel_container[0].gen_enabled_channel.gtye4_channel_wrapper_inst/channel_inst/gtye4_channel_gen.gen_gtye4_channel_inst[0].GTYE4_CHANNEL_PRIM_INST' has TXPLLCLKSEL pins that are not constant, so the corresponding mux will select the input(s) having the worst case (highest frequency) clock(s) for automatic derivation of generated clocks
Running Vector-less Activity Propagation...

Finished Running Vector-less Activity Propagation


Starting PowerOpt Patch Enables Task
INFO: [Pwropt 34-162] WRITE_MODE attribute of 0 BRAM(s) out of a total of 220 has been updated to save power. Run report_power_opt to get a complete listing of the BRAMs updated.
INFO: [Constraints 18-632] set_output_delay: No clock object specified, the clocks will be automatically identified [/home/keshav/Documents/Workspace/corundum/fpga/mqnic/ADM_PCIE_9V3/fpga_25g/fpga.xdc:38]
INFO: [Constraints 18-632] set_input_delay: No clock object specified, the clocks will be automatically identified [/home/keshav/Documents/Workspace/corundum/fpga/mqnic/ADM_PCIE_9V3/fpga_25g/fpga.xdc:45]
INFO: [Constraints 18-632] set_output_delay: No clock object specified, the clocks will be automatically identified [/home/keshav/Documents/Workspace/corundum/fpga/mqnic/ADM_PCIE_9V3/fpga_25g/fpga.xdc:108]
INFO: [Constraints 18-632] set_input_delay: No clock object specified, the clocks will be automatically identified [/home/keshav/Documents/Workspace/corundum/fpga/mqnic/ADM_PCIE_9V3/fpga_25g/fpga.xdc:110]
INFO: [Constraints 18-632] set_output_delay: No clock object specified, the clocks will be automatically identified [/home/keshav/Documents/Workspace/corundum/fpga/mqnic/ADM_PCIE_9V3/fpga_25g/fpga.xdc:113]
INFO: [Constraints 18-632] set_input_delay: No clock object specified, the clocks will be automatically identified [/home/keshav/Documents/Workspace/corundum/fpga/mqnic/ADM_PCIE_9V3/fpga_25g/fpga.xdc:115]
INFO: [Constraints 18-632] set_output_delay: No clock object specified, the clocks will be automatically identified [/home/keshav/Documents/Workspace/corundum/fpga/mqnic/ADM_PCIE_9V3/fpga_25g/fpga.xdc:123]
INFO: [Constraints 18-632] set_input_delay: No clock object specified, the clocks will be automatically identified [/home/keshav/Documents/Workspace/corundum/fpga/mqnic/ADM_PCIE_9V3/fpga_25g/fpga.xdc:125]
INFO: [Constraints 18-632] set_input_delay: No clock object specified, the clocks will be automatically identified [/home/keshav/Documents/Workspace/corundum/fpga/mqnic/ADM_PCIE_9V3/fpga_25g/fpga.xdc:204]
INFO: [Constraints 18-632] set_output_delay: No clock object specified, the clocks will be automatically identified [/home/keshav/Documents/Workspace/corundum/fpga/mqnic/ADM_PCIE_9V3/fpga_25g/fpga.xdc:490]
INFO: [Constraints 18-632] set_input_delay: No clock object specified, the clocks will be automatically identified [/home/keshav/Documents/Workspace/corundum/fpga/mqnic/ADM_PCIE_9V3/fpga_25g/fpga.xdc:492]
INFO: [Timing 38-35] Done setting XDC timing constraints.
WARNING: [Timing 38-277] The instance 'qsfp_0_phy_quad_inst/phy1.eth_xcvr_phy_1/xcvr_gty_com_usp.eth_xcvr_gty_full_inst/inst/gen_gtwizard_gtye4_top.eth_xcvr_gty_full_gtwizard_gtye4_inst/gen_gtwizard_gtye4.gen_channel_container[0].gen_enabled_channel.gtye4_channel_wrapper_inst/channel_inst/gtye4_channel_gen.gen_gtye4_channel_inst[0].GTYE4_CHANNEL_PRIM_INST' has RXPLLCLKSEL pins that are not constant, so the corresponding mux will select the input(s) having the worst case (highest frequency) clock(s) for automatic derivation of generated clocks
WARNING: [Timing 38-277] The instance 'qsfp_0_phy_quad_inst/phy1.eth_xcvr_phy_1/xcvr_gty_com_usp.eth_xcvr_gty_full_inst/inst/gen_gtwizard_gtye4_top.eth_xcvr_gty_full_gtwizard_gtye4_inst/gen_gtwizard_gtye4.gen_channel_container[0].gen_enabled_channel.gtye4_channel_wrapper_inst/channel_inst/gtye4_channel_gen.gen_gtye4_channel_inst[0].GTYE4_CHANNEL_PRIM_INST' has TXPLLCLKSEL pins that are not constant, so the corresponding mux will select the input(s) having the worst case (highest frequency) clock(s) for automatic derivation of generated clocks
WARNING: [Timing 38-277] The instance 'qsfp_0_phy_quad_inst/phy2.eth_xcvr_phy_2/xcvr_gty.eth_xcvr_gty_channel_inst/inst/gen_gtwizard_gtye4_top.eth_xcvr_gty_channel_gtwizard_gtye4_inst/gen_gtwizard_gtye4.gen_channel_container[0].gen_enabled_channel.gtye4_channel_wrapper_inst/channel_inst/gtye4_channel_gen.gen_gtye4_channel_inst[0].GTYE4_CHANNEL_PRIM_INST' has RXPLLCLKSEL pins that are not constant, so the corresponding mux will select the input(s) having the worst case (highest frequency) clock(s) for automatic derivation of generated clocks
WARNING: [Timing 38-277] The instance 'qsfp_0_phy_quad_inst/phy2.eth_xcvr_phy_2/xcvr_gty.eth_xcvr_gty_channel_inst/inst/gen_gtwizard_gtye4_top.eth_xcvr_gty_channel_gtwizard_gtye4_inst/gen_gtwizard_gtye4.gen_channel_container[0].gen_enabled_channel.gtye4_channel_wrapper_inst/channel_inst/gtye4_channel_gen.gen_gtye4_channel_inst[0].GTYE4_CHANNEL_PRIM_INST' has TXPLLCLKSEL pins that are not constant, so the corresponding mux will select the input(s) having the worst case (highest frequency) clock(s) for automatic derivation of generated clocks
WARNING: [Timing 38-277] The instance 'qsfp_0_phy_quad_inst/phy3.eth_xcvr_phy_3/xcvr_gty.eth_xcvr_gty_channel_inst/inst/gen_gtwizard_gtye4_top.eth_xcvr_gty_channel_gtwizard_gtye4_inst/gen_gtwizard_gtye4.gen_channel_container[0].gen_enabled_channel.gtye4_channel_wrapper_inst/channel_inst/gtye4_channel_gen.gen_gtye4_channel_inst[0].GTYE4_CHANNEL_PRIM_INST' has RXPLLCLKSEL pins that are not constant, so the corresponding mux will select the input(s) having the worst case (highest frequency) clock(s) for automatic derivation of generated clocks
WARNING: [Timing 38-277] The instance 'qsfp_0_phy_quad_inst/phy3.eth_xcvr_phy_3/xcvr_gty.eth_xcvr_gty_channel_inst/inst/gen_gtwizard_gtye4_top.eth_xcvr_gty_channel_gtwizard_gtye4_inst/gen_gtwizard_gtye4.gen_channel_container[0].gen_enabled_channel.gtye4_channel_wrapper_inst/channel_inst/gtye4_channel_gen.gen_gtye4_channel_inst[0].GTYE4_CHANNEL_PRIM_INST' has TXPLLCLKSEL pins that are not constant, so the corresponding mux will select the input(s) having the worst case (highest frequency) clock(s) for automatic derivation of generated clocks
WARNING: [Timing 38-277] The instance 'qsfp_0_phy_quad_inst/phy4.eth_xcvr_phy_4/xcvr_gty.eth_xcvr_gty_channel_inst/inst/gen_gtwizard_gtye4_top.eth_xcvr_gty_channel_gtwizard_gtye4_inst/gen_gtwizard_gtye4.gen_channel_container[0].gen_enabled_channel.gtye4_channel_wrapper_inst/channel_inst/gtye4_channel_gen.gen_gtye4_channel_inst[0].GTYE4_CHANNEL_PRIM_INST' has RXPLLCLKSEL pins that are not constant, so the corresponding mux will select the input(s) having the worst case (highest frequency) clock(s) for automatic derivation of generated clocks
WARNING: [Timing 38-277] The instance 'qsfp_0_phy_quad_inst/phy4.eth_xcvr_phy_4/xcvr_gty.eth_xcvr_gty_channel_inst/inst/gen_gtwizard_gtye4_top.eth_xcvr_gty_channel_gtwizard_gtye4_inst/gen_gtwizard_gtye4.gen_channel_container[0].gen_enabled_channel.gtye4_channel_wrapper_inst/channel_inst/gtye4_channel_gen.gen_gtye4_channel_inst[0].GTYE4_CHANNEL_PRIM_INST' has TXPLLCLKSEL pins that are not constant, so the corresponding mux will select the input(s) having the worst case (highest frequency) clock(s) for automatic derivation of generated clocks
WARNING: [Timing 38-277] The instance 'qsfp_1_phy_quad_inst/phy1.eth_xcvr_phy_1/xcvr_gty_com_usp.eth_xcvr_gty_full_inst/inst/gen_gtwizard_gtye4_top.eth_xcvr_gty_full_gtwizard_gtye4_inst/gen_gtwizard_gtye4.gen_channel_container[0].gen_enabled_channel.gtye4_channel_wrapper_inst/channel_inst/gtye4_channel_gen.gen_gtye4_channel_inst[0].GTYE4_CHANNEL_PRIM_INST' has RXPLLCLKSEL pins that are not constant, so the corresponding mux will select the input(s) having the worst case (highest frequency) clock(s) for automatic derivation of generated clocks
WARNING: [Timing 38-277] The instance 'qsfp_1_phy_quad_inst/phy1.eth_xcvr_phy_1/xcvr_gty_com_usp.eth_xcvr_gty_full_inst/inst/gen_gtwizard_gtye4_top.eth_xcvr_gty_full_gtwizard_gtye4_inst/gen_gtwizard_gtye4.gen_channel_container[0].gen_enabled_channel.gtye4_channel_wrapper_inst/channel_inst/gtye4_channel_gen.gen_gtye4_channel_inst[0].GTYE4_CHANNEL_PRIM_INST' has TXPLLCLKSEL pins that are not constant, so the corresponding mux will select the input(s) having the worst case (highest frequency) clock(s) for automatic derivation of generated clocks
WARNING: [Timing 38-277] The instance 'qsfp_1_phy_quad_inst/phy2.eth_xcvr_phy_2/xcvr_gty.eth_xcvr_gty_channel_inst/inst/gen_gtwizard_gtye4_top.eth_xcvr_gty_channel_gtwizard_gtye4_inst/gen_gtwizard_gtye4.gen_channel_container[0].gen_enabled_channel.gtye4_channel_wrapper_inst/channel_inst/gtye4_channel_gen.gen_gtye4_channel_inst[0].GTYE4_CHANNEL_PRIM_INST' has RXPLLCLKSEL pins that are not constant, so the corresponding mux will select the input(s) having the worst case (highest frequency) clock(s) for automatic derivation of generated clocks
WARNING: [Timing 38-277] The instance 'qsfp_1_phy_quad_inst/phy2.eth_xcvr_phy_2/xcvr_gty.eth_xcvr_gty_channel_inst/inst/gen_gtwizard_gtye4_top.eth_xcvr_gty_channel_gtwizard_gtye4_inst/gen_gtwizard_gtye4.gen_channel_container[0].gen_enabled_channel.gtye4_channel_wrapper_inst/channel_inst/gtye4_channel_gen.gen_gtye4_channel_inst[0].GTYE4_CHANNEL_PRIM_INST' has TXPLLCLKSEL pins that are not constant, so the corresponding mux will select the input(s) having the worst case (highest frequency) clock(s) for automatic derivation of generated clocks
WARNING: [Timing 38-277] The instance 'qsfp_1_phy_quad_inst/phy3.eth_xcvr_phy_3/xcvr_gty.eth_xcvr_gty_channel_inst/inst/gen_gtwizard_gtye4_top.eth_xcvr_gty_channel_gtwizard_gtye4_inst/gen_gtwizard_gtye4.gen_channel_container[0].gen_enabled_channel.gtye4_channel_wrapper_inst/channel_inst/gtye4_channel_gen.gen_gtye4_channel_inst[0].GTYE4_CHANNEL_PRIM_INST' has RXPLLCLKSEL pins that are not constant, so the corresponding mux will select the input(s) having the worst case (highest frequency) clock(s) for automatic derivation of generated clocks
WARNING: [Timing 38-277] The instance 'qsfp_1_phy_quad_inst/phy3.eth_xcvr_phy_3/xcvr_gty.eth_xcvr_gty_channel_inst/inst/gen_gtwizard_gtye4_top.eth_xcvr_gty_channel_gtwizard_gtye4_inst/gen_gtwizard_gtye4.gen_channel_container[0].gen_enabled_channel.gtye4_channel_wrapper_inst/channel_inst/gtye4_channel_gen.gen_gtye4_channel_inst[0].GTYE4_CHANNEL_PRIM_INST' has TXPLLCLKSEL pins that are not constant, so the corresponding mux will select the input(s) having the worst case (highest frequency) clock(s) for automatic derivation of generated clocks
WARNING: [Timing 38-277] The instance 'qsfp_1_phy_quad_inst/phy4.eth_xcvr_phy_4/xcvr_gty.eth_xcvr_gty_channel_inst/inst/gen_gtwizard_gtye4_top.eth_xcvr_gty_channel_gtwizard_gtye4_inst/gen_gtwizard_gtye4.gen_channel_container[0].gen_enabled_channel.gtye4_channel_wrapper_inst/channel_inst/gtye4_channel_gen.gen_gtye4_channel_inst[0].GTYE4_CHANNEL_PRIM_INST' has RXPLLCLKSEL pins that are not constant, so the corresponding mux will select the input(s) having the worst case (highest frequency) clock(s) for automatic derivation of generated clocks
WARNING: [Timing 38-277] The instance 'qsfp_1_phy_quad_inst/phy4.eth_xcvr_phy_4/xcvr_gty.eth_xcvr_gty_channel_inst/inst/gen_gtwizard_gtye4_top.eth_xcvr_gty_channel_gtwizard_gtye4_inst/gen_gtwizard_gtye4.gen_channel_container[0].gen_enabled_channel.gtye4_channel_wrapper_inst/channel_inst/gtye4_channel_gen.gen_gtye4_channel_inst[0].GTYE4_CHANNEL_PRIM_INST' has TXPLLCLKSEL pins that are not constant, so the corresponding mux will select the input(s) having the worst case (highest frequency) clock(s) for automatic derivation of generated clocks
INFO: [Pwropt 34-201] Structural ODC has moved 8 WE to EN ports
Number of BRAM Ports augmented: 34 newly gated: 10 Total Ports: 440
Ending PowerOpt Patch Enables Task | Checksum: 25dc3c3f2

Time (s): cpu = 00:00:06 ; elapsed = 00:00:03 . Memory (MB): peak = 5995.727 ; gain = 0.000 ; free physical = 43379 ; free virtual = 88569
Ending Power Optimization Task | Checksum: 25dc3c3f2

Time (s): cpu = 00:00:53 ; elapsed = 00:00:16 . Memory (MB): peak = 5995.727 ; gain = 833.035 ; free physical = 43387 ; free virtual = 88577

Starting Final Cleanup Task

Starting Logic Optimization Task
INFO: [Constraints 18-632] set_output_delay: No clock object specified, the clocks will be automatically identified [/home/keshav/Documents/Workspace/corundum/fpga/mqnic/ADM_PCIE_9V3/fpga_25g/fpga.xdc:38]
INFO: [Constraints 18-632] set_input_delay: No clock object specified, the clocks will be automatically identified [/home/keshav/Documents/Workspace/corundum/fpga/mqnic/ADM_PCIE_9V3/fpga_25g/fpga.xdc:45]
INFO: [Constraints 18-632] set_output_delay: No clock object specified, the clocks will be automatically identified [/home/keshav/Documents/Workspace/corundum/fpga/mqnic/ADM_PCIE_9V3/fpga_25g/fpga.xdc:108]
INFO: [Constraints 18-632] set_input_delay: No clock object specified, the clocks will be automatically identified [/home/keshav/Documents/Workspace/corundum/fpga/mqnic/ADM_PCIE_9V3/fpga_25g/fpga.xdc:110]
INFO: [Constraints 18-632] set_output_delay: No clock object specified, the clocks will be automatically identified [/home/keshav/Documents/Workspace/corundum/fpga/mqnic/ADM_PCIE_9V3/fpga_25g/fpga.xdc:113]
INFO: [Constraints 18-632] set_input_delay: No clock object specified, the clocks will be automatically identified [/home/keshav/Documents/Workspace/corundum/fpga/mqnic/ADM_PCIE_9V3/fpga_25g/fpga.xdc:115]
INFO: [Constraints 18-632] set_output_delay: No clock object specified, the clocks will be automatically identified [/home/keshav/Documents/Workspace/corundum/fpga/mqnic/ADM_PCIE_9V3/fpga_25g/fpga.xdc:123]
INFO: [Constraints 18-632] set_input_delay: No clock object specified, the clocks will be automatically identified [/home/keshav/Documents/Workspace/corundum/fpga/mqnic/ADM_PCIE_9V3/fpga_25g/fpga.xdc:125]
INFO: [Constraints 18-632] set_input_delay: No clock object specified, the clocks will be automatically identified [/home/keshav/Documents/Workspace/corundum/fpga/mqnic/ADM_PCIE_9V3/fpga_25g/fpga.xdc:204]
INFO: [Constraints 18-632] set_output_delay: No clock object specified, the clocks will be automatically identified [/home/keshav/Documents/Workspace/corundum/fpga/mqnic/ADM_PCIE_9V3/fpga_25g/fpga.xdc:490]
INFO: [Constraints 18-632] set_input_delay: No clock object specified, the clocks will be automatically identified [/home/keshav/Documents/Workspace/corundum/fpga/mqnic/ADM_PCIE_9V3/fpga_25g/fpga.xdc:492]
INFO: [Timing 38-35] Done setting XDC timing constraints.
WARNING: [Timing 38-277] The instance 'qsfp_0_phy_quad_inst/phy1.eth_xcvr_phy_1/xcvr_gty_com_usp.eth_xcvr_gty_full_inst/inst/gen_gtwizard_gtye4_top.eth_xcvr_gty_full_gtwizard_gtye4_inst/gen_gtwizard_gtye4.gen_channel_container[0].gen_enabled_channel.gtye4_channel_wrapper_inst/channel_inst/gtye4_channel_gen.gen_gtye4_channel_inst[0].GTYE4_CHANNEL_PRIM_INST' has RXPLLCLKSEL pins that are not constant, so the corresponding mux will select the input(s) having the worst case (highest frequency) clock(s) for automatic derivation of generated clocks
WARNING: [Timing 38-277] The instance 'qsfp_0_phy_quad_inst/phy1.eth_xcvr_phy_1/xcvr_gty_com_usp.eth_xcvr_gty_full_inst/inst/gen_gtwizard_gtye4_top.eth_xcvr_gty_full_gtwizard_gtye4_inst/gen_gtwizard_gtye4.gen_channel_container[0].gen_enabled_channel.gtye4_channel_wrapper_inst/channel_inst/gtye4_channel_gen.gen_gtye4_channel_inst[0].GTYE4_CHANNEL_PRIM_INST' has TXPLLCLKSEL pins that are not constant, so the corresponding mux will select the input(s) having the worst case (highest frequency) clock(s) for automatic derivation of generated clocks
WARNING: [Timing 38-277] The instance 'qsfp_0_phy_quad_inst/phy2.eth_xcvr_phy_2/xcvr_gty.eth_xcvr_gty_channel_inst/inst/gen_gtwizard_gtye4_top.eth_xcvr_gty_channel_gtwizard_gtye4_inst/gen_gtwizard_gtye4.gen_channel_container[0].gen_enabled_channel.gtye4_channel_wrapper_inst/channel_inst/gtye4_channel_gen.gen_gtye4_channel_inst[0].GTYE4_CHANNEL_PRIM_INST' has RXPLLCLKSEL pins that are not constant, so the corresponding mux will select the input(s) having the worst case (highest frequency) clock(s) for automatic derivation of generated clocks
WARNING: [Timing 38-277] The instance 'qsfp_0_phy_quad_inst/phy2.eth_xcvr_phy_2/xcvr_gty.eth_xcvr_gty_channel_inst/inst/gen_gtwizard_gtye4_top.eth_xcvr_gty_channel_gtwizard_gtye4_inst/gen_gtwizard_gtye4.gen_channel_container[0].gen_enabled_channel.gtye4_channel_wrapper_inst/channel_inst/gtye4_channel_gen.gen_gtye4_channel_inst[0].GTYE4_CHANNEL_PRIM_INST' has TXPLLCLKSEL pins that are not constant, so the corresponding mux will select the input(s) having the worst case (highest frequency) clock(s) for automatic derivation of generated clocks
WARNING: [Timing 38-277] The instance 'qsfp_0_phy_quad_inst/phy3.eth_xcvr_phy_3/xcvr_gty.eth_xcvr_gty_channel_inst/inst/gen_gtwizard_gtye4_top.eth_xcvr_gty_channel_gtwizard_gtye4_inst/gen_gtwizard_gtye4.gen_channel_container[0].gen_enabled_channel.gtye4_channel_wrapper_inst/channel_inst/gtye4_channel_gen.gen_gtye4_channel_inst[0].GTYE4_CHANNEL_PRIM_INST' has RXPLLCLKSEL pins that are not constant, so the corresponding mux will select the input(s) having the worst case (highest frequency) clock(s) for automatic derivation of generated clocks
WARNING: [Timing 38-277] The instance 'qsfp_0_phy_quad_inst/phy3.eth_xcvr_phy_3/xcvr_gty.eth_xcvr_gty_channel_inst/inst/gen_gtwizard_gtye4_top.eth_xcvr_gty_channel_gtwizard_gtye4_inst/gen_gtwizard_gtye4.gen_channel_container[0].gen_enabled_channel.gtye4_channel_wrapper_inst/channel_inst/gtye4_channel_gen.gen_gtye4_channel_inst[0].GTYE4_CHANNEL_PRIM_INST' has TXPLLCLKSEL pins that are not constant, so the corresponding mux will select the input(s) having the worst case (highest frequency) clock(s) for automatic derivation of generated clocks
WARNING: [Timing 38-277] The instance 'qsfp_0_phy_quad_inst/phy4.eth_xcvr_phy_4/xcvr_gty.eth_xcvr_gty_channel_inst/inst/gen_gtwizard_gtye4_top.eth_xcvr_gty_channel_gtwizard_gtye4_inst/gen_gtwizard_gtye4.gen_channel_container[0].gen_enabled_channel.gtye4_channel_wrapper_inst/channel_inst/gtye4_channel_gen.gen_gtye4_channel_inst[0].GTYE4_CHANNEL_PRIM_INST' has RXPLLCLKSEL pins that are not constant, so the corresponding mux will select the input(s) having the worst case (highest frequency) clock(s) for automatic derivation of generated clocks
WARNING: [Timing 38-277] The instance 'qsfp_0_phy_quad_inst/phy4.eth_xcvr_phy_4/xcvr_gty.eth_xcvr_gty_channel_inst/inst/gen_gtwizard_gtye4_top.eth_xcvr_gty_channel_gtwizard_gtye4_inst/gen_gtwizard_gtye4.gen_channel_container[0].gen_enabled_channel.gtye4_channel_wrapper_inst/channel_inst/gtye4_channel_gen.gen_gtye4_channel_inst[0].GTYE4_CHANNEL_PRIM_INST' has TXPLLCLKSEL pins that are not constant, so the corresponding mux will select the input(s) having the worst case (highest frequency) clock(s) for automatic derivation of generated clocks
WARNING: [Timing 38-277] The instance 'qsfp_1_phy_quad_inst/phy1.eth_xcvr_phy_1/xcvr_gty_com_usp.eth_xcvr_gty_full_inst/inst/gen_gtwizard_gtye4_top.eth_xcvr_gty_full_gtwizard_gtye4_inst/gen_gtwizard_gtye4.gen_channel_container[0].gen_enabled_channel.gtye4_channel_wrapper_inst/channel_inst/gtye4_channel_gen.gen_gtye4_channel_inst[0].GTYE4_CHANNEL_PRIM_INST' has RXPLLCLKSEL pins that are not constant, so the corresponding mux will select the input(s) having the worst case (highest frequency) clock(s) for automatic derivation of generated clocks
WARNING: [Timing 38-277] The instance 'qsfp_1_phy_quad_inst/phy1.eth_xcvr_phy_1/xcvr_gty_com_usp.eth_xcvr_gty_full_inst/inst/gen_gtwizard_gtye4_top.eth_xcvr_gty_full_gtwizard_gtye4_inst/gen_gtwizard_gtye4.gen_channel_container[0].gen_enabled_channel.gtye4_channel_wrapper_inst/channel_inst/gtye4_channel_gen.gen_gtye4_channel_inst[0].GTYE4_CHANNEL_PRIM_INST' has TXPLLCLKSEL pins that are not constant, so the corresponding mux will select the input(s) having the worst case (highest frequency) clock(s) for automatic derivation of generated clocks
WARNING: [Timing 38-277] The instance 'qsfp_1_phy_quad_inst/phy2.eth_xcvr_phy_2/xcvr_gty.eth_xcvr_gty_channel_inst/inst/gen_gtwizard_gtye4_top.eth_xcvr_gty_channel_gtwizard_gtye4_inst/gen_gtwizard_gtye4.gen_channel_container[0].gen_enabled_channel.gtye4_channel_wrapper_inst/channel_inst/gtye4_channel_gen.gen_gtye4_channel_inst[0].GTYE4_CHANNEL_PRIM_INST' has RXPLLCLKSEL pins that are not constant, so the corresponding mux will select the input(s) having the worst case (highest frequency) clock(s) for automatic derivation of generated clocks
WARNING: [Timing 38-277] The instance 'qsfp_1_phy_quad_inst/phy2.eth_xcvr_phy_2/xcvr_gty.eth_xcvr_gty_channel_inst/inst/gen_gtwizard_gtye4_top.eth_xcvr_gty_channel_gtwizard_gtye4_inst/gen_gtwizard_gtye4.gen_channel_container[0].gen_enabled_channel.gtye4_channel_wrapper_inst/channel_inst/gtye4_channel_gen.gen_gtye4_channel_inst[0].GTYE4_CHANNEL_PRIM_INST' has TXPLLCLKSEL pins that are not constant, so the corresponding mux will select the input(s) having the worst case (highest frequency) clock(s) for automatic derivation of generated clocks
WARNING: [Timing 38-277] The instance 'qsfp_1_phy_quad_inst/phy3.eth_xcvr_phy_3/xcvr_gty.eth_xcvr_gty_channel_inst/inst/gen_gtwizard_gtye4_top.eth_xcvr_gty_channel_gtwizard_gtye4_inst/gen_gtwizard_gtye4.gen_channel_container[0].gen_enabled_channel.gtye4_channel_wrapper_inst/channel_inst/gtye4_channel_gen.gen_gtye4_channel_inst[0].GTYE4_CHANNEL_PRIM_INST' has RXPLLCLKSEL pins that are not constant, so the corresponding mux will select the input(s) having the worst case (highest frequency) clock(s) for automatic derivation of generated clocks
WARNING: [Timing 38-277] The instance 'qsfp_1_phy_quad_inst/phy3.eth_xcvr_phy_3/xcvr_gty.eth_xcvr_gty_channel_inst/inst/gen_gtwizard_gtye4_top.eth_xcvr_gty_channel_gtwizard_gtye4_inst/gen_gtwizard_gtye4.gen_channel_container[0].gen_enabled_channel.gtye4_channel_wrapper_inst/channel_inst/gtye4_channel_gen.gen_gtye4_channel_inst[0].GTYE4_CHANNEL_PRIM_INST' has TXPLLCLKSEL pins that are not constant, so the corresponding mux will select the input(s) having the worst case (highest frequency) clock(s) for automatic derivation of generated clocks
WARNING: [Timing 38-277] The instance 'qsfp_1_phy_quad_inst/phy4.eth_xcvr_phy_4/xcvr_gty.eth_xcvr_gty_channel_inst/inst/gen_gtwizard_gtye4_top.eth_xcvr_gty_channel_gtwizard_gtye4_inst/gen_gtwizard_gtye4.gen_channel_container[0].gen_enabled_channel.gtye4_channel_wrapper_inst/channel_inst/gtye4_channel_gen.gen_gtye4_channel_inst[0].GTYE4_CHANNEL_PRIM_INST' has RXPLLCLKSEL pins that are not constant, so the corresponding mux will select the input(s) having the worst case (highest frequency) clock(s) for automatic derivation of generated clocks
WARNING: [Timing 38-277] The instance 'qsfp_1_phy_quad_inst/phy4.eth_xcvr_phy_4/xcvr_gty.eth_xcvr_gty_channel_inst/inst/gen_gtwizard_gtye4_top.eth_xcvr_gty_channel_gtwizard_gtye4_inst/gen_gtwizard_gtye4.gen_channel_container[0].gen_enabled_channel.gtye4_channel_wrapper_inst/channel_inst/gtye4_channel_gen.gen_gtye4_channel_inst[0].GTYE4_CHANNEL_PRIM_INST' has TXPLLCLKSEL pins that are not constant, so the corresponding mux will select the input(s) having the worst case (highest frequency) clock(s) for automatic derivation of generated clocks
Ending Logic Optimization Task | Checksum: 18f7d1374

Time (s): cpu = 00:00:11 ; elapsed = 00:00:04 . Memory (MB): peak = 5995.727 ; gain = 0.000 ; free physical = 43340 ; free virtual = 88569
Ending Final Cleanup Task | Checksum: 18f7d1374

Time (s): cpu = 00:00:12 ; elapsed = 00:00:06 . Memory (MB): peak = 5995.727 ; gain = 0.000 ; free physical = 43341 ; free virtual = 88569
Netlist sorting complete. Time (s): cpu = 00:00:00.02 ; elapsed = 00:00:00.02 . Memory (MB): peak = 5995.727 ; gain = 0.000 ; free physical = 43341 ; free virtual = 88569
INFO: [Common 17-83] Releasing license: Implementation
105 Infos, 102 Warnings, 0 Critical Warnings and 0 Errors encountered.
opt_design completed successfully
opt_design: Time (s): cpu = 00:01:24 ; elapsed = 00:00:33 . Memory (MB): peak = 5995.727 ; gain = 833.035 ; free physical = 43342 ; free virtual = 88571
INFO: [Vivado 12-24828] Executing command : report_drc -file fpga_drc_opted.rpt -pb fpga_drc_opted.pb -rpx fpga_drc_opted.rpx
Command: report_drc -file fpga_drc_opted.rpt -pb fpga_drc_opted.pb -rpx fpga_drc_opted.rpx
INFO: [IP_Flow 19-1839] IP Catalog is up to date.
INFO: [DRC 23-27] Running DRC with 8 threads
INFO: [Vivado_Tcl 2-168] The results of DRC are in file /home/keshav/Documents/Workspace/corundum/fpga/mqnic/ADM_PCIE_9V3/fpga_25g/fpga/fpga.runs/impl_1/fpga_drc_opted.rpt.
report_drc completed successfully
INFO: [Timing 38-480] Writing timing data to binary archive.
Wrote PlaceDB: Time (s): cpu = 00:00:00 ; elapsed = 00:00:00 . Memory (MB): peak = 5995.727 ; gain = 0.000 ; free physical = 43302 ; free virtual = 88592
Wrote PulsedLatchDB: Time (s): cpu = 00:00:00 ; elapsed = 00:00:00 . Memory (MB): peak = 5995.727 ; gain = 0.000 ; free physical = 43302 ; free virtual = 88592
Writing XDEF routing.
Writing XDEF routing logical nets.
Write ShapeDB Complete: Time (s): cpu = 00:00:00.59 ; elapsed = 00:00:00.13 . Memory (MB): peak = 5995.727 ; gain = 0.000 ; free physical = 43280 ; free virtual = 88585
Writing XDEF routing special nets.
Wrote RouteStorage: Time (s): cpu = 00:00:00.75 ; elapsed = 00:00:00.17 . Memory (MB): peak = 5995.727 ; gain = 0.000 ; free physical = 43274 ; free virtual = 88586
Wrote PlaceStorage: Time (s): cpu = 00:00:00.09 ; elapsed = 00:00:00.02 . Memory (MB): peak = 5995.727 ; gain = 0.000 ; free physical = 43273 ; free virtual = 88585
Wrote Netlist Cache: Time (s): cpu = 00:00:00.01 ; elapsed = 00:00:00.01 . Memory (MB): peak = 5995.727 ; gain = 0.000 ; free physical = 43272 ; free virtual = 88585
Wrote Device Cache: Time (s): cpu = 00:00:00.02 ; elapsed = 00:00:00 . Memory (MB): peak = 5995.727 ; gain = 0.000 ; free physical = 43269 ; free virtual = 88584
Write Physdb Complete: Time (s): cpu = 00:00:00.92 ; elapsed = 00:00:00.21 . Memory (MB): peak = 5995.727 ; gain = 0.000 ; free physical = 43270 ; free virtual = 88585
INFO: [Common 17-1381] The checkpoint '/home/keshav/Documents/Workspace/corundum/fpga/mqnic/ADM_PCIE_9V3/fpga_25g/fpga/fpga.runs/impl_1/fpga_opt.dcp' has been generated.
write_checkpoint: Time (s): cpu = 00:00:13 ; elapsed = 00:00:11 . Memory (MB): peak = 5995.727 ; gain = 0.000 ; free physical = 43310 ; free virtual = 88613
Command: place_design
Attempting to get a license for feature 'Implementation' and/or device 'xcvu3p'
INFO: [Common 17-349] Got license for feature 'Implementation' and/or device 'xcvu3p'
INFO: [Common 17-83] Releasing license: Implementation
INFO: [Constraints 18-632] set_output_delay: No clock object specified, the clocks will be automatically identified [/home/keshav/Documents/Workspace/corundum/fpga/mqnic/ADM_PCIE_9V3/fpga_25g/fpga.xdc:38]
INFO: [Constraints 18-632] set_input_delay: No clock object specified, the clocks will be automatically identified [/home/keshav/Documents/Workspace/corundum/fpga/mqnic/ADM_PCIE_9V3/fpga_25g/fpga.xdc:45]
INFO: [Constraints 18-632] set_output_delay: No clock object specified, the clocks will be automatically identified [/home/keshav/Documents/Workspace/corundum/fpga/mqnic/ADM_PCIE_9V3/fpga_25g/fpga.xdc:108]
INFO: [Constraints 18-632] set_input_delay: No clock object specified, the clocks will be automatically identified [/home/keshav/Documents/Workspace/corundum/fpga/mqnic/ADM_PCIE_9V3/fpga_25g/fpga.xdc:110]
INFO: [Constraints 18-632] set_output_delay: No clock object specified, the clocks will be automatically identified [/home/keshav/Documents/Workspace/corundum/fpga/mqnic/ADM_PCIE_9V3/fpga_25g/fpga.xdc:113]
INFO: [Constraints 18-632] set_input_delay: No clock object specified, the clocks will be automatically identified [/home/keshav/Documents/Workspace/corundum/fpga/mqnic/ADM_PCIE_9V3/fpga_25g/fpga.xdc:115]
INFO: [Constraints 18-632] set_output_delay: No clock object specified, the clocks will be automatically identified [/home/keshav/Documents/Workspace/corundum/fpga/mqnic/ADM_PCIE_9V3/fpga_25g/fpga.xdc:123]
INFO: [Constraints 18-632] set_input_delay: No clock object specified, the clocks will be automatically identified [/home/keshav/Documents/Workspace/corundum/fpga/mqnic/ADM_PCIE_9V3/fpga_25g/fpga.xdc:125]
INFO: [Constraints 18-632] set_input_delay: No clock object specified, the clocks will be automatically identified [/home/keshav/Documents/Workspace/corundum/fpga/mqnic/ADM_PCIE_9V3/fpga_25g/fpga.xdc:204]
INFO: [Constraints 18-632] set_output_delay: No clock object specified, the clocks will be automatically identified [/home/keshav/Documents/Workspace/corundum/fpga/mqnic/ADM_PCIE_9V3/fpga_25g/fpga.xdc:490]
INFO: [Constraints 18-632] set_input_delay: No clock object specified, the clocks will be automatically identified [/home/keshav/Documents/Workspace/corundum/fpga/mqnic/ADM_PCIE_9V3/fpga_25g/fpga.xdc:492]
INFO: [Timing 38-35] Done setting XDC timing constraints.
WARNING: [Timing 38-277] The instance 'qsfp_0_phy_quad_inst/phy1.eth_xcvr_phy_1/xcvr_gty_com_usp.eth_xcvr_gty_full_inst/inst/gen_gtwizard_gtye4_top.eth_xcvr_gty_full_gtwizard_gtye4_inst/gen_gtwizard_gtye4.gen_channel_container[0].gen_enabled_channel.gtye4_channel_wrapper_inst/channel_inst/gtye4_channel_gen.gen_gtye4_channel_inst[0].GTYE4_CHANNEL_PRIM_INST' has RXPLLCLKSEL pins that are not constant, so the corresponding mux will select the input(s) having the worst case (highest frequency) clock(s) for automatic derivation of generated clocks
WARNING: [Timing 38-277] The instance 'qsfp_0_phy_quad_inst/phy1.eth_xcvr_phy_1/xcvr_gty_com_usp.eth_xcvr_gty_full_inst/inst/gen_gtwizard_gtye4_top.eth_xcvr_gty_full_gtwizard_gtye4_inst/gen_gtwizard_gtye4.gen_channel_container[0].gen_enabled_channel.gtye4_channel_wrapper_inst/channel_inst/gtye4_channel_gen.gen_gtye4_channel_inst[0].GTYE4_CHANNEL_PRIM_INST' has TXPLLCLKSEL pins that are not constant, so the corresponding mux will select the input(s) having the worst case (highest frequency) clock(s) for automatic derivation of generated clocks
WARNING: [Timing 38-277] The instance 'qsfp_0_phy_quad_inst/phy2.eth_xcvr_phy_2/xcvr_gty.eth_xcvr_gty_channel_inst/inst/gen_gtwizard_gtye4_top.eth_xcvr_gty_channel_gtwizard_gtye4_inst/gen_gtwizard_gtye4.gen_channel_container[0].gen_enabled_channel.gtye4_channel_wrapper_inst/channel_inst/gtye4_channel_gen.gen_gtye4_channel_inst[0].GTYE4_CHANNEL_PRIM_INST' has RXPLLCLKSEL pins that are not constant, so the corresponding mux will select the input(s) having the worst case (highest frequency) clock(s) for automatic derivation of generated clocks
WARNING: [Timing 38-277] The instance 'qsfp_0_phy_quad_inst/phy2.eth_xcvr_phy_2/xcvr_gty.eth_xcvr_gty_channel_inst/inst/gen_gtwizard_gtye4_top.eth_xcvr_gty_channel_gtwizard_gtye4_inst/gen_gtwizard_gtye4.gen_channel_container[0].gen_enabled_channel.gtye4_channel_wrapper_inst/channel_inst/gtye4_channel_gen.gen_gtye4_channel_inst[0].GTYE4_CHANNEL_PRIM_INST' has TXPLLCLKSEL pins that are not constant, so the corresponding mux will select the input(s) having the worst case (highest frequency) clock(s) for automatic derivation of generated clocks
WARNING: [Timing 38-277] The instance 'qsfp_0_phy_quad_inst/phy3.eth_xcvr_phy_3/xcvr_gty.eth_xcvr_gty_channel_inst/inst/gen_gtwizard_gtye4_top.eth_xcvr_gty_channel_gtwizard_gtye4_inst/gen_gtwizard_gtye4.gen_channel_container[0].gen_enabled_channel.gtye4_channel_wrapper_inst/channel_inst/gtye4_channel_gen.gen_gtye4_channel_inst[0].GTYE4_CHANNEL_PRIM_INST' has RXPLLCLKSEL pins that are not constant, so the corresponding mux will select the input(s) having the worst case (highest frequency) clock(s) for automatic derivation of generated clocks
WARNING: [Timing 38-277] The instance 'qsfp_0_phy_quad_inst/phy3.eth_xcvr_phy_3/xcvr_gty.eth_xcvr_gty_channel_inst/inst/gen_gtwizard_gtye4_top.eth_xcvr_gty_channel_gtwizard_gtye4_inst/gen_gtwizard_gtye4.gen_channel_container[0].gen_enabled_channel.gtye4_channel_wrapper_inst/channel_inst/gtye4_channel_gen.gen_gtye4_channel_inst[0].GTYE4_CHANNEL_PRIM_INST' has TXPLLCLKSEL pins that are not constant, so the corresponding mux will select the input(s) having the worst case (highest frequency) clock(s) for automatic derivation of generated clocks
WARNING: [Timing 38-277] The instance 'qsfp_0_phy_quad_inst/phy4.eth_xcvr_phy_4/xcvr_gty.eth_xcvr_gty_channel_inst/inst/gen_gtwizard_gtye4_top.eth_xcvr_gty_channel_gtwizard_gtye4_inst/gen_gtwizard_gtye4.gen_channel_container[0].gen_enabled_channel.gtye4_channel_wrapper_inst/channel_inst/gtye4_channel_gen.gen_gtye4_channel_inst[0].GTYE4_CHANNEL_PRIM_INST' has RXPLLCLKSEL pins that are not constant, so the corresponding mux will select the input(s) having the worst case (highest frequency) clock(s) for automatic derivation of generated clocks
WARNING: [Timing 38-277] The instance 'qsfp_0_phy_quad_inst/phy4.eth_xcvr_phy_4/xcvr_gty.eth_xcvr_gty_channel_inst/inst/gen_gtwizard_gtye4_top.eth_xcvr_gty_channel_gtwizard_gtye4_inst/gen_gtwizard_gtye4.gen_channel_container[0].gen_enabled_channel.gtye4_channel_wrapper_inst/channel_inst/gtye4_channel_gen.gen_gtye4_channel_inst[0].GTYE4_CHANNEL_PRIM_INST' has TXPLLCLKSEL pins that are not constant, so the corresponding mux will select the input(s) having the worst case (highest frequency) clock(s) for automatic derivation of generated clocks
WARNING: [Timing 38-277] The instance 'qsfp_1_phy_quad_inst/phy1.eth_xcvr_phy_1/xcvr_gty_com_usp.eth_xcvr_gty_full_inst/inst/gen_gtwizard_gtye4_top.eth_xcvr_gty_full_gtwizard_gtye4_inst/gen_gtwizard_gtye4.gen_channel_container[0].gen_enabled_channel.gtye4_channel_wrapper_inst/channel_inst/gtye4_channel_gen.gen_gtye4_channel_inst[0].GTYE4_CHANNEL_PRIM_INST' has RXPLLCLKSEL pins that are not constant, so the corresponding mux will select the input(s) having the worst case (highest frequency) clock(s) for automatic derivation of generated clocks
WARNING: [Timing 38-277] The instance 'qsfp_1_phy_quad_inst/phy1.eth_xcvr_phy_1/xcvr_gty_com_usp.eth_xcvr_gty_full_inst/inst/gen_gtwizard_gtye4_top.eth_xcvr_gty_full_gtwizard_gtye4_inst/gen_gtwizard_gtye4.gen_channel_container[0].gen_enabled_channel.gtye4_channel_wrapper_inst/channel_inst/gtye4_channel_gen.gen_gtye4_channel_inst[0].GTYE4_CHANNEL_PRIM_INST' has TXPLLCLKSEL pins that are not constant, so the corresponding mux will select the input(s) having the worst case (highest frequency) clock(s) for automatic derivation of generated clocks
WARNING: [Timing 38-277] The instance 'qsfp_1_phy_quad_inst/phy2.eth_xcvr_phy_2/xcvr_gty.eth_xcvr_gty_channel_inst/inst/gen_gtwizard_gtye4_top.eth_xcvr_gty_channel_gtwizard_gtye4_inst/gen_gtwizard_gtye4.gen_channel_container[0].gen_enabled_channel.gtye4_channel_wrapper_inst/channel_inst/gtye4_channel_gen.gen_gtye4_channel_inst[0].GTYE4_CHANNEL_PRIM_INST' has RXPLLCLKSEL pins that are not constant, so the corresponding mux will select the input(s) having the worst case (highest frequency) clock(s) for automatic derivation of generated clocks
WARNING: [Timing 38-277] The instance 'qsfp_1_phy_quad_inst/phy2.eth_xcvr_phy_2/xcvr_gty.eth_xcvr_gty_channel_inst/inst/gen_gtwizard_gtye4_top.eth_xcvr_gty_channel_gtwizard_gtye4_inst/gen_gtwizard_gtye4.gen_channel_container[0].gen_enabled_channel.gtye4_channel_wrapper_inst/channel_inst/gtye4_channel_gen.gen_gtye4_channel_inst[0].GTYE4_CHANNEL_PRIM_INST' has TXPLLCLKSEL pins that are not constant, so the corresponding mux will select the input(s) having the worst case (highest frequency) clock(s) for automatic derivation of generated clocks
WARNING: [Timing 38-277] The instance 'qsfp_1_phy_quad_inst/phy3.eth_xcvr_phy_3/xcvr_gty.eth_xcvr_gty_channel_inst/inst/gen_gtwizard_gtye4_top.eth_xcvr_gty_channel_gtwizard_gtye4_inst/gen_gtwizard_gtye4.gen_channel_container[0].gen_enabled_channel.gtye4_channel_wrapper_inst/channel_inst/gtye4_channel_gen.gen_gtye4_channel_inst[0].GTYE4_CHANNEL_PRIM_INST' has RXPLLCLKSEL pins that are not constant, so the corresponding mux will select the input(s) having the worst case (highest frequency) clock(s) for automatic derivation of generated clocks
WARNING: [Timing 38-277] The instance 'qsfp_1_phy_quad_inst/phy3.eth_xcvr_phy_3/xcvr_gty.eth_xcvr_gty_channel_inst/inst/gen_gtwizard_gtye4_top.eth_xcvr_gty_channel_gtwizard_gtye4_inst/gen_gtwizard_gtye4.gen_channel_container[0].gen_enabled_channel.gtye4_channel_wrapper_inst/channel_inst/gtye4_channel_gen.gen_gtye4_channel_inst[0].GTYE4_CHANNEL_PRIM_INST' has TXPLLCLKSEL pins that are not constant, so the corresponding mux will select the input(s) having the worst case (highest frequency) clock(s) for automatic derivation of generated clocks
WARNING: [Timing 38-277] The instance 'qsfp_1_phy_quad_inst/phy4.eth_xcvr_phy_4/xcvr_gty.eth_xcvr_gty_channel_inst/inst/gen_gtwizard_gtye4_top.eth_xcvr_gty_channel_gtwizard_gtye4_inst/gen_gtwizard_gtye4.gen_channel_container[0].gen_enabled_channel.gtye4_channel_wrapper_inst/channel_inst/gtye4_channel_gen.gen_gtye4_channel_inst[0].GTYE4_CHANNEL_PRIM_INST' has RXPLLCLKSEL pins that are not constant, so the corresponding mux will select the input(s) having the worst case (highest frequency) clock(s) for automatic derivation of generated clocks
WARNING: [Timing 38-277] The instance 'qsfp_1_phy_quad_inst/phy4.eth_xcvr_phy_4/xcvr_gty.eth_xcvr_gty_channel_inst/inst/gen_gtwizard_gtye4_top.eth_xcvr_gty_channel_gtwizard_gtye4_inst/gen_gtwizard_gtye4.gen_channel_container[0].gen_enabled_channel.gtye4_channel_wrapper_inst/channel_inst/gtye4_channel_gen.gen_gtye4_channel_inst[0].GTYE4_CHANNEL_PRIM_INST' has TXPLLCLKSEL pins that are not constant, so the corresponding mux will select the input(s) having the worst case (highest frequency) clock(s) for automatic derivation of generated clocks
Running DRC as a precondition to command place_design
INFO: [DRC 23-27] Running DRC with 8 threads
INFO: [Vivado_Tcl 4-198] DRC finished with 0 Errors
INFO: [Vivado_Tcl 4-199] Please refer to the DRC report (report_drc) for more information.
INFO: [Place 30-611] Multithreading enabled for place_design using a maximum of 8 CPUs

Starting Placer Task

Phase 1 Placer Initialization

Phase 1.1 Placer Initialization Netlist Sorting
Netlist sorting complete. Time (s): cpu = 00:00:00.02 ; elapsed = 00:00:00.02 . Memory (MB): peak = 5995.727 ; gain = 0.000 ; free physical = 43239 ; free virtual = 88547
Phase 1.1 Placer Initialization Netlist Sorting | Checksum: 174027334

Time (s): cpu = 00:00:00.06 ; elapsed = 00:00:00.05 . Memory (MB): peak = 5995.727 ; gain = 0.000 ; free physical = 43236 ; free virtual = 88545
Netlist sorting complete. Time (s): cpu = 00:00:00.02 ; elapsed = 00:00:00.02 . Memory (MB): peak = 5995.727 ; gain = 0.000 ; free physical = 43228 ; free virtual = 88537

Phase 1.2 IO Placement/ Clock Placement/ Build Placer Device
Phase 1.2 IO Placement/ Clock Placement/ Build Placer Device | Checksum: 291718bd8

Time (s): cpu = 00:00:16 ; elapsed = 00:00:12 . Memory (MB): peak = 5995.727 ; gain = 0.000 ; free physical = 43300 ; free virtual = 88586

Phase 1.3 Build Placer Netlist Model
Phase 1.3 Build Placer Netlist Model | Checksum: 3191b8800

Time (s): cpu = 00:00:49 ; elapsed = 00:00:28 . Memory (MB): peak = 5995.727 ; gain = 0.000 ; free physical = 43282 ; free virtual = 88609

Phase 1.4 Constrain Clocks/Macros
Phase 1.4 Constrain Clocks/Macros | Checksum: 3191b8800

Time (s): cpu = 00:00:49 ; elapsed = 00:00:29 . Memory (MB): peak = 5995.727 ; gain = 0.000 ; free physical = 43281 ; free virtual = 88608
Phase 1 Placer Initialization | Checksum: 3191b8800

Time (s): cpu = 00:00:49 ; elapsed = 00:00:29 . Memory (MB): peak = 5995.727 ; gain = 0.000 ; free physical = 43278 ; free virtual = 88606

Phase 2 Global Placement

Phase 2.1 Floorplanning

Phase 2.1.1 Partition Driven Placement

Phase 2.1.1.1 PBP: Partition Driven Placement
Phase 2.1.1.1 PBP: Partition Driven Placement | Checksum: 30057bbc7

Time (s): cpu = 00:01:38 ; elapsed = 00:00:48 . Memory (MB): peak = 5995.727 ; gain = 0.000 ; free physical = 42898 ; free virtual = 88449

Phase 2.1.1.2 PBP: Clock Region Placement
INFO: [Place 30-3162] Check ILP status : ILP-based clock placer completed successfully.
Phase 2.1.1.2 PBP: Clock Region Placement | Checksum: 2ada515d4

Time (s): cpu = 00:01:42 ; elapsed = 00:00:52 . Memory (MB): peak = 5995.727 ; gain = 0.000 ; free physical = 42895 ; free virtual = 88453

Phase 2.1.1.3 PBP: Compute Congestion
Phase 2.1.1.3 PBP: Compute Congestion | Checksum: 2ada515d4

Time (s): cpu = 00:01:57 ; elapsed = 00:00:56 . Memory (MB): peak = 5995.727 ; gain = 0.000 ; free physical = 42445 ; free virtual = 88448

Phase 2.1.1.4 PBP: UpdateTiming
Phase 2.1.1.4 PBP: UpdateTiming | Checksum: 1bb5e79cb

Time (s): cpu = 00:02:05 ; elapsed = 00:00:59 . Memory (MB): peak = 5995.727 ; gain = 0.000 ; free physical = 42554 ; free virtual = 88463

Phase 2.1.1.5 PBP: Add part constraints
Phase 2.1.1.5 PBP: Add part constraints | Checksum: 1bb5e79cb

Time (s): cpu = 00:02:05 ; elapsed = 00:01:00 . Memory (MB): peak = 5995.727 ; gain = 0.000 ; free physical = 42567 ; free virtual = 88472
Phase 2.1.1 Partition Driven Placement | Checksum: 1bb5e79cb

Time (s): cpu = 00:02:05 ; elapsed = 00:01:00 . Memory (MB): peak = 5995.727 ; gain = 0.000 ; free physical = 42566 ; free virtual = 88471
Phase 2.1 Floorplanning | Checksum: 1bb5e79cb

Time (s): cpu = 00:02:05 ; elapsed = 00:01:00 . Memory (MB): peak = 5995.727 ; gain = 0.000 ; free physical = 42566 ; free virtual = 88471

Phase 2.2 Update Timing before SLR Path Opt
Phase 2.2 Update Timing before SLR Path Opt | Checksum: 1bb5e79cb

Time (s): cpu = 00:02:06 ; elapsed = 00:01:00 . Memory (MB): peak = 5995.727 ; gain = 0.000 ; free physical = 42571 ; free virtual = 88476

Phase 2.3 Post-Processing in Floorplanning
Phase 2.3 Post-Processing in Floorplanning | Checksum: 1e881961c

Time (s): cpu = 00:02:06 ; elapsed = 00:01:00 . Memory (MB): peak = 5995.727 ; gain = 0.000 ; free physical = 42562 ; free virtual = 88467

Phase 2.4 Global Place Phase1
Phase 2.4 Global Place Phase1 | Checksum: 26b9d0b9e

Time (s): cpu = 00:04:24 ; elapsed = 00:01:52 . Memory (MB): peak = 6250.812 ; gain = 255.086 ; free physical = 42579 ; free virtual = 88290

Phase 2.5 Global Place Phase2

Phase 2.5.1 UpdateTiming Before Physical Synthesis
Phase 2.5.1 UpdateTiming Before Physical Synthesis | Checksum: 24120663f

Time (s): cpu = 00:04:36 ; elapsed = 00:01:57 . Memory (MB): peak = 6250.812 ; gain = 255.086 ; free physical = 42555 ; free virtual = 88274

Phase 2.5.2 Physical Synthesis In Placer
INFO: [Physopt 32-1035] Found 47 LUTNM shape to break, 3768 LUT instances to create LUTNM shape
INFO: [Physopt 32-1044] Break lutnm for timing: one critical 30, two critical 17, total 47, new lutff created 0
INFO: [Physopt 32-1138] End 1 Pass. Optimized 1548 nets or LUTs. Breaked 47 LUTs, combined 1501 existing LUTs and moved 0 existing LUT
Netlist sorting complete. Time (s): cpu = 00:00:00.02 ; elapsed = 00:00:00.02 . Memory (MB): peak = 6259.570 ; gain = 0.000 ; free physical = 42541 ; free virtual = 88254
INFO: [Physopt 32-1030] Pass 1. Identified 163 candidate driver sets for equivalent driver rewiring.
INFO: [Physopt 32-661] Optimized 146 nets.  Re-placed 556 instances.
INFO: [Physopt 32-775] End 1 Pass. Optimized 146 nets or cells. Created 0 new cell, deleted 2 existing cells and moved 556 existing cells
Netlist sorting complete. Time (s): cpu = 00:00:00.21 ; elapsed = 00:00:00.21 . Memory (MB): peak = 6259.570 ; gain = 0.000 ; free physical = 42565 ; free virtual = 88278
INFO: [Physopt 32-1408] Pass 1. Identified 2 candidate nets for high-fanout optimization.
INFO: [Physopt 32-81] Processed net core_inst/core_inst/core_pcie_inst/dma_if_pcie_inst/dma_if_pcie_rd_inst/offset_reg[0]. Replicated 5 times.
INFO: [Physopt 32-81] Processed net core_inst/core_inst/core_pcie_inst/dma_if_pcie_inst/dma_if_pcie_rd_inst/offset_reg[1]. Replicated 5 times.
INFO: [Physopt 32-232] Optimized 2 nets. Created 10 new instances.
INFO: [Physopt 32-775] End 1 Pass. Optimized 2 nets or cells. Created 10 new cells, deleted 0 existing cell and moved 0 existing cell
Netlist sorting complete. Time (s): cpu = 00:00:00.05 ; elapsed = 00:00:00.05 . Memory (MB): peak = 6259.570 ; gain = 0.000 ; free physical = 42550 ; free virtual = 88270
INFO: [Physopt 32-46] Identified 3 candidate nets for critical-cell optimization.
INFO: [Physopt 32-232] Optimized 0 net. Created 0 new instance.
INFO: [Physopt 32-775] End 1 Pass. Optimized 0 net or cell. Created 0 new cell, deleted 0 existing cell and moved 0 existing cell
INFO: [Physopt 32-456] No candidate cells for DSP register optimization found in the design.
INFO: [Physopt 32-775] End 2 Pass. Optimized 0 net or cell. Created 0 new cell, deleted 0 existing cell and moved 0 existing cell
INFO: [Physopt 32-1123] No candidate cells found for Shift Register to Pipeline optimization
INFO: [Physopt 32-775] End 2 Pass. Optimized 0 net or cell. Created 0 new cell, deleted 0 existing cell and moved 0 existing cell
INFO: [Physopt 32-1402] Pass 1: Identified 11 candidate cells for Shift Register optimization.
INFO: [Physopt 32-775] End 1 Pass. Optimized 8 nets or cells. Created 16 new cells, deleted 0 existing cell and moved 0 existing cell
Netlist sorting complete. Time (s): cpu = 00:00:00.03 ; elapsed = 00:00:00.03 . Memory (MB): peak = 6259.570 ; gain = 0.000 ; free physical = 42545 ; free virtual = 88265
INFO: [Physopt 32-527] Pass 1: Identified 1 candidate cell for BRAM register optimization
INFO: [Physopt 32-665] Processed cell core_inst/core_inst/core_pcie_inst/core_inst/iface[1].interface_inst/sched[0].scheduler_block/tx_scheduler_inst/rr_fifo/mem_reg_bram_2. 4 registers were pushed out.
INFO: [Physopt 32-775] End 1 Pass. Optimized 1 net or cell. Created 4 new cells, deleted 0 existing cell and moved 0 existing cell
Netlist sorting complete. Time (s): cpu = 00:00:00.04 ; elapsed = 00:00:00.04 . Memory (MB): peak = 6259.570 ; gain = 0.000 ; free physical = 42541 ; free virtual = 88266
INFO: [Physopt 32-846] No candidate cells for URAM register optimization found in the design
INFO: [Physopt 32-775] End 1 Pass. Optimized 0 net or cell. Created 0 new cell, deleted 0 existing cell and moved 0 existing cell
INFO: [Physopt 32-846] No candidate cells for URAM register optimization found in the design
INFO: [Physopt 32-775] End 1 Pass. Optimized 0 net or cell. Created 0 new cell, deleted 0 existing cell and moved 0 existing cell
INFO: [Physopt 32-949] No candidate nets found for dynamic/static region interface net replication
INFO: [Physopt 32-775] End 1 Pass. Optimized 0 net or cell. Created 0 new cell, deleted 0 existing cell and moved 0 existing cell
Netlist sorting complete. Time (s): cpu = 00:00:00.02 ; elapsed = 00:00:00.02 . Memory (MB): peak = 6259.570 ; gain = 0.000 ; free physical = 42540 ; free virtual = 88265

Summary of Physical Synthesis Optimizations
============================================


-----------------------------------------------------------------------------------------------------------------------------------------------------------
|  Optimization                                     |  Added Cells  |  Removed Cells  |  Optimized Cells/Nets  |  Dont Touch  |  Iterations  |  Elapsed   |
-----------------------------------------------------------------------------------------------------------------------------------------------------------
|  LUT Combining                                    |           47  |           1501  |                  1548  |           0  |           1  |  00:00:01  |
|  Retime                                           |            0  |              0  |                     0  |           0  |           1  |  00:00:00  |
|  Equivalent Driver Rewiring                       |            0  |              2  |                   146  |           0  |           1  |  00:00:05  |
|  Very High Fanout                                 |           10  |              0  |                     2  |           0  |           1  |  00:00:00  |
|  Critical Cell                                    |            0  |              0  |                     0  |           0  |           1  |  00:00:00  |
|  DSP Register                                     |            0  |              0  |                     0  |           0  |           1  |  00:00:00  |
|  Shift Register to Pipeline                       |            0  |              0  |                     0  |           0  |           1  |  00:00:00  |
|  Shift Register                                   |           16  |              0  |                     8  |           0  |           1  |  00:00:00  |
|  BRAM Register                                    |            4  |              0  |                     1  |           0  |           1  |  00:00:00  |
|  URAM Register                                    |            0  |              0  |                     0  |           0  |           1  |  00:00:00  |
|  Dynamic/Static Region Interface Net Replication  |            0  |              0  |                     0  |           0  |           1  |  00:00:00  |
|  Total                                            |           77  |           1503  |                  1705  |           0  |          11  |  00:00:07  |
-----------------------------------------------------------------------------------------------------------------------------------------------------------


Phase 2.5.2 Physical Synthesis In Placer | Checksum: 203182005

Time (s): cpu = 00:04:52 ; elapsed = 00:02:08 . Memory (MB): peak = 6291.586 ; gain = 295.859 ; free physical = 42548 ; free virtual = 88267
Phase 2.5 Global Place Phase2 | Checksum: 2392d7cd0

Time (s): cpu = 00:05:12 ; elapsed = 00:02:14 . Memory (MB): peak = 6291.586 ; gain = 295.859 ; free physical = 42532 ; free virtual = 88251
Phase 2 Global Placement | Checksum: 2392d7cd0

Time (s): cpu = 00:05:12 ; elapsed = 00:02:14 . Memory (MB): peak = 6291.586 ; gain = 295.859 ; free physical = 42531 ; free virtual = 88251

Phase 3 Detail Placement

Phase 3.1 Commit Multi Column Macros
Phase 3.1 Commit Multi Column Macros | Checksum: 208007195

Time (s): cpu = 00:05:34 ; elapsed = 00:02:22 . Memory (MB): peak = 6291.586 ; gain = 295.859 ; free physical = 42541 ; free virtual = 88252

Phase 3.2 Commit Most Macros & LUTRAMs
Phase 3.2 Commit Most Macros & LUTRAMs | Checksum: 291b5d027

Time (s): cpu = 00:05:47 ; elapsed = 00:02:27 . Memory (MB): peak = 6291.586 ; gain = 295.859 ; free physical = 42548 ; free virtual = 88257

Phase 3.3 Small Shape DP

Phase 3.3.1 Small Shape Clustering
Phase 3.3.1 Small Shape Clustering | Checksum: 28ebcca67

Time (s): cpu = 00:06:23 ; elapsed = 00:02:39 . Memory (MB): peak = 6374.344 ; gain = 378.617 ; free physical = 42401 ; free virtual = 88116

Phase 3.3.2 Slice Area Swap

Phase 3.3.2.1 Slice Area Swap Initial
Phase 3.3.2.1 Slice Area Swap Initial | Checksum: 281e6fcdb

Time (s): cpu = 00:06:32 ; elapsed = 00:02:46 . Memory (MB): peak = 6374.344 ; gain = 378.617 ; free physical = 42326 ; free virtual = 88038
Phase 3.3.2 Slice Area Swap | Checksum: 281e6fcdb

Time (s): cpu = 00:06:32 ; elapsed = 00:02:46 . Memory (MB): peak = 6374.344 ; gain = 378.617 ; free physical = 42344 ; free virtual = 88052
Phase 3.3 Small Shape DP | Checksum: 1afd11f81

Time (s): cpu = 00:06:45 ; elapsed = 00:02:50 . Memory (MB): peak = 6374.344 ; gain = 378.617 ; free physical = 42324 ; free virtual = 88041

Phase 3.4 Re-assign LUT pins
Phase 3.4 Re-assign LUT pins | Checksum: 242cf325d

Time (s): cpu = 00:06:48 ; elapsed = 00:02:53 . Memory (MB): peak = 6374.344 ; gain = 378.617 ; free physical = 42346 ; free virtual = 88057

Phase 3.5 Pipeline Register Optimization
Phase 3.5 Pipeline Register Optimization | Checksum: 29c50bcb6

Time (s): cpu = 00:06:49 ; elapsed = 00:02:54 . Memory (MB): peak = 6374.344 ; gain = 378.617 ; free physical = 42353 ; free virtual = 88059

Phase 3.6 Fast Optimization
Phase 3.6 Fast Optimization | Checksum: 205c88a75

Time (s): cpu = 00:07:32 ; elapsed = 00:03:03 . Memory (MB): peak = 6374.344 ; gain = 378.617 ; free physical = 42366 ; free virtual = 88072
Phase 3 Detail Placement | Checksum: 205c88a75

Time (s): cpu = 00:07:33 ; elapsed = 00:03:04 . Memory (MB): peak = 6374.344 ; gain = 378.617 ; free physical = 42366 ; free virtual = 88072

Phase 4 Post Placement Optimization and Clean-Up

Phase 4.1 Post Commit Optimization
INFO: [Constraints 18-632] set_output_delay: No clock object specified, the clocks will be automatically identified [/home/keshav/Documents/Workspace/corundum/fpga/mqnic/ADM_PCIE_9V3/fpga_25g/fpga.xdc:38]
INFO: [Constraints 18-632] set_input_delay: No clock object specified, the clocks will be automatically identified [/home/keshav/Documents/Workspace/corundum/fpga/mqnic/ADM_PCIE_9V3/fpga_25g/fpga.xdc:45]
INFO: [Constraints 18-632] set_output_delay: No clock object specified, the clocks will be automatically identified [/home/keshav/Documents/Workspace/corundum/fpga/mqnic/ADM_PCIE_9V3/fpga_25g/fpga.xdc:108]
INFO: [Constraints 18-632] set_input_delay: No clock object specified, the clocks will be automatically identified [/home/keshav/Documents/Workspace/corundum/fpga/mqnic/ADM_PCIE_9V3/fpga_25g/fpga.xdc:110]
INFO: [Constraints 18-632] set_output_delay: No clock object specified, the clocks will be automatically identified [/home/keshav/Documents/Workspace/corundum/fpga/mqnic/ADM_PCIE_9V3/fpga_25g/fpga.xdc:113]
INFO: [Constraints 18-632] set_input_delay: No clock object specified, the clocks will be automatically identified [/home/keshav/Documents/Workspace/corundum/fpga/mqnic/ADM_PCIE_9V3/fpga_25g/fpga.xdc:115]
INFO: [Constraints 18-632] set_output_delay: No clock object specified, the clocks will be automatically identified [/home/keshav/Documents/Workspace/corundum/fpga/mqnic/ADM_PCIE_9V3/fpga_25g/fpga.xdc:123]
INFO: [Constraints 18-632] set_input_delay: No clock object specified, the clocks will be automatically identified [/home/keshav/Documents/Workspace/corundum/fpga/mqnic/ADM_PCIE_9V3/fpga_25g/fpga.xdc:125]
INFO: [Constraints 18-632] set_input_delay: No clock object specified, the clocks will be automatically identified [/home/keshav/Documents/Workspace/corundum/fpga/mqnic/ADM_PCIE_9V3/fpga_25g/fpga.xdc:204]
INFO: [Constraints 18-632] set_output_delay: No clock object specified, the clocks will be automatically identified [/home/keshav/Documents/Workspace/corundum/fpga/mqnic/ADM_PCIE_9V3/fpga_25g/fpga.xdc:490]
INFO: [Constraints 18-632] set_input_delay: No clock object specified, the clocks will be automatically identified [/home/keshav/Documents/Workspace/corundum/fpga/mqnic/ADM_PCIE_9V3/fpga_25g/fpga.xdc:492]
INFO: [Timing 38-35] Done setting XDC timing constraints.
WARNING: [Timing 38-277] The instance 'qsfp_0_phy_quad_inst/phy1.eth_xcvr_phy_1/xcvr_gty_com_usp.eth_xcvr_gty_full_inst/inst/gen_gtwizard_gtye4_top.eth_xcvr_gty_full_gtwizard_gtye4_inst/gen_gtwizard_gtye4.gen_channel_container[0].gen_enabled_channel.gtye4_channel_wrapper_inst/channel_inst/gtye4_channel_gen.gen_gtye4_channel_inst[0].GTYE4_CHANNEL_PRIM_INST' has RXPLLCLKSEL pins that are not constant, so the corresponding mux will select the input(s) having the worst case (highest frequency) clock(s) for automatic derivation of generated clocks
WARNING: [Timing 38-277] The instance 'qsfp_0_phy_quad_inst/phy1.eth_xcvr_phy_1/xcvr_gty_com_usp.eth_xcvr_gty_full_inst/inst/gen_gtwizard_gtye4_top.eth_xcvr_gty_full_gtwizard_gtye4_inst/gen_gtwizard_gtye4.gen_channel_container[0].gen_enabled_channel.gtye4_channel_wrapper_inst/channel_inst/gtye4_channel_gen.gen_gtye4_channel_inst[0].GTYE4_CHANNEL_PRIM_INST' has TXPLLCLKSEL pins that are not constant, so the corresponding mux will select the input(s) having the worst case (highest frequency) clock(s) for automatic derivation of generated clocks
WARNING: [Timing 38-277] The instance 'qsfp_0_phy_quad_inst/phy2.eth_xcvr_phy_2/xcvr_gty.eth_xcvr_gty_channel_inst/inst/gen_gtwizard_gtye4_top.eth_xcvr_gty_channel_gtwizard_gtye4_inst/gen_gtwizard_gtye4.gen_channel_container[0].gen_enabled_channel.gtye4_channel_wrapper_inst/channel_inst/gtye4_channel_gen.gen_gtye4_channel_inst[0].GTYE4_CHANNEL_PRIM_INST' has RXPLLCLKSEL pins that are not constant, so the corresponding mux will select the input(s) having the worst case (highest frequency) clock(s) for automatic derivation of generated clocks
WARNING: [Timing 38-277] The instance 'qsfp_0_phy_quad_inst/phy2.eth_xcvr_phy_2/xcvr_gty.eth_xcvr_gty_channel_inst/inst/gen_gtwizard_gtye4_top.eth_xcvr_gty_channel_gtwizard_gtye4_inst/gen_gtwizard_gtye4.gen_channel_container[0].gen_enabled_channel.gtye4_channel_wrapper_inst/channel_inst/gtye4_channel_gen.gen_gtye4_channel_inst[0].GTYE4_CHANNEL_PRIM_INST' has TXPLLCLKSEL pins that are not constant, so the corresponding mux will select the input(s) having the worst case (highest frequency) clock(s) for automatic derivation of generated clocks
WARNING: [Timing 38-277] The instance 'qsfp_0_phy_quad_inst/phy3.eth_xcvr_phy_3/xcvr_gty.eth_xcvr_gty_channel_inst/inst/gen_gtwizard_gtye4_top.eth_xcvr_gty_channel_gtwizard_gtye4_inst/gen_gtwizard_gtye4.gen_channel_container[0].gen_enabled_channel.gtye4_channel_wrapper_inst/channel_inst/gtye4_channel_gen.gen_gtye4_channel_inst[0].GTYE4_CHANNEL_PRIM_INST' has RXPLLCLKSEL pins that are not constant, so the corresponding mux will select the input(s) having the worst case (highest frequency) clock(s) for automatic derivation of generated clocks
WARNING: [Timing 38-277] The instance 'qsfp_0_phy_quad_inst/phy3.eth_xcvr_phy_3/xcvr_gty.eth_xcvr_gty_channel_inst/inst/gen_gtwizard_gtye4_top.eth_xcvr_gty_channel_gtwizard_gtye4_inst/gen_gtwizard_gtye4.gen_channel_container[0].gen_enabled_channel.gtye4_channel_wrapper_inst/channel_inst/gtye4_channel_gen.gen_gtye4_channel_inst[0].GTYE4_CHANNEL_PRIM_INST' has TXPLLCLKSEL pins that are not constant, so the corresponding mux will select the input(s) having the worst case (highest frequency) clock(s) for automatic derivation of generated clocks
WARNING: [Timing 38-277] The instance 'qsfp_0_phy_quad_inst/phy4.eth_xcvr_phy_4/xcvr_gty.eth_xcvr_gty_channel_inst/inst/gen_gtwizard_gtye4_top.eth_xcvr_gty_channel_gtwizard_gtye4_inst/gen_gtwizard_gtye4.gen_channel_container[0].gen_enabled_channel.gtye4_channel_wrapper_inst/channel_inst/gtye4_channel_gen.gen_gtye4_channel_inst[0].GTYE4_CHANNEL_PRIM_INST' has RXPLLCLKSEL pins that are not constant, so the corresponding mux will select the input(s) having the worst case (highest frequency) clock(s) for automatic derivation of generated clocks
WARNING: [Timing 38-277] The instance 'qsfp_0_phy_quad_inst/phy4.eth_xcvr_phy_4/xcvr_gty.eth_xcvr_gty_channel_inst/inst/gen_gtwizard_gtye4_top.eth_xcvr_gty_channel_gtwizard_gtye4_inst/gen_gtwizard_gtye4.gen_channel_container[0].gen_enabled_channel.gtye4_channel_wrapper_inst/channel_inst/gtye4_channel_gen.gen_gtye4_channel_inst[0].GTYE4_CHANNEL_PRIM_INST' has TXPLLCLKSEL pins that are not constant, so the corresponding mux will select the input(s) having the worst case (highest frequency) clock(s) for automatic derivation of generated clocks
WARNING: [Timing 38-277] The instance 'qsfp_1_phy_quad_inst/phy1.eth_xcvr_phy_1/xcvr_gty_com_usp.eth_xcvr_gty_full_inst/inst/gen_gtwizard_gtye4_top.eth_xcvr_gty_full_gtwizard_gtye4_inst/gen_gtwizard_gtye4.gen_channel_container[0].gen_enabled_channel.gtye4_channel_wrapper_inst/channel_inst/gtye4_channel_gen.gen_gtye4_channel_inst[0].GTYE4_CHANNEL_PRIM_INST' has RXPLLCLKSEL pins that are not constant, so the corresponding mux will select the input(s) having the worst case (highest frequency) clock(s) for automatic derivation of generated clocks
WARNING: [Timing 38-277] The instance 'qsfp_1_phy_quad_inst/phy1.eth_xcvr_phy_1/xcvr_gty_com_usp.eth_xcvr_gty_full_inst/inst/gen_gtwizard_gtye4_top.eth_xcvr_gty_full_gtwizard_gtye4_inst/gen_gtwizard_gtye4.gen_channel_container[0].gen_enabled_channel.gtye4_channel_wrapper_inst/channel_inst/gtye4_channel_gen.gen_gtye4_channel_inst[0].GTYE4_CHANNEL_PRIM_INST' has TXPLLCLKSEL pins that are not constant, so the corresponding mux will select the input(s) having the worst case (highest frequency) clock(s) for automatic derivation of generated clocks
WARNING: [Timing 38-277] The instance 'qsfp_1_phy_quad_inst/phy2.eth_xcvr_phy_2/xcvr_gty.eth_xcvr_gty_channel_inst/inst/gen_gtwizard_gtye4_top.eth_xcvr_gty_channel_gtwizard_gtye4_inst/gen_gtwizard_gtye4.gen_channel_container[0].gen_enabled_channel.gtye4_channel_wrapper_inst/channel_inst/gtye4_channel_gen.gen_gtye4_channel_inst[0].GTYE4_CHANNEL_PRIM_INST' has RXPLLCLKSEL pins that are not constant, so the corresponding mux will select the input(s) having the worst case (highest frequency) clock(s) for automatic derivation of generated clocks
WARNING: [Timing 38-277] The instance 'qsfp_1_phy_quad_inst/phy2.eth_xcvr_phy_2/xcvr_gty.eth_xcvr_gty_channel_inst/inst/gen_gtwizard_gtye4_top.eth_xcvr_gty_channel_gtwizard_gtye4_inst/gen_gtwizard_gtye4.gen_channel_container[0].gen_enabled_channel.gtye4_channel_wrapper_inst/channel_inst/gtye4_channel_gen.gen_gtye4_channel_inst[0].GTYE4_CHANNEL_PRIM_INST' has TXPLLCLKSEL pins that are not constant, so the corresponding mux will select the input(s) having the worst case (highest frequency) clock(s) for automatic derivation of generated clocks
WARNING: [Timing 38-277] The instance 'qsfp_1_phy_quad_inst/phy3.eth_xcvr_phy_3/xcvr_gty.eth_xcvr_gty_channel_inst/inst/gen_gtwizard_gtye4_top.eth_xcvr_gty_channel_gtwizard_gtye4_inst/gen_gtwizard_gtye4.gen_channel_container[0].gen_enabled_channel.gtye4_channel_wrapper_inst/channel_inst/gtye4_channel_gen.gen_gtye4_channel_inst[0].GTYE4_CHANNEL_PRIM_INST' has RXPLLCLKSEL pins that are not constant, so the corresponding mux will select the input(s) having the worst case (highest frequency) clock(s) for automatic derivation of generated clocks
WARNING: [Timing 38-277] The instance 'qsfp_1_phy_quad_inst/phy3.eth_xcvr_phy_3/xcvr_gty.eth_xcvr_gty_channel_inst/inst/gen_gtwizard_gtye4_top.eth_xcvr_gty_channel_gtwizard_gtye4_inst/gen_gtwizard_gtye4.gen_channel_container[0].gen_enabled_channel.gtye4_channel_wrapper_inst/channel_inst/gtye4_channel_gen.gen_gtye4_channel_inst[0].GTYE4_CHANNEL_PRIM_INST' has TXPLLCLKSEL pins that are not constant, so the corresponding mux will select the input(s) having the worst case (highest frequency) clock(s) for automatic derivation of generated clocks
WARNING: [Timing 38-277] The instance 'qsfp_1_phy_quad_inst/phy4.eth_xcvr_phy_4/xcvr_gty.eth_xcvr_gty_channel_inst/inst/gen_gtwizard_gtye4_top.eth_xcvr_gty_channel_gtwizard_gtye4_inst/gen_gtwizard_gtye4.gen_channel_container[0].gen_enabled_channel.gtye4_channel_wrapper_inst/channel_inst/gtye4_channel_gen.gen_gtye4_channel_inst[0].GTYE4_CHANNEL_PRIM_INST' has RXPLLCLKSEL pins that are not constant, so the corresponding mux will select the input(s) having the worst case (highest frequency) clock(s) for automatic derivation of generated clocks
WARNING: [Timing 38-277] The instance 'qsfp_1_phy_quad_inst/phy4.eth_xcvr_phy_4/xcvr_gty.eth_xcvr_gty_channel_inst/inst/gen_gtwizard_gtye4_top.eth_xcvr_gty_channel_gtwizard_gtye4_inst/gen_gtwizard_gtye4.gen_channel_container[0].gen_enabled_channel.gtye4_channel_wrapper_inst/channel_inst/gtye4_channel_gen.gen_gtye4_channel_inst[0].GTYE4_CHANNEL_PRIM_INST' has TXPLLCLKSEL pins that are not constant, so the corresponding mux will select the input(s) having the worst case (highest frequency) clock(s) for automatic derivation of generated clocks

Phase 4.1.1 Post Placement Optimization
Post Placement Optimization Initialization | Checksum: 1e4aee755

Phase 4.1.1.1 BUFG Insertion

Starting Physical Synthesis Task

Phase 1 Physical Synthesis Initialization
INFO: [Physopt 32-721] Multithreading enabled for phys_opt_design using a maximum of 8 CPUs
INFO: [Physopt 32-619] Estimated Timing Summary | WNS=-0.043 | TNS=-0.086 |
Phase 1 Physical Synthesis Initialization | Checksum: 18a909eaa

Time (s): cpu = 00:00:04 ; elapsed = 00:00:01 . Memory (MB): peak = 6374.344 ; gain = 0.000 ; free physical = 42472 ; free virtual = 88180
INFO: [Place 46-56] BUFG insertion identified 0 candidate nets. Inserted BUFG: 0, Replicated BUFG Driver: 0, Skipped due to Placement/Routing Conflicts: 0, Skipped due to Timing Degradation: 0, Skipped due to netlist editing failed: 0.
Ending Physical Synthesis Task | Checksum: 1fc850d86

Time (s): cpu = 00:00:04 ; elapsed = 00:00:01 . Memory (MB): peak = 6374.344 ; gain = 0.000 ; free physical = 42466 ; free virtual = 88174
Phase 4.1.1.1 BUFG Insertion | Checksum: 1e4aee755

Time (s): cpu = 00:08:34 ; elapsed = 00:03:25 . Memory (MB): peak = 6374.344 ; gain = 378.617 ; free physical = 42466 ; free virtual = 88174

Phase 4.1.1.2 Post Placement Timing Optimization
INFO: [Place 30-746] Post Placement Timing Summary WNS=0.309. For the most accurate timing information please run report_timing.
Phase 4.1.1.2 Post Placement Timing Optimization | Checksum: 22f92323d

Time (s): cpu = 00:09:06 ; elapsed = 00:03:51 . Memory (MB): peak = 6374.344 ; gain = 378.617 ; free physical = 42432 ; free virtual = 88164

Time (s): cpu = 00:09:06 ; elapsed = 00:03:51 . Memory (MB): peak = 6374.344 ; gain = 378.617 ; free physical = 42432 ; free virtual = 88164
Phase 4.1 Post Commit Optimization | Checksum: 1e2206161

Time (s): cpu = 00:09:06 ; elapsed = 00:03:51 . Memory (MB): peak = 6374.344 ; gain = 378.617 ; free physical = 42432 ; free virtual = 88164
Netlist sorting complete. Time (s): cpu = 00:00:00.02 ; elapsed = 00:00:00.03 . Memory (MB): peak = 6374.539 ; gain = 0.000 ; free physical = 41663 ; free virtual = 88034

Phase 4.2 Post Placement Cleanup
Phase 4.2 Post Placement Cleanup | Checksum: 14bf44eb2

Time (s): cpu = 00:09:27 ; elapsed = 00:04:01 . Memory (MB): peak = 6374.539 ; gain = 378.812 ; free physical = 41563 ; free virtual = 87982

Phase 4.3 Placer Reporting

Phase 4.3.1 Print Estimated Congestion
INFO: [Place 30-612] Post-Placement Estimated Congestion 
 ________________________________________________________________________
|           | Global Congestion | Long Congestion   | Short Congestion  |
| Direction | Region Size       | Region Size       | Region Size       |
|___________|___________________|___________________|___________________|
|      North|                8x8|                8x8|                8x8|
|___________|___________________|___________________|___________________|
|      South|                4x4|                8x8|                4x4|
|___________|___________________|___________________|___________________|
|       East|                1x1|                1x1|                8x8|
|___________|___________________|___________________|___________________|
|       West|                4x4|                4x4|                8x8|
|___________|___________________|___________________|___________________|

Phase 4.3.1 Print Estimated Congestion | Checksum: 14bf44eb2

Time (s): cpu = 00:09:28 ; elapsed = 00:04:02 . Memory (MB): peak = 6374.539 ; gain = 378.812 ; free physical = 41529 ; free virtual = 87959
Phase 4.3 Placer Reporting | Checksum: 14bf44eb2

Time (s): cpu = 00:09:28 ; elapsed = 00:04:02 . Memory (MB): peak = 6374.539 ; gain = 378.812 ; free physical = 41523 ; free virtual = 87959

Phase 4.4 Final Placement Cleanup
Netlist sorting complete. Time (s): cpu = 00:00:00.01 ; elapsed = 00:00:00.02 . Memory (MB): peak = 6374.539 ; gain = 0.000 ; free physical = 41522 ; free virtual = 87959

Time (s): cpu = 00:09:28 ; elapsed = 00:04:02 . Memory (MB): peak = 6374.539 ; gain = 378.812 ; free physical = 41522 ; free virtual = 87959
Phase 4 Post Placement Optimization and Clean-Up | Checksum: 20704cbb2

Time (s): cpu = 00:09:28 ; elapsed = 00:04:02 . Memory (MB): peak = 6374.539 ; gain = 378.812 ; free physical = 41519 ; free virtual = 87966
Ending Placer Task | Checksum: 185f538c4

Time (s): cpu = 00:09:28 ; elapsed = 00:04:02 . Memory (MB): peak = 6374.539 ; gain = 378.812 ; free physical = 41500 ; free virtual = 87951
176 Infos, 134 Warnings, 0 Critical Warnings and 0 Errors encountered.
place_design completed successfully
place_design: Time (s): cpu = 00:09:38 ; elapsed = 00:04:06 . Memory (MB): peak = 6374.539 ; gain = 378.812 ; free physical = 41507 ; free virtual = 87964
INFO: [Vivado 12-24838] Running report commands "report_control_sets, report_io, report_utilization" in parallel.
Running report generation with 3 threads.
INFO: [Vivado 12-24828] Executing command : report_io -file fpga_io_placed.rpt
report_io: Time (s): cpu = 00:00:00.68 ; elapsed = 00:00:00.27 . Memory (MB): peak = 6374.539 ; gain = 0.000 ; free physical = 41473 ; free virtual = 87941
INFO: [Vivado 12-24828] Executing command : report_control_sets -verbose -file fpga_control_sets_placed.rpt
report_control_sets: Time (s): cpu = 00:00:00.91 ; elapsed = 00:00:00.42 . Memory (MB): peak = 6374.539 ; gain = 0.000 ; free physical = 41456 ; free virtual = 87933
INFO: [Vivado 12-24828] Executing command : report_utilization -file fpga_utilization_placed.rpt -pb fpga_utilization_placed.pb
INFO: [Timing 38-480] Writing timing data to binary archive.
Wrote PlaceDB: Time (s): cpu = 00:00:00 ; elapsed = 00:00:00 . Memory (MB): peak = 6374.539 ; gain = 0.000 ; free physical = 40275 ; free virtual = 87113
Wrote PulsedLatchDB: Time (s): cpu = 00:00:00 ; elapsed = 00:00:00 . Memory (MB): peak = 6374.539 ; gain = 0.000 ; free physical = 40275 ; free virtual = 87113
Writing XDEF routing.
Writing XDEF routing logical nets.
Writing XDEF routing special nets.
Wrote RouteStorage: Time (s): cpu = 00:00:00.89 ; elapsed = 00:00:00.19 . Memory (MB): peak = 6374.539 ; gain = 0.000 ; free physical = 40193 ; free virtual = 87116
Write ShapeDB Complete: Time (s): cpu = 00:00:01 ; elapsed = 00:00:00.31 . Memory (MB): peak = 6374.539 ; gain = 0.000 ; free physical = 40112 ; free virtual = 87094
Wrote PlaceStorage: Time (s): cpu = 00:00:06 ; elapsed = 00:00:02 . Memory (MB): peak = 6374.539 ; gain = 0.000 ; free physical = 39992 ; free virtual = 87028
Wrote Netlist Cache: Time (s): cpu = 00:00:00.13 ; elapsed = 00:00:00.06 . Memory (MB): peak = 6374.539 ; gain = 0.000 ; free physical = 39977 ; free virtual = 87028
Wrote Device Cache: Time (s): cpu = 00:00:00.01 ; elapsed = 00:00:00.01 . Memory (MB): peak = 6374.539 ; gain = 0.000 ; free physical = 39977 ; free virtual = 87031
Write Physdb Complete: Time (s): cpu = 00:00:07 ; elapsed = 00:00:02 . Memory (MB): peak = 6374.539 ; gain = 0.000 ; free physical = 39977 ; free virtual = 87031
INFO: [Common 17-1381] The checkpoint '/home/keshav/Documents/Workspace/corundum/fpga/mqnic/ADM_PCIE_9V3/fpga_25g/fpga/fpga.runs/impl_1/fpga_placed.dcp' has been generated.
write_checkpoint: Time (s): cpu = 00:00:17 ; elapsed = 00:00:12 . Memory (MB): peak = 6374.539 ; gain = 0.000 ; free physical = 40124 ; free virtual = 87030
Command: phys_opt_design
Attempting to get a license for feature 'Implementation' and/or device 'xcvu3p'
INFO: [Common 17-349] Got license for feature 'Implementation' and/or device 'xcvu3p'

Starting Initial Update Timing Task

Time (s): cpu = 00:00:34 ; elapsed = 00:00:10 . Memory (MB): peak = 6374.539 ; gain = 0.000 ; free physical = 40457 ; free virtual = 87362
INFO: [Vivado_Tcl 4-2279] Estimated Timing Summary | WNS= 0.309 | TNS= 0.000 | 
INFO: [Vivado_Tcl 4-383] Design worst setup slack (WNS) is greater than or equal to 0.000 ns. All physical synthesis setup optimizations will be skipped.
INFO: [Vivado_Tcl 4-232] No setup violation found. The netlist was not modified.
INFO: [Common 17-83] Releasing license: Implementation
187 Infos, 134 Warnings, 0 Critical Warnings and 0 Errors encountered.
phys_opt_design completed successfully
phys_opt_design: Time (s): cpu = 00:00:35 ; elapsed = 00:00:11 . Memory (MB): peak = 6374.539 ; gain = 0.000 ; free physical = 40461 ; free virtual = 87366
INFO: [Timing 38-480] Writing timing data to binary archive.
Wrote PlaceDB: Time (s): cpu = 00:00:00 ; elapsed = 00:00:00 . Memory (MB): peak = 6374.539 ; gain = 0.000 ; free physical = 40574 ; free virtual = 87468
Wrote PulsedLatchDB: Time (s): cpu = 00:00:00 ; elapsed = 00:00:00 . Memory (MB): peak = 6374.539 ; gain = 0.000 ; free physical = 40574 ; free virtual = 87468
Writing XDEF routing.
Writing XDEF routing logical nets.
Writing XDEF routing special nets.
Wrote RouteStorage: Time (s): cpu = 00:00:00.73 ; elapsed = 00:00:00.15 . Memory (MB): peak = 6374.539 ; gain = 0.000 ; free physical = 40552 ; free virtual = 87467
Write ShapeDB Complete: Time (s): cpu = 00:00:01 ; elapsed = 00:00:00.23 . Memory (MB): peak = 6374.539 ; gain = 0.000 ; free physical = 40516 ; free virtual = 87467
Wrote PlaceStorage: Time (s): cpu = 00:00:06 ; elapsed = 00:00:02 . Memory (MB): peak = 6374.539 ; gain = 0.000 ; free physical = 40393 ; free virtual = 87467
Wrote Netlist Cache: Time (s): cpu = 00:00:00.13 ; elapsed = 00:00:00.06 . Memory (MB): peak = 6374.539 ; gain = 0.000 ; free physical = 40377 ; free virtual = 87466
Wrote Device Cache: Time (s): cpu = 00:00:00.02 ; elapsed = 00:00:00.01 . Memory (MB): peak = 6374.539 ; gain = 0.000 ; free physical = 40368 ; free virtual = 87461
Write Physdb Complete: Time (s): cpu = 00:00:07 ; elapsed = 00:00:02 . Memory (MB): peak = 6374.539 ; gain = 0.000 ; free physical = 40368 ; free virtual = 87461
INFO: [Common 17-1381] The checkpoint '/home/keshav/Documents/Workspace/corundum/fpga/mqnic/ADM_PCIE_9V3/fpga_25g/fpga/fpga.runs/impl_1/fpga_physopt.dcp' has been generated.
write_checkpoint: Time (s): cpu = 00:00:16 ; elapsed = 00:00:12 . Memory (MB): peak = 6374.539 ; gain = 0.000 ; free physical = 40521 ; free virtual = 87474
Command: route_design
Attempting to get a license for feature 'Implementation' and/or device 'xcvu3p'
INFO: [Common 17-349] Got license for feature 'Implementation' and/or device 'xcvu3p'


Starting Routing Task
INFO: [Route 35-254] Multithreading enabled for route_design using a maximum of 8 CPUs

Phase 1 Build RT Design
Checksum: PlaceDB: d9da1cd3 ConstDB: 0 ShapeSum: a13d6a73 RouteDB: addb17e
Nodegraph reading from file.  Time (s): cpu = 00:00:00.51 ; elapsed = 00:00:00.53 . Memory (MB): peak = 6374.539 ; gain = 0.000 ; free physical = 40519 ; free virtual = 87481
Post Restoration Checksum: NetGraph: b2e8028d | NumContArr: 4a48b3f1 | Constraints: e58410f | Timing: c2a8fa9d
Phase 1 Build RT Design | Checksum: 1ce31f22a

Time (s): cpu = 00:00:37 ; elapsed = 00:00:08 . Memory (MB): peak = 6374.539 ; gain = 0.000 ; free physical = 40490 ; free virtual = 87449

Phase 2 Router Initialization

Phase 2.1 Fix Topology Constraints
Phase 2.1 Fix Topology Constraints | Checksum: 1ce31f22a

Time (s): cpu = 00:00:37 ; elapsed = 00:00:08 . Memory (MB): peak = 6374.539 ; gain = 0.000 ; free physical = 40490 ; free virtual = 87449

Phase 2.2 Pre Route Cleanup
Phase 2.2 Pre Route Cleanup | Checksum: 1ce31f22a

Time (s): cpu = 00:00:38 ; elapsed = 00:00:08 . Memory (MB): peak = 6374.539 ; gain = 0.000 ; free physical = 40490 ; free virtual = 87449

Phase 2.3 Global Clock Net Routing
 Number of Nodes with overlaps = 0
Phase 2.3 Global Clock Net Routing | Checksum: 17bf200f4

Time (s): cpu = 00:00:45 ; elapsed = 00:00:13 . Memory (MB): peak = 6374.539 ; gain = 0.000 ; free physical = 40475 ; free virtual = 87445

Phase 2.4 Update Timing
Phase 2.4 Update Timing | Checksum: 152a81b8a

Time (s): cpu = 00:01:07 ; elapsed = 00:00:22 . Memory (MB): peak = 6374.539 ; gain = 0.000 ; free physical = 40505 ; free virtual = 87475
INFO: [Route 35-416] Intermediate Timing Summary | WNS=0.321  | TNS=0.000  | WHS=-0.388 | THS=-482.362|


Phase 2.5 Update Timing for Bus Skew

Phase 2.5.1 Update Timing
Phase 2.5.1 Update Timing | Checksum: 18d8d73b8

Time (s): cpu = 00:01:53 ; elapsed = 00:00:33 . Memory (MB): peak = 6374.539 ; gain = 0.000 ; free physical = 40529 ; free virtual = 87494
INFO: [Route 35-416] Intermediate Timing Summary | WNS=0.321  | TNS=0.000  | WHS=-0.522 | THS=-687.708|

Phase 2.5 Update Timing for Bus Skew | Checksum: 1d8efd949

Time (s): cpu = 00:01:54 ; elapsed = 00:00:33 . Memory (MB): peak = 6374.539 ; gain = 0.000 ; free physical = 40523 ; free virtual = 87493

Phase 2.6 Soft Constraint Pins - Fast Budgeting
Phase 2.6 Soft Constraint Pins - Fast Budgeting | Checksum: 1d8efd949

Time (s): cpu = 00:01:54 ; elapsed = 00:00:33 . Memory (MB): peak = 6374.539 ; gain = 0.000 ; free physical = 40524 ; free virtual = 87493

Router Utilization Summary
  Global Vertical Routing Utilization    = 0.0100206 %
  Global Horizontal Routing Utilization  = 0.00432939 %
  Routable Net Status*
  *Does not include unroutable nets such as driverless and loadless.
  Run report_route_status for detailed report.
  Number of Failed Nets               = 166652
    (Failed Nets is the sum of unrouted and partially routed nets)
  Number of Unrouted Nets             = 142071
  Number of Partially Routed Nets     = 24581
  Number of Node Overlaps             = 1

Phase 2 Router Initialization | Checksum: 2bcdfb580

Time (s): cpu = 00:01:58 ; elapsed = 00:00:34 . Memory (MB): peak = 6374.539 ; gain = 0.000 ; free physical = 40523 ; free virtual = 87484

Phase 3 Global Routing
Phase 3 Global Routing | Checksum: 2bcdfb580

Time (s): cpu = 00:01:58 ; elapsed = 00:00:34 . Memory (MB): peak = 6374.539 ; gain = 0.000 ; free physical = 40523 ; free virtual = 87484

Phase 4 Initial Routing

Phase 4.1 Initial Net Routing Pass
Phase 4.1 Initial Net Routing Pass | Checksum: 166c77c45

Time (s): cpu = 00:02:24 ; elapsed = 00:00:41 . Memory (MB): peak = 6374.539 ; gain = 0.000 ; free physical = 40917 ; free virtual = 87871
Phase 4 Initial Routing | Checksum: 10ade5155

Time (s): cpu = 00:02:26 ; elapsed = 00:00:41 . Memory (MB): peak = 6374.539 ; gain = 0.000 ; free physical = 40907 ; free virtual = 87861

INFO: [Route 35-449] Initial Estimated Congestion
 ________________________________________________________________________
|           | Global Congestion | Long Congestion   | Short Congestion  |
|           |___________________|___________________|___________________|
| Direction | Size   | % Tiles  | Size   | % Tiles  | Size   | % Tiles  |
|___________|________|__________|________|__________|________|__________|
|      NORTH|     8x8|      0.51|   16x16|      1.33|     8x8|      0.97|
|___________|________|__________|________|__________|________|__________|
|      SOUTH|     4x4|      0.34|   16x16|      1.19|     8x8|      0.61|
|___________|________|__________|________|__________|________|__________|
|       EAST|     2x2|      0.13|     4x4|      0.43|     8x8|      1.18|
|___________|________|__________|________|__________|________|__________|
|       WEST|     4x4|      0.28|     4x4|      0.62|     8x8|      1.18|
|___________|________|__________|________|__________|________|__________|
Congestion Report
LONG Congestion bounded by tiles (Lower Left Tile -> Upper Right Tile):
NORTH
	INT_X96Y42->INT_X103Y73 (CLEM_X96Y42->CLEL_R_X103Y73)
	INT_X96Y60->INT_X103Y67 (CLEM_X96Y60->CLEL_R_X103Y67)
	INT_X96Y52->INT_X103Y59 (CLEM_X96Y52->CLEL_R_X103Y59)
	INT_X96Y44->INT_X103Y51 (CLEM_X96Y44->CLEL_R_X103Y51)
	INT_X96Y59->INT_X103Y66 (CLEM_X96Y59->CLEL_R_X103Y66)
SOUTH
	INT_X96Y35->INT_X103Y50 (CLEM_X96Y35->CLEL_R_X103Y50)
	INT_X96Y36->INT_X103Y43 (CLEM_X96Y36->CLEL_R_X103Y43)
	INT_X96Y35->INT_X103Y42 (CLEM_X96Y35->CLEL_R_X103Y42)
	INT_X96Y42->INT_X103Y49 (CLEM_X96Y42->CLEL_R_X103Y49)
	INT_X96Y41->INT_X103Y48 (CLEM_X96Y41->CLEL_R_X103Y48)
INFO: [Route 35-580] Design has 10 pins with tight setup and hold constraints.

The top 5 pins with tight setup and hold constraints:

+=============================+=============================+=========================================================================================================================================================================================================+
| Launch Setup Clock          | Launch Hold Clock           | Pin                                                                                                                                                                                                     |
+=============================+=============================+=========================================================================================================================================================================================================+
| pcie_user_clk               | pcie_user_clk               | pcie4_uscale_plus_inst/inst/pcie4_uscale_plus_0_pcie_4_0_pipe_inst/pcie4_0_512b_intfc_mod/pcie_4_0_512b_intfc_int_mod/pcie_4_0_512b_cc_intfc_mod/pcie_4_0_512b_async_fifo_blk/write_data_reg_reg[89]/D  |
| pcie_user_clk               | pcie_user_clk               | pcie4_uscale_plus_inst/inst/pcie4_uscale_plus_0_pcie_4_0_pipe_inst/pcie4_0_512b_intfc_mod/pcie_4_0_512b_intfc_int_mod/pcie_4_0_512b_cc_intfc_mod/pcie_4_0_512b_async_fifo_blk/write_data_reg_reg[242]/D |
| GTYE4_CHANNEL_TXOUTCLK[3]_3 | GTYE4_CHANNEL_TXOUTCLK[3]_3 | pcie4_uscale_plus_inst/inst/pcie4_uscale_plus_0_pcie_4_0_pipe_inst/pcie_4_0_e4_inst/MAXISRCTREADY[2]                                                                                                    |
| pcie_user_clk               | pcie_user_clk               | pcie4_uscale_plus_inst/inst/pcie4_uscale_plus_0_pcie_4_0_pipe_inst/pcie4_0_512b_intfc_mod/pcie_4_0_512b_intfc_int_mod/pcie_4_0_512b_cc_intfc_mod/pcie_4_0_512b_async_fifo_blk/write_data_reg_reg[255]/D |
| pcie_user_clk               | pcie_user_clk               | pcie4_uscale_plus_inst/inst/pcie4_uscale_plus_0_pcie_4_0_pipe_inst/pcie4_0_512b_intfc_mod/pcie_4_0_512b_intfc_int_mod/pcie_4_0_512b_cc_intfc_mod/pcie_4_0_512b_async_fifo_blk/write_data_reg_reg[115]/D |
+-----------------------------+-----------------------------+---------------------------------------------------------------------------------------------------------------------------------------------------------------------------------------------------------+

File with complete list of pins: tight_setup_hold_pins.txt


Phase 5 Rip-up And Reroute

Phase 5.1 Global Iteration 0
 Number of Nodes with overlaps = 38581
 Number of Nodes with overlaps = 4101
 Number of Nodes with overlaps = 716
 Number of Nodes with overlaps = 202
 Number of Nodes with overlaps = 75
 Number of Nodes with overlaps = 11
 Number of Nodes with overlaps = 7
 Number of Nodes with overlaps = 1
 Number of Nodes with overlaps = 2
 Number of Nodes with overlaps = 0
INFO: [Route 35-416] Intermediate Timing Summary | WNS=0.041  | TNS=0.000  | WHS=-0.020 | THS=-0.198 |

Phase 5.1 Global Iteration 0 | Checksum: 21e26973c

Time (s): cpu = 00:05:52 ; elapsed = 00:01:50 . Memory (MB): peak = 6374.539 ; gain = 0.000 ; free physical = 40471 ; free virtual = 87399

Phase 5.2 Global Iteration 1
 Number of Nodes with overlaps = 4
 Number of Nodes with overlaps = 2
 Number of Nodes with overlaps = 0
INFO: [Route 35-416] Intermediate Timing Summary | WNS=0.041  | TNS=0.000  | WHS=N/A    | THS=N/A    |

Phase 5.2 Global Iteration 1 | Checksum: 23b527801

Time (s): cpu = 00:06:07 ; elapsed = 00:01:55 . Memory (MB): peak = 6374.539 ; gain = 0.000 ; free physical = 40475 ; free virtual = 87401
Phase 5 Rip-up And Reroute | Checksum: 23b527801

Time (s): cpu = 00:06:07 ; elapsed = 00:01:55 . Memory (MB): peak = 6374.539 ; gain = 0.000 ; free physical = 40475 ; free virtual = 87401

Phase 6 Delay and Skew Optimization

Phase 6.1 Delay CleanUp
INFO: [Route 35-416] Intermediate Timing Summary | WNS=0.041  | TNS=0.000  | WHS=0.010  | THS=0.000  |

INFO: [Route 35-416] Intermediate Timing Summary | WNS=0.041  | TNS=0.000  | WHS=0.010  | THS=0.000  |

Phase 6.1 Delay CleanUp | Checksum: f3c168d5

Time (s): cpu = 00:06:27 ; elapsed = 00:01:59 . Memory (MB): peak = 6374.539 ; gain = 0.000 ; free physical = 40471 ; free virtual = 87404

Phase 6.2 Clock Skew Optimization
Phase 6.2 Clock Skew Optimization | Checksum: f3c168d5

Time (s): cpu = 00:06:27 ; elapsed = 00:01:59 . Memory (MB): peak = 6374.539 ; gain = 0.000 ; free physical = 40471 ; free virtual = 87404
Phase 6 Delay and Skew Optimization | Checksum: f3c168d5

Time (s): cpu = 00:06:27 ; elapsed = 00:01:59 . Memory (MB): peak = 6374.539 ; gain = 0.000 ; free physical = 40476 ; free virtual = 87404

Phase 7 Post Hold Fix

Phase 7.1 Hold Fix Iter
INFO: [Route 35-416] Intermediate Timing Summary | WNS=0.041  | TNS=0.000  | WHS=0.010  | THS=0.000  |

Phase 7.1 Hold Fix Iter | Checksum: 153425811

Time (s): cpu = 00:06:41 ; elapsed = 00:02:02 . Memory (MB): peak = 6374.539 ; gain = 0.000 ; free physical = 40485 ; free virtual = 87417
Phase 7 Post Hold Fix | Checksum: 153425811

Time (s): cpu = 00:06:41 ; elapsed = 00:02:02 . Memory (MB): peak = 6374.539 ; gain = 0.000 ; free physical = 40481 ; free virtual = 87413

Phase 8 Route finalize

Router Utilization Summary
  Global Vertical Routing Utilization    = 8.82319 %
  Global Horizontal Routing Utilization  = 9.02145 %
  Routable Net Status*
  *Does not include unroutable nets such as driverless and loadless.
  Run report_route_status for detailed report.
  Number of Failed Nets               = 0
    (Failed Nets is the sum of unrouted and partially routed nets)
  Number of Unrouted Nets             = 0
  Number of Partially Routed Nets     = 0
  Number of Node Overlaps             = 0

Phase 8 Route finalize | Checksum: 153425811

Time (s): cpu = 00:06:43 ; elapsed = 00:02:03 . Memory (MB): peak = 6374.539 ; gain = 0.000 ; free physical = 40469 ; free virtual = 87401

Phase 9 Verifying routed nets

 Verification completed successfully
Phase 9 Verifying routed nets | Checksum: 153425811

Time (s): cpu = 00:06:44 ; elapsed = 00:02:03 . Memory (MB): peak = 6374.539 ; gain = 0.000 ; free physical = 40469 ; free virtual = 87401

Phase 10 Depositing Routes
INFO: [Route 35-467] Router swapped GT pin pcie4_uscale_plus_inst/inst/pcie4_uscale_plus_0_gt_top_i/diablo_gt.diablo_gt_phy_wrapper/gt_wizard.gtwizard_top_i/pcie4_uscale_plus_0_gt_i/inst/gen_gtwizard_gtye4_top.pcie4_uscale_plus_0_gt_gtwizard_gtye4_inst/gen_gtwizard_gtye4.gen_channel_container[24].gen_enabled_channel.gtye4_channel_wrapper_inst/channel_inst/gtye4_channel_gen.gen_gtye4_channel_inst[0].GTYE4_CHANNEL_PRIM_INST/GTREFCLK0 to physical pin GTYE4_CHANNEL_X1Y0/SOUTHREFCLK1
INFO: [Route 35-467] Router swapped GT pin pcie4_uscale_plus_inst/inst/pcie4_uscale_plus_0_gt_top_i/diablo_gt.diablo_gt_phy_wrapper/gt_wizard.gtwizard_top_i/pcie4_uscale_plus_0_gt_i/inst/gen_gtwizard_gtye4_top.pcie4_uscale_plus_0_gt_gtwizard_gtye4_inst/gen_gtwizard_gtye4.gen_channel_container[24].gen_enabled_channel.gtye4_channel_wrapper_inst/channel_inst/gtye4_channel_gen.gen_gtye4_channel_inst[1].GTYE4_CHANNEL_PRIM_INST/GTREFCLK0 to physical pin GTYE4_CHANNEL_X1Y1/SOUTHREFCLK1
INFO: [Route 35-467] Router swapped GT pin pcie4_uscale_plus_inst/inst/pcie4_uscale_plus_0_gt_top_i/diablo_gt.diablo_gt_phy_wrapper/gt_wizard.gtwizard_top_i/pcie4_uscale_plus_0_gt_i/inst/gen_gtwizard_gtye4_top.pcie4_uscale_plus_0_gt_gtwizard_gtye4_inst/gen_gtwizard_gtye4.gen_channel_container[24].gen_enabled_channel.gtye4_channel_wrapper_inst/channel_inst/gtye4_channel_gen.gen_gtye4_channel_inst[2].GTYE4_CHANNEL_PRIM_INST/GTREFCLK0 to physical pin GTYE4_CHANNEL_X1Y2/SOUTHREFCLK1
INFO: [Route 35-467] Router swapped GT pin pcie4_uscale_plus_inst/inst/pcie4_uscale_plus_0_gt_top_i/diablo_gt.diablo_gt_phy_wrapper/gt_wizard.gtwizard_top_i/pcie4_uscale_plus_0_gt_i/inst/gen_gtwizard_gtye4_top.pcie4_uscale_plus_0_gt_gtwizard_gtye4_inst/gen_gtwizard_gtye4.gen_channel_container[24].gen_enabled_channel.gtye4_channel_wrapper_inst/channel_inst/gtye4_channel_gen.gen_gtye4_channel_inst[3].GTYE4_CHANNEL_PRIM_INST/GTREFCLK0 to physical pin GTYE4_CHANNEL_X1Y3/SOUTHREFCLK1
INFO: [Route 35-467] Router swapped GT pin pcie4_uscale_plus_inst/inst/pcie4_uscale_plus_0_gt_top_i/diablo_gt.diablo_gt_phy_wrapper/gt_wizard.gtwizard_top_i/pcie4_uscale_plus_0_gt_i/inst/gen_gtwizard_gtye4_top.pcie4_uscale_plus_0_gt_gtwizard_gtye4_inst/gen_gtwizard_gtye4.gen_channel_container[25].gen_enabled_channel.gtye4_channel_wrapper_inst/channel_inst/gtye4_channel_gen.gen_gtye4_channel_inst[0].GTYE4_CHANNEL_PRIM_INST/GTREFCLK0 to physical pin GTYE4_CHANNEL_X1Y4/SOUTHREFCLK1
INFO: [Route 35-467] Router swapped GT pin pcie4_uscale_plus_inst/inst/pcie4_uscale_plus_0_gt_top_i/diablo_gt.diablo_gt_phy_wrapper/gt_wizard.gtwizard_top_i/pcie4_uscale_plus_0_gt_i/inst/gen_gtwizard_gtye4_top.pcie4_uscale_plus_0_gt_gtwizard_gtye4_inst/gen_gtwizard_gtye4.gen_channel_container[25].gen_enabled_channel.gtye4_channel_wrapper_inst/channel_inst/gtye4_channel_gen.gen_gtye4_channel_inst[1].GTYE4_CHANNEL_PRIM_INST/GTREFCLK0 to physical pin GTYE4_CHANNEL_X1Y5/SOUTHREFCLK1
INFO: [Route 35-467] Router swapped GT pin pcie4_uscale_plus_inst/inst/pcie4_uscale_plus_0_gt_top_i/diablo_gt.diablo_gt_phy_wrapper/gt_wizard.gtwizard_top_i/pcie4_uscale_plus_0_gt_i/inst/gen_gtwizard_gtye4_top.pcie4_uscale_plus_0_gt_gtwizard_gtye4_inst/gen_gtwizard_gtye4.gen_channel_container[25].gen_enabled_channel.gtye4_channel_wrapper_inst/channel_inst/gtye4_channel_gen.gen_gtye4_channel_inst[2].GTYE4_CHANNEL_PRIM_INST/GTREFCLK0 to physical pin GTYE4_CHANNEL_X1Y6/SOUTHREFCLK1
INFO: [Route 35-467] Router swapped GT pin pcie4_uscale_plus_inst/inst/pcie4_uscale_plus_0_gt_top_i/diablo_gt.diablo_gt_phy_wrapper/gt_wizard.gtwizard_top_i/pcie4_uscale_plus_0_gt_i/inst/gen_gtwizard_gtye4_top.pcie4_uscale_plus_0_gt_gtwizard_gtye4_inst/gen_gtwizard_gtye4.gen_channel_container[25].gen_enabled_channel.gtye4_channel_wrapper_inst/channel_inst/gtye4_channel_gen.gen_gtye4_channel_inst[3].GTYE4_CHANNEL_PRIM_INST/GTREFCLK0 to physical pin GTYE4_CHANNEL_X1Y7/SOUTHREFCLK1
INFO: [Route 35-467] Router swapped GT pin pcie4_uscale_plus_inst/inst/pcie4_uscale_plus_0_gt_top_i/diablo_gt.diablo_gt_phy_wrapper/gt_wizard.gtwizard_top_i/pcie4_uscale_plus_0_gt_i/inst/gen_gtwizard_gtye4_top.pcie4_uscale_plus_0_gt_gtwizard_gtye4_inst/gen_gtwizard_gtye4.gen_channel_container[27].gen_enabled_channel.gtye4_channel_wrapper_inst/channel_inst/gtye4_channel_gen.gen_gtye4_channel_inst[0].GTYE4_CHANNEL_PRIM_INST/GTREFCLK0 to physical pin GTYE4_CHANNEL_X1Y12/NORTHREFCLK1
INFO: [Route 35-467] Router swapped GT pin pcie4_uscale_plus_inst/inst/pcie4_uscale_plus_0_gt_top_i/diablo_gt.diablo_gt_phy_wrapper/gt_wizard.gtwizard_top_i/pcie4_uscale_plus_0_gt_i/inst/gen_gtwizard_gtye4_top.pcie4_uscale_plus_0_gt_gtwizard_gtye4_inst/gen_gtwizard_gtye4.gen_channel_container[27].gen_enabled_channel.gtye4_channel_wrapper_inst/channel_inst/gtye4_channel_gen.gen_gtye4_channel_inst[1].GTYE4_CHANNEL_PRIM_INST/GTREFCLK0 to physical pin GTYE4_CHANNEL_X1Y13/NORTHREFCLK1
INFO: [Route 35-467] Router swapped GT pin pcie4_uscale_plus_inst/inst/pcie4_uscale_plus_0_gt_top_i/diablo_gt.diablo_gt_phy_wrapper/gt_wizard.gtwizard_top_i/pcie4_uscale_plus_0_gt_i/inst/gen_gtwizard_gtye4_top.pcie4_uscale_plus_0_gt_gtwizard_gtye4_inst/gen_gtwizard_gtye4.gen_channel_container[27].gen_enabled_channel.gtye4_channel_wrapper_inst/channel_inst/gtye4_channel_gen.gen_gtye4_channel_inst[2].GTYE4_CHANNEL_PRIM_INST/GTREFCLK0 to physical pin GTYE4_CHANNEL_X1Y14/NORTHREFCLK1
INFO: [Route 35-467] Router swapped GT pin pcie4_uscale_plus_inst/inst/pcie4_uscale_plus_0_gt_top_i/diablo_gt.diablo_gt_phy_wrapper/gt_wizard.gtwizard_top_i/pcie4_uscale_plus_0_gt_i/inst/gen_gtwizard_gtye4_top.pcie4_uscale_plus_0_gt_gtwizard_gtye4_inst/gen_gtwizard_gtye4.gen_channel_container[27].gen_enabled_channel.gtye4_channel_wrapper_inst/channel_inst/gtye4_channel_gen.gen_gtye4_channel_inst[3].GTYE4_CHANNEL_PRIM_INST/GTREFCLK0 to physical pin GTYE4_CHANNEL_X1Y15/NORTHREFCLK1
INFO: [Route 35-467] Router swapped GT pin pcie4_uscale_plus_inst/inst/pcie4_uscale_plus_0_gt_top_i/diablo_gt.diablo_gt_phy_wrapper/gt_wizard.gtwizard_top_i/pcie4_uscale_plus_0_gt_i/inst/gen_gtwizard_gtye4_top.pcie4_uscale_plus_0_gt_gtwizard_gtye4_inst/gen_gtwizard_gtye4.gen_common.gen_common_container[24].gen_enabled_common.gtye4_common_wrapper_inst/common_inst/gtye4_common_gen.GTYE4_COMMON_PRIM_INST/GTREFCLK00 to physical pin GTYE4_COMMON_X1Y0/COM0_REFCLKOUT5
INFO: [Route 35-467] Router swapped GT pin pcie4_uscale_plus_inst/inst/pcie4_uscale_plus_0_gt_top_i/diablo_gt.diablo_gt_phy_wrapper/gt_wizard.gtwizard_top_i/pcie4_uscale_plus_0_gt_i/inst/gen_gtwizard_gtye4_top.pcie4_uscale_plus_0_gt_gtwizard_gtye4_inst/gen_gtwizard_gtye4.gen_common.gen_common_container[24].gen_enabled_common.gtye4_common_wrapper_inst/common_inst/gtye4_common_gen.GTYE4_COMMON_PRIM_INST/GTREFCLK01 to physical pin GTYE4_COMMON_X1Y0/COM2_REFCLKOUT5
INFO: [Route 35-467] Router swapped GT pin pcie4_uscale_plus_inst/inst/pcie4_uscale_plus_0_gt_top_i/diablo_gt.diablo_gt_phy_wrapper/gt_wizard.gtwizard_top_i/pcie4_uscale_plus_0_gt_i/inst/gen_gtwizard_gtye4_top.pcie4_uscale_plus_0_gt_gtwizard_gtye4_inst/gen_gtwizard_gtye4.gen_common.gen_common_container[25].gen_enabled_common.gtye4_common_wrapper_inst/common_inst/gtye4_common_gen.GTYE4_COMMON_PRIM_INST/GTREFCLK00 to physical pin GTYE4_COMMON_X1Y1/COM0_REFCLKOUT5
INFO: [Route 35-467] Router swapped GT pin pcie4_uscale_plus_inst/inst/pcie4_uscale_plus_0_gt_top_i/diablo_gt.diablo_gt_phy_wrapper/gt_wizard.gtwizard_top_i/pcie4_uscale_plus_0_gt_i/inst/gen_gtwizard_gtye4_top.pcie4_uscale_plus_0_gt_gtwizard_gtye4_inst/gen_gtwizard_gtye4.gen_common.gen_common_container[25].gen_enabled_common.gtye4_common_wrapper_inst/common_inst/gtye4_common_gen.GTYE4_COMMON_PRIM_INST/GTREFCLK01 to physical pin GTYE4_COMMON_X1Y1/COM2_REFCLKOUT5
INFO: [Route 35-467] Router swapped GT pin pcie4_uscale_plus_inst/inst/pcie4_uscale_plus_0_gt_top_i/diablo_gt.diablo_gt_phy_wrapper/gt_wizard.gtwizard_top_i/pcie4_uscale_plus_0_gt_i/inst/gen_gtwizard_gtye4_top.pcie4_uscale_plus_0_gt_gtwizard_gtye4_inst/gen_gtwizard_gtye4.gen_common.gen_common_container[27].gen_enabled_common.gtye4_common_wrapper_inst/common_inst/gtye4_common_gen.GTYE4_COMMON_PRIM_INST/GTREFCLK00 to physical pin GTYE4_COMMON_X1Y3/COM0_REFCLKOUT3
INFO: [Route 35-467] Router swapped GT pin pcie4_uscale_plus_inst/inst/pcie4_uscale_plus_0_gt_top_i/diablo_gt.diablo_gt_phy_wrapper/gt_wizard.gtwizard_top_i/pcie4_uscale_plus_0_gt_i/inst/gen_gtwizard_gtye4_top.pcie4_uscale_plus_0_gt_gtwizard_gtye4_inst/gen_gtwizard_gtye4.gen_common.gen_common_container[27].gen_enabled_common.gtye4_common_wrapper_inst/common_inst/gtye4_common_gen.GTYE4_COMMON_PRIM_INST/GTREFCLK01 to physical pin GTYE4_COMMON_X1Y3/COM2_REFCLKOUT3
Phase 10 Depositing Routes | Checksum: 153425811

Time (s): cpu = 00:06:51 ; elapsed = 00:02:07 . Memory (MB): peak = 6374.539 ; gain = 0.000 ; free physical = 40446 ; free virtual = 87385

Phase 11 Resolve XTalk
Phase 11 Resolve XTalk | Checksum: 153425811

Time (s): cpu = 00:06:51 ; elapsed = 00:02:07 . Memory (MB): peak = 6374.539 ; gain = 0.000 ; free physical = 40446 ; free virtual = 87385

Phase 12 Post Process Routing
Phase 12 Post Process Routing | Checksum: 153425811

Time (s): cpu = 00:06:53 ; elapsed = 00:02:08 . Memory (MB): peak = 6374.539 ; gain = 0.000 ; free physical = 40444 ; free virtual = 87383

Phase 13 Post Router Timing
INFO: [Route 35-57] Estimated Timing Summary | WNS=0.041  | TNS=0.000  | WHS=0.010  | THS=0.000  |

INFO: [Route 35-327] The final timing numbers are based on the router estimated timing analysis. For a complete and accurate timing signoff, please run report_timing_summary.
Phase 13 Post Router Timing | Checksum: 153425811

Time (s): cpu = 00:06:53 ; elapsed = 00:02:08 . Memory (MB): peak = 6374.539 ; gain = 0.000 ; free physical = 40442 ; free virtual = 87381
Total Elapsed time in route_design: 127.72 secs

Phase 14 Post-Route Event Processing
Phase 14 Post-Route Event Processing | Checksum: 1c0e458f2

Time (s): cpu = 00:06:53 ; elapsed = 00:02:08 . Memory (MB): peak = 6374.539 ; gain = 0.000 ; free physical = 40445 ; free virtual = 87384
INFO: [Route 35-16] Router Completed Successfully
Ending Routing Task | Checksum: 1c0e458f2

Time (s): cpu = 00:06:54 ; elapsed = 00:02:08 . Memory (MB): peak = 6374.539 ; gain = 0.000 ; free physical = 40445 ; free virtual = 87384

Routing Is Done.
INFO: [Common 17-83] Releasing license: Implementation
222 Infos, 134 Warnings, 0 Critical Warnings and 0 Errors encountered.
route_design completed successfully
route_design: Time (s): cpu = 00:06:54 ; elapsed = 00:02:09 . Memory (MB): peak = 6374.539 ; gain = 0.000 ; free physical = 40450 ; free virtual = 87379
INFO: [Vivado 12-24828] Executing command : report_drc -file fpga_drc_routed.rpt -pb fpga_drc_routed.pb -rpx fpga_drc_routed.rpx
Command: report_drc -file fpga_drc_routed.rpt -pb fpga_drc_routed.pb -rpx fpga_drc_routed.rpx
INFO: [IP_Flow 19-1839] IP Catalog is up to date.
INFO: [DRC 23-27] Running DRC with 8 threads
INFO: [Vivado_Tcl 2-168] The results of DRC are in file /home/keshav/Documents/Workspace/corundum/fpga/mqnic/ADM_PCIE_9V3/fpga_25g/fpga/fpga.runs/impl_1/fpga_drc_routed.rpt.
report_drc completed successfully
INFO: [Vivado 12-24828] Executing command : report_methodology -file fpga_methodology_drc_routed.rpt -pb fpga_methodology_drc_routed.pb -rpx fpga_methodology_drc_routed.rpx
Command: report_methodology -file fpga_methodology_drc_routed.rpt -pb fpga_methodology_drc_routed.pb -rpx fpga_methodology_drc_routed.rpx
INFO: [Constraints 18-632] set_output_delay: No clock object specified, the clocks will be automatically identified [/home/keshav/Documents/Workspace/corundum/fpga/mqnic/ADM_PCIE_9V3/fpga_25g/fpga.xdc:38]
INFO: [Constraints 18-632] set_input_delay: No clock object specified, the clocks will be automatically identified [/home/keshav/Documents/Workspace/corundum/fpga/mqnic/ADM_PCIE_9V3/fpga_25g/fpga.xdc:45]
INFO: [Constraints 18-632] set_output_delay: No clock object specified, the clocks will be automatically identified [/home/keshav/Documents/Workspace/corundum/fpga/mqnic/ADM_PCIE_9V3/fpga_25g/fpga.xdc:108]
INFO: [Constraints 18-632] set_input_delay: No clock object specified, the clocks will be automatically identified [/home/keshav/Documents/Workspace/corundum/fpga/mqnic/ADM_PCIE_9V3/fpga_25g/fpga.xdc:110]
INFO: [Constraints 18-632] set_output_delay: No clock object specified, the clocks will be automatically identified [/home/keshav/Documents/Workspace/corundum/fpga/mqnic/ADM_PCIE_9V3/fpga_25g/fpga.xdc:113]
INFO: [Constraints 18-632] set_input_delay: No clock object specified, the clocks will be automatically identified [/home/keshav/Documents/Workspace/corundum/fpga/mqnic/ADM_PCIE_9V3/fpga_25g/fpga.xdc:115]
INFO: [Constraints 18-632] set_output_delay: No clock object specified, the clocks will be automatically identified [/home/keshav/Documents/Workspace/corundum/fpga/mqnic/ADM_PCIE_9V3/fpga_25g/fpga.xdc:123]
INFO: [Constraints 18-632] set_input_delay: No clock object specified, the clocks will be automatically identified [/home/keshav/Documents/Workspace/corundum/fpga/mqnic/ADM_PCIE_9V3/fpga_25g/fpga.xdc:125]
INFO: [Constraints 18-632] set_input_delay: No clock object specified, the clocks will be automatically identified [/home/keshav/Documents/Workspace/corundum/fpga/mqnic/ADM_PCIE_9V3/fpga_25g/fpga.xdc:204]
INFO: [Constraints 18-632] set_output_delay: No clock object specified, the clocks will be automatically identified [/home/keshav/Documents/Workspace/corundum/fpga/mqnic/ADM_PCIE_9V3/fpga_25g/fpga.xdc:490]
INFO: [Constraints 18-632] set_input_delay: No clock object specified, the clocks will be automatically identified [/home/keshav/Documents/Workspace/corundum/fpga/mqnic/ADM_PCIE_9V3/fpga_25g/fpga.xdc:492]
INFO: [Timing 38-35] Done setting XDC timing constraints.
WARNING: [Timing 38-277] The instance 'qsfp_0_phy_quad_inst/phy1.eth_xcvr_phy_1/xcvr_gty_com_usp.eth_xcvr_gty_full_inst/inst/gen_gtwizard_gtye4_top.eth_xcvr_gty_full_gtwizard_gtye4_inst/gen_gtwizard_gtye4.gen_channel_container[0].gen_enabled_channel.gtye4_channel_wrapper_inst/channel_inst/gtye4_channel_gen.gen_gtye4_channel_inst[0].GTYE4_CHANNEL_PRIM_INST' has RXPLLCLKSEL pins that are not constant, so the corresponding mux will select the input(s) having the worst case (highest frequency) clock(s) for automatic derivation of generated clocks
WARNING: [Timing 38-277] The instance 'qsfp_0_phy_quad_inst/phy1.eth_xcvr_phy_1/xcvr_gty_com_usp.eth_xcvr_gty_full_inst/inst/gen_gtwizard_gtye4_top.eth_xcvr_gty_full_gtwizard_gtye4_inst/gen_gtwizard_gtye4.gen_channel_container[0].gen_enabled_channel.gtye4_channel_wrapper_inst/channel_inst/gtye4_channel_gen.gen_gtye4_channel_inst[0].GTYE4_CHANNEL_PRIM_INST' has TXPLLCLKSEL pins that are not constant, so the corresponding mux will select the input(s) having the worst case (highest frequency) clock(s) for automatic derivation of generated clocks
WARNING: [Timing 38-277] The instance 'qsfp_0_phy_quad_inst/phy2.eth_xcvr_phy_2/xcvr_gty.eth_xcvr_gty_channel_inst/inst/gen_gtwizard_gtye4_top.eth_xcvr_gty_channel_gtwizard_gtye4_inst/gen_gtwizard_gtye4.gen_channel_container[0].gen_enabled_channel.gtye4_channel_wrapper_inst/channel_inst/gtye4_channel_gen.gen_gtye4_channel_inst[0].GTYE4_CHANNEL_PRIM_INST' has RXPLLCLKSEL pins that are not constant, so the corresponding mux will select the input(s) having the worst case (highest frequency) clock(s) for automatic derivation of generated clocks
WARNING: [Timing 38-277] The instance 'qsfp_0_phy_quad_inst/phy2.eth_xcvr_phy_2/xcvr_gty.eth_xcvr_gty_channel_inst/inst/gen_gtwizard_gtye4_top.eth_xcvr_gty_channel_gtwizard_gtye4_inst/gen_gtwizard_gtye4.gen_channel_container[0].gen_enabled_channel.gtye4_channel_wrapper_inst/channel_inst/gtye4_channel_gen.gen_gtye4_channel_inst[0].GTYE4_CHANNEL_PRIM_INST' has TXPLLCLKSEL pins that are not constant, so the corresponding mux will select the input(s) having the worst case (highest frequency) clock(s) for automatic derivation of generated clocks
WARNING: [Timing 38-277] The instance 'qsfp_0_phy_quad_inst/phy3.eth_xcvr_phy_3/xcvr_gty.eth_xcvr_gty_channel_inst/inst/gen_gtwizard_gtye4_top.eth_xcvr_gty_channel_gtwizard_gtye4_inst/gen_gtwizard_gtye4.gen_channel_container[0].gen_enabled_channel.gtye4_channel_wrapper_inst/channel_inst/gtye4_channel_gen.gen_gtye4_channel_inst[0].GTYE4_CHANNEL_PRIM_INST' has RXPLLCLKSEL pins that are not constant, so the corresponding mux will select the input(s) having the worst case (highest frequency) clock(s) for automatic derivation of generated clocks
WARNING: [Timing 38-277] The instance 'qsfp_0_phy_quad_inst/phy3.eth_xcvr_phy_3/xcvr_gty.eth_xcvr_gty_channel_inst/inst/gen_gtwizard_gtye4_top.eth_xcvr_gty_channel_gtwizard_gtye4_inst/gen_gtwizard_gtye4.gen_channel_container[0].gen_enabled_channel.gtye4_channel_wrapper_inst/channel_inst/gtye4_channel_gen.gen_gtye4_channel_inst[0].GTYE4_CHANNEL_PRIM_INST' has TXPLLCLKSEL pins that are not constant, so the corresponding mux will select the input(s) having the worst case (highest frequency) clock(s) for automatic derivation of generated clocks
WARNING: [Timing 38-277] The instance 'qsfp_0_phy_quad_inst/phy4.eth_xcvr_phy_4/xcvr_gty.eth_xcvr_gty_channel_inst/inst/gen_gtwizard_gtye4_top.eth_xcvr_gty_channel_gtwizard_gtye4_inst/gen_gtwizard_gtye4.gen_channel_container[0].gen_enabled_channel.gtye4_channel_wrapper_inst/channel_inst/gtye4_channel_gen.gen_gtye4_channel_inst[0].GTYE4_CHANNEL_PRIM_INST' has RXPLLCLKSEL pins that are not constant, so the corresponding mux will select the input(s) having the worst case (highest frequency) clock(s) for automatic derivation of generated clocks
WARNING: [Timing 38-277] The instance 'qsfp_0_phy_quad_inst/phy4.eth_xcvr_phy_4/xcvr_gty.eth_xcvr_gty_channel_inst/inst/gen_gtwizard_gtye4_top.eth_xcvr_gty_channel_gtwizard_gtye4_inst/gen_gtwizard_gtye4.gen_channel_container[0].gen_enabled_channel.gtye4_channel_wrapper_inst/channel_inst/gtye4_channel_gen.gen_gtye4_channel_inst[0].GTYE4_CHANNEL_PRIM_INST' has TXPLLCLKSEL pins that are not constant, so the corresponding mux will select the input(s) having the worst case (highest frequency) clock(s) for automatic derivation of generated clocks
WARNING: [Timing 38-277] The instance 'qsfp_1_phy_quad_inst/phy1.eth_xcvr_phy_1/xcvr_gty_com_usp.eth_xcvr_gty_full_inst/inst/gen_gtwizard_gtye4_top.eth_xcvr_gty_full_gtwizard_gtye4_inst/gen_gtwizard_gtye4.gen_channel_container[0].gen_enabled_channel.gtye4_channel_wrapper_inst/channel_inst/gtye4_channel_gen.gen_gtye4_channel_inst[0].GTYE4_CHANNEL_PRIM_INST' has RXPLLCLKSEL pins that are not constant, so the corresponding mux will select the input(s) having the worst case (highest frequency) clock(s) for automatic derivation of generated clocks
WARNING: [Timing 38-277] The instance 'qsfp_1_phy_quad_inst/phy1.eth_xcvr_phy_1/xcvr_gty_com_usp.eth_xcvr_gty_full_inst/inst/gen_gtwizard_gtye4_top.eth_xcvr_gty_full_gtwizard_gtye4_inst/gen_gtwizard_gtye4.gen_channel_container[0].gen_enabled_channel.gtye4_channel_wrapper_inst/channel_inst/gtye4_channel_gen.gen_gtye4_channel_inst[0].GTYE4_CHANNEL_PRIM_INST' has TXPLLCLKSEL pins that are not constant, so the corresponding mux will select the input(s) having the worst case (highest frequency) clock(s) for automatic derivation of generated clocks
WARNING: [Timing 38-277] The instance 'qsfp_1_phy_quad_inst/phy2.eth_xcvr_phy_2/xcvr_gty.eth_xcvr_gty_channel_inst/inst/gen_gtwizard_gtye4_top.eth_xcvr_gty_channel_gtwizard_gtye4_inst/gen_gtwizard_gtye4.gen_channel_container[0].gen_enabled_channel.gtye4_channel_wrapper_inst/channel_inst/gtye4_channel_gen.gen_gtye4_channel_inst[0].GTYE4_CHANNEL_PRIM_INST' has RXPLLCLKSEL pins that are not constant, so the corresponding mux will select the input(s) having the worst case (highest frequency) clock(s) for automatic derivation of generated clocks
WARNING: [Timing 38-277] The instance 'qsfp_1_phy_quad_inst/phy2.eth_xcvr_phy_2/xcvr_gty.eth_xcvr_gty_channel_inst/inst/gen_gtwizard_gtye4_top.eth_xcvr_gty_channel_gtwizard_gtye4_inst/gen_gtwizard_gtye4.gen_channel_container[0].gen_enabled_channel.gtye4_channel_wrapper_inst/channel_inst/gtye4_channel_gen.gen_gtye4_channel_inst[0].GTYE4_CHANNEL_PRIM_INST' has TXPLLCLKSEL pins that are not constant, so the corresponding mux will select the input(s) having the worst case (highest frequency) clock(s) for automatic derivation of generated clocks
WARNING: [Timing 38-277] The instance 'qsfp_1_phy_quad_inst/phy3.eth_xcvr_phy_3/xcvr_gty.eth_xcvr_gty_channel_inst/inst/gen_gtwizard_gtye4_top.eth_xcvr_gty_channel_gtwizard_gtye4_inst/gen_gtwizard_gtye4.gen_channel_container[0].gen_enabled_channel.gtye4_channel_wrapper_inst/channel_inst/gtye4_channel_gen.gen_gtye4_channel_inst[0].GTYE4_CHANNEL_PRIM_INST' has RXPLLCLKSEL pins that are not constant, so the corresponding mux will select the input(s) having the worst case (highest frequency) clock(s) for automatic derivation of generated clocks
WARNING: [Timing 38-277] The instance 'qsfp_1_phy_quad_inst/phy3.eth_xcvr_phy_3/xcvr_gty.eth_xcvr_gty_channel_inst/inst/gen_gtwizard_gtye4_top.eth_xcvr_gty_channel_gtwizard_gtye4_inst/gen_gtwizard_gtye4.gen_channel_container[0].gen_enabled_channel.gtye4_channel_wrapper_inst/channel_inst/gtye4_channel_gen.gen_gtye4_channel_inst[0].GTYE4_CHANNEL_PRIM_INST' has TXPLLCLKSEL pins that are not constant, so the corresponding mux will select the input(s) having the worst case (highest frequency) clock(s) for automatic derivation of generated clocks
WARNING: [Timing 38-277] The instance 'qsfp_1_phy_quad_inst/phy4.eth_xcvr_phy_4/xcvr_gty.eth_xcvr_gty_channel_inst/inst/gen_gtwizard_gtye4_top.eth_xcvr_gty_channel_gtwizard_gtye4_inst/gen_gtwizard_gtye4.gen_channel_container[0].gen_enabled_channel.gtye4_channel_wrapper_inst/channel_inst/gtye4_channel_gen.gen_gtye4_channel_inst[0].GTYE4_CHANNEL_PRIM_INST' has RXPLLCLKSEL pins that are not constant, so the corresponding mux will select the input(s) having the worst case (highest frequency) clock(s) for automatic derivation of generated clocks
WARNING: [Timing 38-277] The instance 'qsfp_1_phy_quad_inst/phy4.eth_xcvr_phy_4/xcvr_gty.eth_xcvr_gty_channel_inst/inst/gen_gtwizard_gtye4_top.eth_xcvr_gty_channel_gtwizard_gtye4_inst/gen_gtwizard_gtye4.gen_channel_container[0].gen_enabled_channel.gtye4_channel_wrapper_inst/channel_inst/gtye4_channel_gen.gen_gtye4_channel_inst[0].GTYE4_CHANNEL_PRIM_INST' has TXPLLCLKSEL pins that are not constant, so the corresponding mux will select the input(s) having the worst case (highest frequency) clock(s) for automatic derivation of generated clocks
INFO: [DRC 23-133] Running Methodology with 8 threads
INFO: [Vivado_Tcl 2-1520] The results of Report Methodology are in file /home/keshav/Documents/Workspace/corundum/fpga/mqnic/ADM_PCIE_9V3/fpga_25g/fpga/fpga.runs/impl_1/fpga_methodology_drc_routed.rpt.
report_methodology completed successfully
report_methodology: Time (s): cpu = 00:01:01 ; elapsed = 00:00:12 . Memory (MB): peak = 6374.539 ; gain = 0.000 ; free physical = 40410 ; free virtual = 87347
INFO: [Vivado 12-24828] Executing command : report_timing_summary -max_paths 10 -routable_nets -report_unconstrained -file fpga_timing_summary_routed.rpt -pb fpga_timing_summary_routed.pb -rpx fpga_timing_summary_routed.rpx -warn_on_violation 
INFO: [Constraints 18-632] set_output_delay: No clock object specified, the clocks will be automatically identified [/home/keshav/Documents/Workspace/corundum/fpga/mqnic/ADM_PCIE_9V3/fpga_25g/fpga.xdc:38]
INFO: [Constraints 18-632] set_input_delay: No clock object specified, the clocks will be automatically identified [/home/keshav/Documents/Workspace/corundum/fpga/mqnic/ADM_PCIE_9V3/fpga_25g/fpga.xdc:45]
INFO: [Constraints 18-632] set_output_delay: No clock object specified, the clocks will be automatically identified [/home/keshav/Documents/Workspace/corundum/fpga/mqnic/ADM_PCIE_9V3/fpga_25g/fpga.xdc:108]
INFO: [Constraints 18-632] set_input_delay: No clock object specified, the clocks will be automatically identified [/home/keshav/Documents/Workspace/corundum/fpga/mqnic/ADM_PCIE_9V3/fpga_25g/fpga.xdc:110]
INFO: [Constraints 18-632] set_output_delay: No clock object specified, the clocks will be automatically identified [/home/keshav/Documents/Workspace/corundum/fpga/mqnic/ADM_PCIE_9V3/fpga_25g/fpga.xdc:113]
INFO: [Constraints 18-632] set_input_delay: No clock object specified, the clocks will be automatically identified [/home/keshav/Documents/Workspace/corundum/fpga/mqnic/ADM_PCIE_9V3/fpga_25g/fpga.xdc:115]
INFO: [Constraints 18-632] set_output_delay: No clock object specified, the clocks will be automatically identified [/home/keshav/Documents/Workspace/corundum/fpga/mqnic/ADM_PCIE_9V3/fpga_25g/fpga.xdc:123]
INFO: [Constraints 18-632] set_input_delay: No clock object specified, the clocks will be automatically identified [/home/keshav/Documents/Workspace/corundum/fpga/mqnic/ADM_PCIE_9V3/fpga_25g/fpga.xdc:125]
INFO: [Constraints 18-632] set_input_delay: No clock object specified, the clocks will be automatically identified [/home/keshav/Documents/Workspace/corundum/fpga/mqnic/ADM_PCIE_9V3/fpga_25g/fpga.xdc:204]
INFO: [Constraints 18-632] set_output_delay: No clock object specified, the clocks will be automatically identified [/home/keshav/Documents/Workspace/corundum/fpga/mqnic/ADM_PCIE_9V3/fpga_25g/fpga.xdc:490]
INFO: [Constraints 18-632] set_input_delay: No clock object specified, the clocks will be automatically identified [/home/keshav/Documents/Workspace/corundum/fpga/mqnic/ADM_PCIE_9V3/fpga_25g/fpga.xdc:492]
INFO: [Timing 38-35] Done setting XDC timing constraints.
WARNING: [Timing 38-277] The instance 'qsfp_0_phy_quad_inst/phy1.eth_xcvr_phy_1/xcvr_gty_com_usp.eth_xcvr_gty_full_inst/inst/gen_gtwizard_gtye4_top.eth_xcvr_gty_full_gtwizard_gtye4_inst/gen_gtwizard_gtye4.gen_channel_container[0].gen_enabled_channel.gtye4_channel_wrapper_inst/channel_inst/gtye4_channel_gen.gen_gtye4_channel_inst[0].GTYE4_CHANNEL_PRIM_INST' has RXPLLCLKSEL pins that are not constant, so the corresponding mux will select the input(s) having the worst case (highest frequency) clock(s) for automatic derivation of generated clocks
WARNING: [Timing 38-277] The instance 'qsfp_0_phy_quad_inst/phy1.eth_xcvr_phy_1/xcvr_gty_com_usp.eth_xcvr_gty_full_inst/inst/gen_gtwizard_gtye4_top.eth_xcvr_gty_full_gtwizard_gtye4_inst/gen_gtwizard_gtye4.gen_channel_container[0].gen_enabled_channel.gtye4_channel_wrapper_inst/channel_inst/gtye4_channel_gen.gen_gtye4_channel_inst[0].GTYE4_CHANNEL_PRIM_INST' has TXPLLCLKSEL pins that are not constant, so the corresponding mux will select the input(s) having the worst case (highest frequency) clock(s) for automatic derivation of generated clocks
WARNING: [Timing 38-277] The instance 'qsfp_0_phy_quad_inst/phy2.eth_xcvr_phy_2/xcvr_gty.eth_xcvr_gty_channel_inst/inst/gen_gtwizard_gtye4_top.eth_xcvr_gty_channel_gtwizard_gtye4_inst/gen_gtwizard_gtye4.gen_channel_container[0].gen_enabled_channel.gtye4_channel_wrapper_inst/channel_inst/gtye4_channel_gen.gen_gtye4_channel_inst[0].GTYE4_CHANNEL_PRIM_INST' has RXPLLCLKSEL pins that are not constant, so the corresponding mux will select the input(s) having the worst case (highest frequency) clock(s) for automatic derivation of generated clocks
WARNING: [Timing 38-277] The instance 'qsfp_0_phy_quad_inst/phy2.eth_xcvr_phy_2/xcvr_gty.eth_xcvr_gty_channel_inst/inst/gen_gtwizard_gtye4_top.eth_xcvr_gty_channel_gtwizard_gtye4_inst/gen_gtwizard_gtye4.gen_channel_container[0].gen_enabled_channel.gtye4_channel_wrapper_inst/channel_inst/gtye4_channel_gen.gen_gtye4_channel_inst[0].GTYE4_CHANNEL_PRIM_INST' has TXPLLCLKSEL pins that are not constant, so the corresponding mux will select the input(s) having the worst case (highest frequency) clock(s) for automatic derivation of generated clocks
WARNING: [Timing 38-277] The instance 'qsfp_0_phy_quad_inst/phy3.eth_xcvr_phy_3/xcvr_gty.eth_xcvr_gty_channel_inst/inst/gen_gtwizard_gtye4_top.eth_xcvr_gty_channel_gtwizard_gtye4_inst/gen_gtwizard_gtye4.gen_channel_container[0].gen_enabled_channel.gtye4_channel_wrapper_inst/channel_inst/gtye4_channel_gen.gen_gtye4_channel_inst[0].GTYE4_CHANNEL_PRIM_INST' has RXPLLCLKSEL pins that are not constant, so the corresponding mux will select the input(s) having the worst case (highest frequency) clock(s) for automatic derivation of generated clocks
WARNING: [Timing 38-277] The instance 'qsfp_0_phy_quad_inst/phy3.eth_xcvr_phy_3/xcvr_gty.eth_xcvr_gty_channel_inst/inst/gen_gtwizard_gtye4_top.eth_xcvr_gty_channel_gtwizard_gtye4_inst/gen_gtwizard_gtye4.gen_channel_container[0].gen_enabled_channel.gtye4_channel_wrapper_inst/channel_inst/gtye4_channel_gen.gen_gtye4_channel_inst[0].GTYE4_CHANNEL_PRIM_INST' has TXPLLCLKSEL pins that are not constant, so the corresponding mux will select the input(s) having the worst case (highest frequency) clock(s) for automatic derivation of generated clocks
WARNING: [Timing 38-277] The instance 'qsfp_0_phy_quad_inst/phy4.eth_xcvr_phy_4/xcvr_gty.eth_xcvr_gty_channel_inst/inst/gen_gtwizard_gtye4_top.eth_xcvr_gty_channel_gtwizard_gtye4_inst/gen_gtwizard_gtye4.gen_channel_container[0].gen_enabled_channel.gtye4_channel_wrapper_inst/channel_inst/gtye4_channel_gen.gen_gtye4_channel_inst[0].GTYE4_CHANNEL_PRIM_INST' has RXPLLCLKSEL pins that are not constant, so the corresponding mux will select the input(s) having the worst case (highest frequency) clock(s) for automatic derivation of generated clocks
WARNING: [Timing 38-277] The instance 'qsfp_0_phy_quad_inst/phy4.eth_xcvr_phy_4/xcvr_gty.eth_xcvr_gty_channel_inst/inst/gen_gtwizard_gtye4_top.eth_xcvr_gty_channel_gtwizard_gtye4_inst/gen_gtwizard_gtye4.gen_channel_container[0].gen_enabled_channel.gtye4_channel_wrapper_inst/channel_inst/gtye4_channel_gen.gen_gtye4_channel_inst[0].GTYE4_CHANNEL_PRIM_INST' has TXPLLCLKSEL pins that are not constant, so the corresponding mux will select the input(s) having the worst case (highest frequency) clock(s) for automatic derivation of generated clocks
WARNING: [Timing 38-277] The instance 'qsfp_1_phy_quad_inst/phy1.eth_xcvr_phy_1/xcvr_gty_com_usp.eth_xcvr_gty_full_inst/inst/gen_gtwizard_gtye4_top.eth_xcvr_gty_full_gtwizard_gtye4_inst/gen_gtwizard_gtye4.gen_channel_container[0].gen_enabled_channel.gtye4_channel_wrapper_inst/channel_inst/gtye4_channel_gen.gen_gtye4_channel_inst[0].GTYE4_CHANNEL_PRIM_INST' has RXPLLCLKSEL pins that are not constant, so the corresponding mux will select the input(s) having the worst case (highest frequency) clock(s) for automatic derivation of generated clocks
WARNING: [Timing 38-277] The instance 'qsfp_1_phy_quad_inst/phy1.eth_xcvr_phy_1/xcvr_gty_com_usp.eth_xcvr_gty_full_inst/inst/gen_gtwizard_gtye4_top.eth_xcvr_gty_full_gtwizard_gtye4_inst/gen_gtwizard_gtye4.gen_channel_container[0].gen_enabled_channel.gtye4_channel_wrapper_inst/channel_inst/gtye4_channel_gen.gen_gtye4_channel_inst[0].GTYE4_CHANNEL_PRIM_INST' has TXPLLCLKSEL pins that are not constant, so the corresponding mux will select the input(s) having the worst case (highest frequency) clock(s) for automatic derivation of generated clocks
WARNING: [Timing 38-277] The instance 'qsfp_1_phy_quad_inst/phy2.eth_xcvr_phy_2/xcvr_gty.eth_xcvr_gty_channel_inst/inst/gen_gtwizard_gtye4_top.eth_xcvr_gty_channel_gtwizard_gtye4_inst/gen_gtwizard_gtye4.gen_channel_container[0].gen_enabled_channel.gtye4_channel_wrapper_inst/channel_inst/gtye4_channel_gen.gen_gtye4_channel_inst[0].GTYE4_CHANNEL_PRIM_INST' has RXPLLCLKSEL pins that are not constant, so the corresponding mux will select the input(s) having the worst case (highest frequency) clock(s) for automatic derivation of generated clocks
WARNING: [Timing 38-277] The instance 'qsfp_1_phy_quad_inst/phy2.eth_xcvr_phy_2/xcvr_gty.eth_xcvr_gty_channel_inst/inst/gen_gtwizard_gtye4_top.eth_xcvr_gty_channel_gtwizard_gtye4_inst/gen_gtwizard_gtye4.gen_channel_container[0].gen_enabled_channel.gtye4_channel_wrapper_inst/channel_inst/gtye4_channel_gen.gen_gtye4_channel_inst[0].GTYE4_CHANNEL_PRIM_INST' has TXPLLCLKSEL pins that are not constant, so the corresponding mux will select the input(s) having the worst case (highest frequency) clock(s) for automatic derivation of generated clocks
WARNING: [Timing 38-277] The instance 'qsfp_1_phy_quad_inst/phy3.eth_xcvr_phy_3/xcvr_gty.eth_xcvr_gty_channel_inst/inst/gen_gtwizard_gtye4_top.eth_xcvr_gty_channel_gtwizard_gtye4_inst/gen_gtwizard_gtye4.gen_channel_container[0].gen_enabled_channel.gtye4_channel_wrapper_inst/channel_inst/gtye4_channel_gen.gen_gtye4_channel_inst[0].GTYE4_CHANNEL_PRIM_INST' has RXPLLCLKSEL pins that are not constant, so the corresponding mux will select the input(s) having the worst case (highest frequency) clock(s) for automatic derivation of generated clocks
WARNING: [Timing 38-277] The instance 'qsfp_1_phy_quad_inst/phy3.eth_xcvr_phy_3/xcvr_gty.eth_xcvr_gty_channel_inst/inst/gen_gtwizard_gtye4_top.eth_xcvr_gty_channel_gtwizard_gtye4_inst/gen_gtwizard_gtye4.gen_channel_container[0].gen_enabled_channel.gtye4_channel_wrapper_inst/channel_inst/gtye4_channel_gen.gen_gtye4_channel_inst[0].GTYE4_CHANNEL_PRIM_INST' has TXPLLCLKSEL pins that are not constant, so the corresponding mux will select the input(s) having the worst case (highest frequency) clock(s) for automatic derivation of generated clocks
WARNING: [Timing 38-277] The instance 'qsfp_1_phy_quad_inst/phy4.eth_xcvr_phy_4/xcvr_gty.eth_xcvr_gty_channel_inst/inst/gen_gtwizard_gtye4_top.eth_xcvr_gty_channel_gtwizard_gtye4_inst/gen_gtwizard_gtye4.gen_channel_container[0].gen_enabled_channel.gtye4_channel_wrapper_inst/channel_inst/gtye4_channel_gen.gen_gtye4_channel_inst[0].GTYE4_CHANNEL_PRIM_INST' has RXPLLCLKSEL pins that are not constant, so the corresponding mux will select the input(s) having the worst case (highest frequency) clock(s) for automatic derivation of generated clocks
WARNING: [Timing 38-277] The instance 'qsfp_1_phy_quad_inst/phy4.eth_xcvr_phy_4/xcvr_gty.eth_xcvr_gty_channel_inst/inst/gen_gtwizard_gtye4_top.eth_xcvr_gty_channel_gtwizard_gtye4_inst/gen_gtwizard_gtye4.gen_channel_container[0].gen_enabled_channel.gtye4_channel_wrapper_inst/channel_inst/gtye4_channel_gen.gen_gtye4_channel_inst[0].GTYE4_CHANNEL_PRIM_INST' has TXPLLCLKSEL pins that are not constant, so the corresponding mux will select the input(s) having the worst case (highest frequency) clock(s) for automatic derivation of generated clocks
INFO: [Timing 38-91] UpdateTimingParams: Speed grade: -2, Temperature grade: E, Delay Type: min_max.
INFO: [Timing 38-191] Multithreading enabled for timing update using a maximum of 8 CPUs
WARNING: [Timing 38-436] There are set_bus_skew constraint(s) in this design. Please run report_bus_skew to ensure that bus skew requirements are met.
report_timing_summary: Time (s): cpu = 00:00:25 ; elapsed = 00:00:10 . Memory (MB): peak = 6374.539 ; gain = 0.000 ; free physical = 40420 ; free virtual = 87407
INFO: [Vivado 12-24838] Running report commands "report_bus_skew, report_incremental_reuse, report_route_status" in parallel.
Running report generation with 3 threads.
INFO: [Vivado 12-24828] Executing command : report_incremental_reuse -file fpga_incremental_reuse_routed.rpt
INFO: [Vivado_Tcl 4-1062] Incremental flow is disabled. No incremental reuse Info to report.
INFO: [Vivado 12-24828] Executing command : report_bus_skew -warn_on_violation -file fpga_bus_skew_routed.rpt -pb fpga_bus_skew_routed.pb -rpx fpga_bus_skew_routed.rpx
INFO: [Timing 38-91] UpdateTimingParams: Speed grade: -2, Temperature grade: E, Delay Type: min_max.
INFO: [Timing 38-191] Multithreading enabled for timing update using a maximum of 8 CPUs
INFO: [Vivado 12-24828] Executing command : report_route_status -file fpga_route_status.rpt -pb fpga_route_status.pb
INFO: [Vivado 12-24828] Executing command : report_power -file fpga_power_routed.rpt -pb fpga_power_summary_routed.pb -rpx fpga_power_routed.rpx
Command: report_power -file fpga_power_routed.rpt -pb fpga_power_summary_routed.pb -rpx fpga_power_routed.rpx
Running Vector-less Activity Propagation...

Finished Running Vector-less Activity Propagation
WARNING: [Power 33-332] Found switching activity that implies high-fanout reset nets being asserted for excessive periods of time which may result in inaccurate power analysis.
Resolution: To review and fix problems, please run Power Constraints Advisor in the GUI from Tools > Power Constraints Advisor or run report_power with the -advisory option to generate a text report.
264 Infos, 168 Warnings, 0 Critical Warnings and 0 Errors encountered.
report_power completed successfully
report_power: Time (s): cpu = 00:00:31 ; elapsed = 00:00:14 . Memory (MB): peak = 6414.559 ; gain = 40.020 ; free physical = 40391 ; free virtual = 87400
INFO: [Vivado 12-24828] Executing command : report_clock_utilization -file fpga_clock_utilization_routed.rpt
report_clock_utilization: Time (s): cpu = 00:00:05 ; elapsed = 00:00:05 . Memory (MB): peak = 6414.559 ; gain = 0.000 ; free physical = 40392 ; free virtual = 87400
generate_parallel_reports: Time (s): cpu = 00:02:18 ; elapsed = 00:00:46 . Memory (MB): peak = 6414.559 ; gain = 40.020 ; free physical = 40392 ; free virtual = 87400
INFO: [Timing 38-480] Writing timing data to binary archive.
Wrote PlaceDB: Time (s): cpu = 00:00:00 ; elapsed = 00:00:00 . Memory (MB): peak = 6414.559 ; gain = 0.000 ; free physical = 40401 ; free virtual = 87412
Wrote PulsedLatchDB: Time (s): cpu = 00:00:00 ; elapsed = 00:00:00 . Memory (MB): peak = 6414.559 ; gain = 0.000 ; free physical = 40401 ; free virtual = 87412
Writing XDEF routing.
Writing XDEF routing logical nets.
Write ShapeDB Complete: Time (s): cpu = 00:00:01 ; elapsed = 00:00:00.23 . Memory (MB): peak = 6414.559 ; gain = 0.000 ; free physical = 40341 ; free virtual = 87409
Writing XDEF routing special nets.
Wrote RouteStorage: Time (s): cpu = 00:00:04 ; elapsed = 00:00:00.73 . Memory (MB): peak = 6414.559 ; gain = 0.000 ; free physical = 40297 ; free virtual = 87419
Wrote PlaceStorage: Time (s): cpu = 00:00:04 ; elapsed = 00:00:02 . Memory (MB): peak = 6414.559 ; gain = 0.000 ; free physical = 40170 ; free virtual = 87373
Wrote Netlist Cache: Time (s): cpu = 00:00:00.07 ; elapsed = 00:00:00.08 . Memory (MB): peak = 6414.559 ; gain = 0.000 ; free physical = 40200 ; free virtual = 87406
Wrote Device Cache: Time (s): cpu = 00:00:00.01 ; elapsed = 00:00:00.01 . Memory (MB): peak = 6414.559 ; gain = 0.000 ; free physical = 40199 ; free virtual = 87409
Write Physdb Complete: Time (s): cpu = 00:00:08 ; elapsed = 00:00:03 . Memory (MB): peak = 6414.559 ; gain = 0.000 ; free physical = 40185 ; free virtual = 87398
INFO: [Common 17-1381] The checkpoint '/home/keshav/Documents/Workspace/corundum/fpga/mqnic/ADM_PCIE_9V3/fpga_25g/fpga/fpga.runs/impl_1/fpga_routed.dcp' has been generated.
write_checkpoint: Time (s): cpu = 00:00:18 ; elapsed = 00:00:13 . Memory (MB): peak = 6414.559 ; gain = 0.000 ; free physical = 40285 ; free virtual = 87348
INFO: [Common 17-206] Exiting Vivado at Wed Sep 30 21:26:12 2026...
[Wed Sep 30 21:26:13 2026] impl_1 finished
wait_on_runs: Time (s): cpu = 00:23:18 ; elapsed = 00:09:27 . Memory (MB): peak = 1734.805 ; gain = 0.000 ; free physical = 45224 ; free virtual = 92286
# open_run impl_1
INFO: [Device 21-403] Loading part xcvu3p-ffvc1517-2-e
Netlist sorting complete. Time (s): cpu = 00:00:00.35 ; elapsed = 00:00:00.35 . Memory (MB): peak = 2796.316 ; gain = 0.000 ; free physical = 44235 ; free virtual = 91277
INFO: [Netlist 29-17] Analyzing 4395 Unisim elements for replacement
INFO: [Netlist 29-28] Unisim Transformation completed in 0 CPU seconds
INFO: [Project 1-479] Netlist was created with Vivado 2026.1
INFO: [Project 1-570] Preparing netlist for logic optimization
Read ShapeDB Complete: Time (s): cpu = 00:00:00.21 ; elapsed = 00:00:00.22 . Memory (MB): peak = 3248.754 ; gain = 32.750 ; free physical = 43769 ; free virtual = 90811
INFO: [Timing 38-478] Restoring timing data from binary archive.
INFO: [Timing 38-479] Binary timing data restore complete.
INFO: [Project 1-856] Restoring constraints from binary archive.
INFO: [Project 1-853] Binary constraint restore complete.
INFO: [Power 33-23] Power model is not available for startupe3_inst
INFO: [Designutils 20-5722] Start Reading Physical Databases.
Reading placement.
Read Netlist Cache: Time (s): cpu = 00:00:00.06 ; elapsed = 00:00:00.06 . Memory (MB): peak = 5060.719 ; gain = 0.000 ; free physical = 42225 ; free virtual = 89262
Reading placer database...
Read Device Cache: Time (s): cpu = 00:00:00.02 ; elapsed = 00:00:00.01 . Memory (MB): peak = 5060.719 ; gain = 0.000 ; free physical = 42225 ; free virtual = 89262
Read PlaceDB: Time (s): cpu = 00:00:00 ; elapsed = 00:00:00 . Memory (MB): peak = 5060.719 ; gain = 0.000 ; free physical = 42225 ; free virtual = 89262
Read placeStorage: Time (s): cpu = 00:00:02 ; elapsed = 00:00:02 . Memory (MB): peak = 5060.719 ; gain = 0.000 ; free physical = 42212 ; free virtual = 89255
Read PulsedLatchDB: Time (s): cpu = 00:00:00 ; elapsed = 00:00:00 . Memory (MB): peak = 5060.719 ; gain = 0.000 ; free physical = 42212 ; free virtual = 89255
Reading routing.
Read RouteStorage: Time (s): cpu = 00:00:02 ; elapsed = 00:00:00.53 . Memory (MB): peak = 5060.719 ; gain = 0.000 ; free physical = 42183 ; free virtual = 89226
Read Physdb Files: Time (s): cpu = 00:00:03 ; elapsed = 00:00:02 . Memory (MB): peak = 5060.719 ; gain = 0.000 ; free physical = 42187 ; free virtual = 89230
Restored from archive | CPU: 3.660000 secs | Memory: 140.267601 MB |
Finished XDEF File Restore: Time (s): cpu = 00:00:04 ; elapsed = 00:00:02 . Memory (MB): peak = 5060.719 ; gain = 0.000 ; free physical = 42183 ; free virtual = 89231
Netlist sorting complete. Time (s): cpu = 00:00:00.01 ; elapsed = 00:00:00.01 . Memory (MB): peak = 5060.719 ; gain = 0.000 ; free physical = 42167 ; free virtual = 89216
INFO: [Project 1-111] Unisim Transformation Summary:
  A total of 1519 instances were transformed.
  IBUF => IBUF (IBUFCTRL, INBUF): 4 instances
  IBUFGDS => IBUFDS (DIFFINBUF, IBUFCTRL): 1 instance 
  IOBUF => IOBUF (IBUFCTRL, INBUF, OBUFT): 8 instances
  OBUFTDS => OBUFTDS_DUAL_BUF (INV, OBUFT(x2)): 2 instances
  RAM256X1D => RAM256X1D (MUXF7(x4), MUXF8(x2), RAMD64E(x8)): 14 instances
  RAM256X1S => RAM256X1S (MUXF7(x2), MUXF8, RAMS64E(x4)): 4 instances
  RAM32M => RAM32M (RAMD32(x6), RAMS32(x2)): 39 instances
  RAM32M16 => RAM32M16 (RAMD32(x14), RAMS32(x2)): 1058 instances
  RAM32X1D => RAM32X1D (RAMD32(x2)): 181 instances
  RAM32X1S => RAM32X1S (RAMS32): 48 instances
  RAM64M => RAM64M (RAMD64E(x4)): 25 instances
  RAM64M8 => RAM64M8 (RAMD64E(x8)): 108 instances
  RAM64X1D => RAM64X1D (RAMD64E(x2)): 8 instances
  RAM64X1S => RAM64X1S (RAMS64E): 19 instances

open_run: Time (s): cpu = 00:00:43 ; elapsed = 00:00:29 . Memory (MB): peak = 5060.719 ; gain = 3325.914 ; free physical = 42167 ; free virtual = 89215
# report_utilization -file fpga_utilization.rpt
# report_utilization -hierarchical -file fpga_utilization_hierarchical.rpt
INFO: [Common 17-206] Exiting Vivado at Wed Sep 30 21:26:45 2026...
echo "open_project fpga.xpr" > generate_bit.tcl
echo "open_run impl_1" >> generate_bit.tcl
echo "write_bitstream -force fpga.runs/impl_1/fpga.bit" >> generate_bit.tcl
echo "write_debug_probes -force fpga.runs/impl_1/fpga.ltx" >> generate_bit.tcl
vivado -nojournal -nolog -mode batch -source generate_bit.tcl
INFO: [Common 17-3922] A valid Vivado Design Suite ENTERPRISE license has been detected. Your current license is active and will expire on 20-nov-2026.

****** Vivado v2026.1 (64-bit)
  **** SW Build 6511674 on Tue Jun 16 11:01:26 MDT 2026
  **** IP Build 6504888 on Tue Jun 09 09:05:25 MDT 2026
  **** SharedData Build 6501428 on Mon Jun 08 17:34:18 MDT 2026
  **** Start of session at: Wed Sep 30 21:26:47 2026
    ** Copyright 1986-2022 Xilinx, Inc. All Rights Reserved.
    ** Copyright 2022-2026 Advanced Micro Devices, Inc. All Rights Reserved.

source generate_bit.tcl
# open_project fpga.xpr
Scanning sources...
Finished scanning sources
WARNING: [Project 1-5713] Board part '' set for the project  is not found. BoardPart property will be unset. Please select board from latest repo build 
INFO: [IP_Flow 19-234] Refreshing IP repositories
INFO: [IP_Flow 19-1704] No user IP repositories specified
INFO: [IP_Flow 19-2313] Loaded Vivado IP repository '/home/keshav/Xilinx/2026.1/data/ip'.
# open_run impl_1
INFO: [Device 21-403] Loading part xcvu3p-ffvc1517-2-e
Netlist sorting complete. Time (s): cpu = 00:00:00.34 ; elapsed = 00:00:00.35 . Memory (MB): peak = 2791.910 ; gain = 0.000 ; free physical = 44215 ; free virtual = 91255
INFO: [Netlist 29-17] Analyzing 4395 Unisim elements for replacement
INFO: [Netlist 29-28] Unisim Transformation completed in 0 CPU seconds
INFO: [Project 1-479] Netlist was created with Vivado 2026.1
INFO: [Project 1-570] Preparing netlist for logic optimization
Read ShapeDB Complete: Time (s): cpu = 00:00:00.22 ; elapsed = 00:00:00.23 . Memory (MB): peak = 3245.379 ; gain = 33.750 ; free physical = 43747 ; free virtual = 90787
INFO: [Timing 38-478] Restoring timing data from binary archive.
INFO: [Timing 38-479] Binary timing data restore complete.
INFO: [Project 1-856] Restoring constraints from binary archive.
INFO: [Project 1-853] Binary constraint restore complete.
INFO: [Power 33-23] Power model is not available for startupe3_inst
INFO: [Designutils 20-5722] Start Reading Physical Databases.
Reading placement.
Read Netlist Cache: Time (s): cpu = 00:00:00.14 ; elapsed = 00:00:00.13 . Memory (MB): peak = 5056.383 ; gain = 0.000 ; free physical = 42194 ; free virtual = 89236
Reading placer database...
Read Device Cache: Time (s): cpu = 00:00:00.02 ; elapsed = 00:00:00.02 . Memory (MB): peak = 5056.383 ; gain = 0.000 ; free physical = 42187 ; free virtual = 89235
Read PlaceDB: Time (s): cpu = 00:00:00 ; elapsed = 00:00:00 . Memory (MB): peak = 5056.383 ; gain = 0.000 ; free physical = 42187 ; free virtual = 89235
Read placeStorage: Time (s): cpu = 00:00:02 ; elapsed = 00:00:02 . Memory (MB): peak = 5056.383 ; gain = 0.000 ; free physical = 42172 ; free virtual = 89216
Read PulsedLatchDB: Time (s): cpu = 00:00:00 ; elapsed = 00:00:00 . Memory (MB): peak = 5056.383 ; gain = 0.000 ; free physical = 42171 ; free virtual = 89216
Reading routing.
Read RouteStorage: Time (s): cpu = 00:00:04 ; elapsed = 00:00:01 . Memory (MB): peak = 5056.383 ; gain = 0.000 ; free physical = 42180 ; free virtual = 89228
Read Physdb Files: Time (s): cpu = 00:00:06 ; elapsed = 00:00:04 . Memory (MB): peak = 5056.383 ; gain = 0.000 ; free physical = 42180 ; free virtual = 89228
Restored from archive | CPU: 6.820000 secs | Memory: 140.267601 MB |
Finished XDEF File Restore: Time (s): cpu = 00:00:07 ; elapsed = 00:00:04 . Memory (MB): peak = 5056.383 ; gain = 0.000 ; free physical = 42185 ; free virtual = 89229
Netlist sorting complete. Time (s): cpu = 00:00:00.02 ; elapsed = 00:00:00.02 . Memory (MB): peak = 5056.383 ; gain = 0.000 ; free physical = 42151 ; free virtual = 89195
INFO: [Project 1-111] Unisim Transformation Summary:
  A total of 1519 instances were transformed.
  IBUF => IBUF (IBUFCTRL, INBUF): 4 instances
  IBUFGDS => IBUFDS (DIFFINBUF, IBUFCTRL): 1 instance 
  IOBUF => IOBUF (IBUFCTRL, INBUF, OBUFT): 8 instances
  OBUFTDS => OBUFTDS_DUAL_BUF (INV, OBUFT(x2)): 2 instances
  RAM256X1D => RAM256X1D (MUXF7(x4), MUXF8(x2), RAMD64E(x8)): 14 instances
  RAM256X1S => RAM256X1S (MUXF7(x2), MUXF8, RAMS64E(x4)): 4 instances
  RAM32M => RAM32M (RAMD32(x6), RAMS32(x2)): 39 instances
  RAM32M16 => RAM32M16 (RAMD32(x14), RAMS32(x2)): 1058 instances
  RAM32X1D => RAM32X1D (RAMD32(x2)): 181 instances
  RAM32X1S => RAM32X1S (RAMS32): 48 instances
  RAM64M => RAM64M (RAMD64E(x4)): 25 instances
  RAM64M8 => RAM64M8 (RAMD64E(x8)): 108 instances
  RAM64X1D => RAM64X1D (RAMD64E(x2)): 8 instances
  RAM64X1S => RAM64X1S (RAMS64E): 19 instances

open_run: Time (s): cpu = 00:01:26 ; elapsed = 00:00:39 . Memory (MB): peak = 5056.383 ; gain = 3320.746 ; free physical = 42154 ; free virtual = 89196
# write_bitstream -force fpga.runs/impl_1/fpga.bit
Command: write_bitstream -force fpga.runs/impl_1/fpga.bit
Attempting to get a license for feature 'Implementation' and/or device 'xcvu3p'
INFO: [Common 17-349] Got license for feature 'Implementation' and/or device 'xcvu3p'
Running DRC as a precondition to command write_bitstream
INFO: [IP_Flow 19-1839] IP Catalog is up to date.
INFO: [DRC 23-27] Running DRC with 8 threads
INFO: [Vivado 12-3199] DRC finished with 0 Errors
INFO: [Vivado 12-3200] Please refer to the DRC report (report_drc) for more information.
Integrating Hard IP ELF/MEM with the PDI.
INFO: [Designutils 20-2272] Running write_bitstream with 8 threads.
Initializing bitstream generation complete. Time (s): cpu = 00:00:00.28 ; elapsed = 00:00:00.29 . Memory (MB): peak = 5380.539 ; gain = 0.000 ; free physical = 41884 ; free virtual = 88928
Loading data files...
Loading site data...
Loading route data...
Processing options...
Creating bitmap...
Creating bitstream...
Bitstream compression saved 75823072 bits.
Writing bitstream fpga.runs/impl_1/fpga.bit...
Generate Bitstream complete. Time (s): cpu = 00:02:16 ; elapsed = 00:01:13 . Memory (MB): peak = 5811.586 ; gain = 431.047 ; free physical = 41469 ; free virtual = 88531
INFO: [Vivado 12-1842] Bitgen Completed Successfully.
INFO: [Common 17-83] Releasing license: Implementation
8 Infos, 0 Warnings, 0 Critical Warnings and 0 Errors encountered.
write_bitstream completed successfully
write_bitstream: Time (s): cpu = 00:02:45 ; elapsed = 00:01:48 . Memory (MB): peak = 5811.691 ; gain = 755.309 ; free physical = 41468 ; free virtual = 88526
# write_debug_probes -force fpga.runs/impl_1/fpga.ltx
INFO: [Chipscope 16-244] No debug cores were found in this design.
INFO: [Common 17-206] Exiting Vivado at Wed Sep 30 21:29:16 2026...
ln -f -s fpga.runs/impl_1/fpga.bit .
if [ -e fpga.runs/impl_1/fpga.ltx ]; then ln -f -s fpga.runs/impl_1/fpga.ltx .; fi
mkdir -p rev
COUNT=100; \
while [ -e rev/fpga_rev$COUNT.bit ]; \
do COUNT=$((COUNT+1)); done; \
cp -pv fpga.runs/impl_1/fpga.bit rev/fpga_rev$COUNT.bit; \
if [ -e fpga.runs/impl_1/fpga.ltx ]; then cp -pv fpga.runs/impl_1/fpga.ltx rev/fpga_rev$COUNT.ltx; fi
'fpga.runs/impl_1/fpga.bit' -> 'rev/fpga_rev100.bit'
